,S.No,date,startup name,Industry Vertical,SubVertical,City  Location,InvestmentnType,Rupees in crore,Investor Name,investor_cleaned,year,month
0,0,2020-01-09,BYJU'S,E-Tech,E-learning,Bengaluru,Private Equity Round,1884.0,tiger global,ping an global voyager fund,2020,January
1,1,2020-01-13,Shuttl,Transportation,App based shuttle service,Gurgaon,Series C,75.81587148000001,susquehanna growth equity,susquehanna growth equity llc,2020,January
2,2,2020-01-09,Mamaearth,E-commerce,Retailer of baby and toddler products,Bengaluru,Series B,172.9404612,sequoia capital,quona capital,2020,January
3,3,2020-01-02,wealthbucket,FinTech,Online Investment,New Delhi,Pre-series A,28.26,vinod khatumal,vinod khatumal,2020,January
4,4,2020-01-02,Fashor,Fashion and Apparel,Embroiled Clothes For Women,Mumbai,Seed Round,16.956,sprout venture partners,sprout venture partners  others,2020,January
5,5,2020-01-13,Pando,Logistics,"Open-market, freight management platform",Chennai,Series A,84.78,chiratae ventures,chiratae ventures formerly idg ventures,2020,January
6,6,2020-01-10,Zomato,Hospitality,Online Food Delivery Platform,Gurgaon,Private Equity Round,1413.0,ant financial,ant financials,2020,January
7,7,2019-12-12,Ecozen,Technology,Agritech,Pune,Series A,56.52,sathguru catalyzer advisors,blinc advisors,2019,December
8,8,2019-12-06,CarDekho,E-Commerce,Automobile,Gurgaon,Series D,659.4,ping an global voyager fund,tiger global,2019,December
9,9,2019-12-03,Dhruva Space,Aerospace,Satellite Communication,Bengaluru,Seed,471.0,mumbai angels,mumbai angel,2019,December
10,10,2019-12-03,Dhruva Space,Aerospace,Satellite Communication,Bengaluru,Seed,471.0,ravikanth reddy,amrendra reddy  manish satnaliwala,2019,December
11,11,2019-12-13,Rivigo,Technology,Logistics Services and Solutions,Gurgaon,Series F,188.4,saif partners,saif partners  lgt impact ventures,2019,December
12,12,2019-12-13,Rivigo,Technology,Logistics Services and Solutions,Gurgaon,Series F,188.4,spring canter investment ltd,pine labs pte ltd,2019,December
13,13,2019-12-17,Healthians,B2B-focused foodtech startup,Food Solutions For Corporate,Bengaluru,Series C,113.04,paytm,m,2019,December
14,14,2019-12-17,Healthians,B2B-focused foodtech startup,Food Solutions For Corporate,Bengaluru,Series C,113.04,nptk,nptk,2019,December
15,15,2019-12-17,Healthians,B2B-focused foodtech startup,Food Solutions For Corporate,Bengaluru,Series C,113.04,sabre partners  neoplux,sabre partners,2019,December
16,16,2019-12-16,Licious,E-Commerce,Online Meat And Seafood Ordering Startup,Bengaluru,Series E,282.6,vertex growth fund,ping an global voyager fund,2019,December
17,17,2019-12-16,InCred,Finance,Non-Banking Financial Company,Mumbai,Debt Funding,55.578,undisclosed,undisclosed,2019,December
18,18,2019-12-14,Trell,Video,Experience Discovery Platform,Bengaluru,Seed Round,18.84,ruizheng investment,alphabets growth investment arm capital g  axis bank,2019,December
19,19,2019-12-11,Rein Games,Gaming,Real money based gaming startup,Noida,Seed Round,471.0,manipal education  medical group memg,cdc group,2019,December
20,20,2019-12-20,Lenskart.com,E-Commerce,Online Eyewear Shopping Portal,Faridabad,Series G,2176.02,softbank,softbank,2019,December
21,21,2019-11-13,Freshworks,Software,Business and customer engagement tools,San Francisco,Series H,1413.0,sequoia capital,quona capital,2019,November
22,22,2019-11-13,Freshworks,Software,Business and customer engagement tools,San Francisco,Series H,1413.0,capitalg,capitalg,2019,November
23,23,2019-11-13,Freshworks,Software,Business and customer engagement tools,San Francisco,Series H,1413.0,accel,accel,2019,November
24,24,2019-11-14,Misters,Health and wellness,Men's Health and Wellness brand,Gurgaon,Series B,4.57812,saucevc,saucevc,2019,November
25,25,2019-11-14,Misters,Health and wellness,Men's Health and Wellness brand,Gurgaon,Series B,4.57812,rainforest ventures,rps ventures,2019,November
26,26,2019-11-13,Sunstone Eduversity Pvt. Ltd,Education,Elearning,Gurgaon,Seed,14.13,prime venture partners,prime venture partners  others,2019,November
27,27,2019-11-13,Sunstone Eduversity Pvt. Ltd,Education,Elearning,Gurgaon,Seed,14.13,letsventure,lets venture,2019,November
28,28,2019-11-13,Sunstone Eduversity Pvt. Ltd,Education,Elearning,Gurgaon,Seed,14.13,ps1 venture  globallogic cofounder rajul garg,rajul garg,2019,November
29,29,2019-11-17,Burger Singh,Food and Beverage,Indian Burger Brand,Gurgaon,Venture,0.0,rb investments,rb investments pte ltd,2019,November
30,30,2019-11-18,Healthians,Health and Wellness,Healthcare services,Gurgaon,Series B,113.04,dg daiwa ventures,ah ventures,2019,November
31,31,2019-11-18,Healthians,Health and Wellness,Healthcare services,Gurgaon,Series B,113.04,dg incubation,inc,2019,November
32,32,2019-11-15,Ninjacart,B2B Marketing,Agritech,Bengaluru,Debt Funding,244.92,trifecta capital advisors,trifecta capital advisors llp,2019,November
33,33,2019-11-20,Aye Finance,FinTech,Financial Services To MSMEs,Gurgaon,Debt Funding,164.0141163,fintech,fintech,2019,November
34,34,2019-11-12,SuperGaming,Video Games,Social gaming platform,Pune,Seed Funding,12.246,dream incubator,inc,2019,November
35,35,2019-11-20,Clumio,SaaS,Recovery software,"San Jose,",Series C,1271.7,altimeter capital,lok capital,2019,November
36,36,2019-11-20,Clumio,SaaS,Recovery software,"San Jose,",Series C,1271.7,sutter hill ventures,rps ventures,2019,November
37,37,2019-11-11,eBikeGo,Last Mile Transportation,Electric bike rental,Amritsar,Seed,2.826,startup buddy,startup equity partners,2019,November
38,38,2019-11-19,Digital Mall Asia,E-Commerce,Virtual e-commerce platform,Delhi,Seed Funding,2072.4,amour infrastructure,amour infrastructure,2019,November
39,39,2019-11-18,Medikabazaar,Healthcare,B2B platform for medical supplies,Mumbai,Series B,148.836,ackermans,ackermans,2019,November
40,40,2019-11-18,Medikabazaar,Healthcare,B2B platform for medical supplies,Mumbai,Series B,148.836,van haaren,pablo van den bosch,2019,November
41,41,2019-11-18,Medikabazaar,Healthcare,B2B platform for medical supplies,Mumbai,Series B,148.836,healthquad,healthsquad,2019,November
42,42,2019-11-18,Medikabazaar,Healthcare,B2B platform for medical supplies,Mumbai,Series B,148.836,rebright partners,redbright partners,2019,November
43,43,2019-11-18,Medikabazaar,Healthcare,B2B platform for medical supplies,Mumbai,Series B,148.836,toppan printing,toppan printing,2019,November
44,44,2019-11-15,Vogo Automotive,Last Mile Transportation,Scooter sharing app,Kormangala,Series B,2665.86,matrix partner,bessemer venture partner,2019,November
45,45,2019-11-15,Vogo Automotive,Last Mile Transportation,Scooter sharing app,Kormangala,Series B,2665.86,stellaris venture partners,stellaris venture partners  kalaari capital,2019,November
46,46,2019-11-15,Vogo Automotive,Last Mile Transportation,Scooter sharing app,Kormangala,Series B,2665.86,kalaari capital,romulus capital  kalaari capital,2019,November
47,47,2019-11-19,Furtados School of Music,Education,Music Education,Tulangan,,1884.0,indian angel network,india quotient  letsventures angel fund,2019,November
48,48,2019-11-25,Paytm,FinTech,Mobile Wallet,Noida,Funding Round,9420.0,vijay shekhar sharma,nishit sharma,2019,November
49,49,2019-10-04,Dunzo,Customer Service,Delivery Service,Bengaluru,Series D,423.9,lightbox,lightbox expansion fund,2019,October
50,50,2019-10-02,Udaan,B2B,Business development,Bengaluru,Series D,5510.7,altimeter capital,lok capital,2019,October
51,51,2019-10-02,Udaan,B2B,Business development,Bengaluru,Series D,5510.7,dst global,dst global  lightspeed venture partners global fund,2019,October
52,52,2019-09-05,FPL Technologies,FinTech,Financial Services,Pune,Maiden Round,42.39,matrix partner,bessemer venture partner,2019,September
53,53,2019-09-05,FPL Technologies,FinTech,Financial Services,Pune,Maiden Round,42.39,sequoia capital,quona capital,2019,September
54,54,2019-09-04,Cashflo,FinTech,Invoice discounting platform and SME lending marketplace,Mumbai,Series A,31.086,saif partners,saif partners  lgt impact ventures,2019,September
55,55,2019-09-04,Digital F5,"Advertising, Marketing",Digital marketing firm,Mumbai,Private Equity Round,56.52,tiw private equity,fs private equity,2019,September
56,56,2019-09-04,3rdFlix,SaaS,Education Technology,Hyderabad,pre-series A,47.1,exfinity venture partners,exfinity venture,2019,September
57,57,2019-09-04,75F,IoT,Building automation system,Burnsville,Series A,169.56,breakthrough energy ventures,chiratae ventures,2019,September
58,58,2019-09-04,Myelin Foundry,Information Technology,Deep-technology,Bengaluru,Seed,9.42,endiya partners,endiya partnersnn,2019,September
59,59,2019-09-04,Atomberg Technology,Consumer Technology,"Consumer Electronics, Home Appliances",Mumbai,Series A,94.2,a91 partners,sprout venture partners,2019,September
60,60,2019-09-04,GOQii,Health and Wellness,Wearable Fitness Bands,Menlo Park,Series C,4239.0,bennett coleman  company ltd bccl,coleman  company ltd bccl,2019,September
61,61,2019-09-03,Vyapar App,Accounting,Mobile-based Accounting Software,Bengaluru,Series A,47.1,india quotient,india quotient  letsventures angel fund,2019,September
62,62,2019-09-03,Vyapar App,Accounting,Mobile-based Accounting Software,Bengaluru,Series A,47.1,axilor ventures,axilor,2019,September
63,63,2019-08-01,CarDekho,E-Commerce,Automotive,Gurgaon,Series C,188.4,sc gg india mobility holdings llc,india quotient,2019,August
64,64,2019-08-01,Progcap,Finance,Supply Chain Management,New Delhi,Series A,47.1,sequoia capital,quona capital,2019,August
65,65,2019-08-01,MyPetrolPump,Retail,Fuel Delivery,Bengaluru,Seed Funding Round,15.072,undisclosed,undisclosed,2019,August
66,66,2019-08-01,Alteria Capital,Finance,VC Funds,Mumbai,Single Venture,1318.8,azim premji,azim premji,2019,August
67,67,2019-08-01,Alteria Capital,Finance,VC Funds,Mumbai,Single Venture,1318.8,binny bansal,bunny bansal,2019,August
68,68,2019-08-01,Pine Labs,Information Technology,Last-mile retail transaction technology,Noida,Corporate Round,358.7136,pine labs pte ltd,spring canter investment ltd,2019,August
69,69,2019-08-12,Meesho,E-Commerce,Social Commerce,Bengaluru,Series D,1177.5,naspers,nasper,2019,August
70,70,2019-08-13,Cars24,E-Commerce,Car Retail,Gurugram,Series D,103.62,ms dhoni,m,2019,August
71,71,2019-08-13,Uniphore,Customer Service Platform,Conversational AI,Palo Alto,Series C,480.42,march capital partners,march capital,2019,August
72,72,2019-08-23,Zendrive,Automotive,Road Safety Analytics,San Francisco,Series B,348.54,xl innovate,xl innovate,2019,August
73,73,2019-08-23,Lo! Foods,Consumer Goods,Low carb food for Diabetics,Bengaluru,Seed Round,4.71,rashmi daga founder,founder  chairman of career information portal careers360,2019,August
74,74,2019-08-23,Lo! Foods,Consumer Goods,Low carb food for Diabetics,Bengaluru,Seed Round,4.71,freshmenu,freshmenu,2019,August
75,75,2019-08-23,Lo! Foods,Consumer Goods,Low carb food for Diabetics,Bengaluru,Seed Round,4.71,raveen sastry cofounder,ps1 venture  globallogic cofounder rajul garg,2019,August
76,76,2019-08-23,Lo! Foods,Consumer Goods,Low carb food for Diabetics,Bengaluru,Seed Round,4.71,myntra  mitesh shah finance chief,mitesh shah,2019,August
77,77,2019-08-23,Lo! Foods,Consumer Goods,Low carb food for Diabetics,Bengaluru,Seed Round,4.71,bookmyshow,bookmyshow,2019,August
78,78,2019-08-23,Tala,FinTech,Digital Lending Platform,Santa Monica,Series D,1036.2,rps ventures,dst partners  rps ventures,2019,August
79,79,2019-08-22,INDwealth,FinTech,Wealth Management,Gurgaon,Venture Round,141.3,tiger global,ping an global voyager fund,2019,August
80,80,2019-08-21,HungerBox,Food and Beverage,B2B Foodtech,Bengaluru,Series C,62.0778,one97 communications ltd,one97 communication ltd,2019,August
81,81,2019-08-23,AdmitKard,EdTech,University Admissions,Noida,Seed Round,9.42,growth dna,susquehanna growth equity,2019,August
82,82,2019-08-19,Mishry Reviews,Services,Product Review,Gurgaon,Series A,0.0,vir sanghvi,ghv,2019,August
83,83,2019-08-19,Grofers,E-Commerce,Grocery Delivery,Gurgaon,Series F,659.4,softbank,softbank,2019,August
84,84,2019-08-27,Rapido Bike Taxi,Transportation,Bike Taxi,Bengaluru,Series B,36738.0,westbridge capital,westbridge capital partners,2019,August
85,85,2019-07-02,RenewBuy,Finance,Auto Insurance,Gurgaon,Series B,178.98,lok capital,leo capital,2019,July
86,86,2019-07-02,RenewBuy,Finance,Auto Insurance,Gurgaon,Series B,178.98,iifl wealth,iifl,2019,July
87,87,2019-07-02,Atlan,Information Technology,Big Data,Singapore,Pre-Series A,23.55,waterbridge ventures,waterbridge ventures  thinkuvate,2019,July
88,88,2019-07-01,WizCounsel,Compliance,Consulting,New Delhi,Angel,1.3659,kapil dev,il,2019,July
89,89,2019-07-03,Ola,Transport,Cabs,Kormangala,Series J,9.42,dig investment ab,spring canter investment ltd,2019,July
90,90,2019-07-03,Ola,Transport,Cabs,Kormangala,Series J,9.42,deshe holdings,sc gg india mobility holdings llc,2019,July
91,91,2019-07-03,Ola,Transport,Cabs,Kormangala,Series J,9.42,samih toukan  hussam khoury,samih toukan  hussam khoury,2019,July
92,92,2019-07-01,Uniphore,Artificial Intelligence,Speech Recognition,Taramani,Series C,358.7136,march capital partners,march capital,2019,July
93,93,2019-07-04,Daalchini Technologies,Food and Beverage,Digital Vending Machine,New Delhi,Seed Round,4.71,artha venture,sprout venture partners,2019,July
94,94,2019-07-10,BYJU'S,EdTech,Education,Bengaluru,Private Equity Round,1413.0,qatar investment authority,dig investment ab,2019,July
95,95,2019-07-11,Moglix,E-Commerce,Industrial Tools and Equipments,Singapore,Series D,565.2,composite capital management,js capital management,2019,July
96,96,2019-07-11,Moglix,E-Commerce,Industrial Tools and Equipments,Singapore,Series D,565.2,sequoia capital,quona capital,2019,July
97,97,2019-07-11,Moglix,E-Commerce,Industrial Tools and Equipments,Singapore,Series D,565.2,tiger global,ping an global voyager fund,2019,July
98,98,2019-07-10,Ezyhaul,Tech,Logistics,Singapore,Series B,150.72,undisclosed,undisclosed,2019,July
99,99,2019-07-10,Indus OS,Tech,Smartphone Operating System,Andheri,Series B,54.165,ventureast,ventureeast,2019,July
100,100,2019-07-10,HealthAssure,Health Care,Primary care medical network,Mumbai,Series A,23.55,blume ventures,blume ventures  rtp global,2019,July
101,101,2019-07-09,House of Msasaba,Luxury Label,Clothes and Apparel,Mumbai,Series A,9.42,binny bansal,bunny bansal,2019,July
102,102,2019-07-08,Board Infinity,EdTech,Full-stack career platform,Chembur,Angel Round,3.0106791,multiple angel investors,multiple investors,2019,July
103,103,2019-06-05,NoBroker,E-Commerce,Real Estate,Bengaluru,Series C,480.42,general atlantic,general catalyst partners,2019,June
104,104,2019-06-04,Bira91,Food and Beverage,Brewery,New Delhi,Debt Funding,94.2,anicut capital,amicus capital,2019,June
105,105,2019-06-03,Avail Finance,Finance,FinTech,Bengaluru,Series A,84.78,matrix partner,bessemer venture partner,2019,June
106,106,2019-06-04,BharatPe,Finance,FinTech,New Delhi,Series B,706.5,insight partners,stellaris venture partners,2019,June
107,107,2019-06-04,Recykal,Waste Management Service,Optimization,Hyderabad,pre-Series A,244.92,triton investment advisors,dig investment ab,2019,June
108,108,2019-06-04,Recykal,Waste Management Service,Optimization,Hyderabad,pre-Series A,244.92,pidilite industries director ajay parekh,parekh marine transport,2019,June
109,109,2019-06-03,Agara Labs,Deep-Tech,Artificial Intelligence,Bengaluru,pre-Series A,23.55,blume ventures  rtp global,blume ventures,2019,June
110,110,2019-06-06,Chakr Innovation,Energy,Renewable Energy,New Delhi,Series A,244.92,indian angel network,india quotient  letsventures angel fund,2019,June
111,111,2019-06-10,Bolo App,Digital Media,Video Platform,Bengaluru,Seed Funding,4.052484,nexus venture partners,norwest venture partners,2019,June
112,112,2019-06-10,OkCredit,FinTech,Financial Services,Haryana,Series A,146.01,tiger global,ping an global voyager fund,2019,June
113,113,2019-06-06,Biz2Credit,FinTech,Online Lending Platform,New York,Series B,489.84,westbridge capital,westbridge capital partners,2019,June
114,114,2019-06-08,Vogo Automotive Pvt. Ltd.,Transportation,Dockless Scooter Rental Company,Karnataka,Debt Funding,33.76128,alteria capital,trifecta capital advisors,2019,June
115,115,2019-06-04,Leegality,Services,Digital Documentation,Mumbai/Bengaluru,Series A,32.028,mumbai angels,mumbai angel,2019,June
116,116,2019-05-06,Ola,Transport,Cabs,Bengaluru,Series A,0.0,tata sons,tata groups watch  jewellery retailing firm,2019,May
117,117,2019-05-06,Saahas Zero Waste,Waste Management Service,Optimization,Bengaluru,Venture - Series Unknown,8.182212,c4d partners,sprout venture partners,2019,May
118,118,2019-05-05,StyleDotMe,E-commerce,Fashion and Shopping,Delhi,Bridge Round,0.0,indian angel network,india quotient  letsventures angel fund,2019,May
119,119,2019-05-05,StyleDotMe,E-commerce,Fashion and Shopping,Delhi,Bridge Round,0.0,innov8 founder ritesh malik,ritesh malik,2019,May
120,120,2019-05-05,StyleDotMe,E-commerce,Fashion and Shopping,Delhi,Bridge Round,0.0,josh talks founders supriya paul  shobha banga,founders fund,2019,May
121,121,2019-05-05,StyleDotMe,E-commerce,Fashion and Shopping,Delhi,Bridge Round,0.0,former hero corporate president rohit chanana,rohit chanana,2019,May
122,122,2019-05-01,BlackBuck,Transport,Logistics,Bengaluru,Series D,1413.0,accel,accel,2019,May
123,123,2019-05-01,BlackBuck,Transport,Logistics,Bengaluru,Series D,1413.0,wellington,wellington management,2019,May
124,124,2019-05-01,BlackBuck,Transport,Logistics,Bengaluru,Series D,1413.0,sequoia capital,quona capital,2019,May
125,125,2019-05-01,BlackBuck,Transport,Logistics,Bengaluru,Series D,1413.0,b capital,br capital,2019,May
126,126,2019-05-01,BlackBuck,Transport,Logistics,Bengaluru,Series D,1413.0,lightstreet,lightstreet,2019,May
127,127,2019-05-01,BlackBuck,Transport,Logistics,Bengaluru,Series D,1413.0,ss capital  international finance corporation,international finance corporation,2019,May
128,128,2019-05-02,Zenoti,Saas,Beauty and Wellness Industry,Hyderabad,Series C,471.0,tiger global,ping an global voyager fund,2019,May
129,129,2019-05-28,Ather Energy,Automobile,Electric Vehicle,Bengaluru,Series C,480.42,sachin bansal,axilor ventures  binny bansal,2019,May
130,130,2019-05-28,FreshVnF,Agtech,Fresh Agriculture Produces,Mumbai,Seed Round,1318.8,equanimity ventures,equanimity venture fund,2019,May
131,131,2019-05-30,GlowRoad,E-commerce,Retail,Bengaluru,Series B,108.33,korea investment partners,korea investment partners kip,2019,May
132,132,2019-05-30,GlowRoad,E-commerce,Retail,Bengaluru,Series B,108.33,vertex ventures,vertex ventures southeast asia sea  india  sistema asia fund,2019,May
133,133,2019-05-31,Bira91,Food and Beverage,Brewery,New Delhi,Series B,52.752,sixth sense ventures,sixth sense,2019,May
134,134,2019-04-16,Kuvera,Finance,Wealth Management,Bengaluru,Series A,423.9,eight roads,eight roads ventures india,2019,April
135,135,2019-04-12,Medlife,E-commerce,Online Medicine,Bengaluru,Private Equity,160.14,prasid uno family trust,lindwall family investments llc lfi,2019,April
136,136,2019-04-10,Kabadiwala,E-commerce,Waste Management,Bhopal,Private Equity,4.0568643,unilever,il,2019,April
137,137,2019-04-10,Kabadiwala,E-commerce,Waste Management,Bhopal,Private Equity,4.0568643,beehive capital advisor,sequoia capital,2019,April
138,138,2019-04-10,Kabadiwala,E-commerce,Waste Management,Bhopal,Private Equity,4.0568643,abcom investments,burda principal investments,2019,April
139,139,2019-04-10,Kabadiwala,E-commerce,Waste Management,Bhopal,Private Equity,4.0568643,parekh marine transport,pidilite industries director ajay parekh,2019,April
140,140,2019-04-13,Tripoto,Social Media,Travel,New Delhi,Series B,33.8307525,orchid india,hornbill orchid india fund,2019,April
141,141,2019-04-13,Tripoto,Social Media,Travel,New Delhi,Series B,33.8307525,hornbill orchid india fund,orchid india,2019,April
142,142,2019-04-13,Tripoto,Social Media,Travel,New Delhi,Series B,33.8307525,chiratae ventures formerly idg ventures,chiratae ventures,2019,April
143,143,2019-04-13,Tripoto,Social Media,Travel,New Delhi,Series B,33.8307525,3one4 capital,trifecta capital advisors,2019,April
144,144,2019-04-13,Tripoto,Social Media,Travel,New Delhi,Series B,33.8307525,lasmer nv,nederlse financieringsmaatschappij voor ontwikkelingslen nv,2019,April
145,145,2019-04-12,Azah,Health and Wellness,Organic wellness,Gurugram,Seed Funding,1.884,unnamed angel investors,credika  unnamed angel investors,2019,April
146,146,2019-04-11,Setu,Fintech,Banking,Bengaluru,Seed Funding,32.97,lightspeed india partners,lightspeed venture partners india,2019,April
147,147,2019-04-10,Toppr,Edtech,E-learning,Mumbai,Debt and Preference capital,59.5421244,milestone,il,2019,April
148,148,2019-04-10,Craftsvilla,E-commerce,Fashion and Apparel,Mumbai,Inhouse Funding,23.0177229,supera pte ltd,spring canter investment ltd,2019,April
149,149,2019-04-10,Unacademy,Edtech,E-learning,Bengaluru,Seed/ Angel Funding,2.89194,kalyan krishnamurthy,kalyan krishnamurthy,2019,April
150,150,2019-04-11,CleverTap,SaaS,Mobile analytics and marketing,Mumbai,Series B,244.92,sequoia capital,quona capital,2019,April
151,151,2019-04-11,CleverTap,SaaS,Mobile analytics and marketing,Mumbai,Series B,244.92,tiger global,ping an global voyager fund,2019,April
152,152,2019-04-11,CleverTap,SaaS,Mobile analytics and marketing,Mumbai,Series B,244.92,accel,accel,2019,April
153,153,2019-04-19,My Healthcare,E-commerce,Software Solutions,Bengaluru and Gurugram,Series A,28.26,sixth sense ventures,sixth sense,2019,April
154,154,2019-04-17,Shuttl,Transportation,Bus Aggregation,Gurugram,Venture Round,47.1,new atlantic ventures,gic ventures,2019,April
155,155,2019-04-17,Increff,Technology,Supply-chain technology solutions,Bengaluru,Series A,28.26,021 capita,021 capita,2019,April
156,156,2019-04-17,Increff,Technology,Supply-chain technology solutions,Bengaluru,Series A,28.26,binny bansal,bunny bansal,2019,April
157,157,2019-02-01,FleetX,AI,Logistics,Gurgaon,Pre Series A,0.0,india quotient  letsventures angel fund,letsventure,2019,February
158,158,2019-02-08,Zilingo,Ecommerce,Fashion & Apparel,India/Singapore,Series D,2128.92,sequoia capital,quona capital,2019,February
159,159,2019-02-08,Zilingo,Ecommerce,Fashion & Apparel,India/Singapore,Series D,2128.92,edbi,edbi,2019,February
160,160,2019-02-08,Zilingo,Ecommerce,Fashion & Apparel,India/Singapore,Series D,2128.92,burda principal investments,rb investments,2019,February
161,161,2019-02-08,Zilingo,Ecommerce,Fashion & Apparel,India/Singapore,Series D,2128.92,sofina,sofina sa,2019,February
162,162,2019-02-13,NanoClean Global,Nanotechnology,Anti-Pollution,New Delhi,Series A,5.652,letsventure,lets venture,2019,February
163,163,2019-02-13,NanoClean Global,Nanotechnology,Anti-Pollution,New Delhi,Series A,5.652,pitchright venture,ps1 venture  globallogic cofounder rajul garg,2019,February
164,164,2019-02-13,NanoClean Global,Nanotechnology,Anti-Pollution,New Delhi,Series A,5.652,91springboard,xc2xa0 91springboard,2019,February
165,165,2019-02-13,NanoClean Global,Nanotechnology,Anti-Pollution,New Delhi,Series A,5.652,al nour international holdings  mark v investments,rb investments,2019,February
166,166,2018-02-14,OYO Rooms,Hospitality,Budget Rooms,Gurgaon,Equity,942.0,didi chuxing,didi chuxing,2018,February
167,167,2019-01-03,CarDekho,Automobile,Online Marketplace,Jaipur,Series C,1036.2,sequoia capital,quona capital,2019,January
168,168,2019-01-03,CarDekho,Automobile,Online Marketplace,Jaipur,Series C,1036.2,hillhouse capital,lok capital,2019,January
169,169,2019-01-03,CarDekho,Automobile,Online Marketplace,Jaipur,Series C,1036.2,alphabets growth investment arm capital g  axis bank,axis bank,2019,January
170,170,2019-01-04,Vyome Therapeutics Inc.,Health and Wellness,Specialty pharmaceutical,India/US,Series D,207.24,iron pillar,il,2019,January
171,171,2019-01-04,Vyome Therapeutics Inc.,Health and Wellness,Specialty pharmaceutical,India/US,Series D,207.24,perceptive advisors,lockchain ecosystem global advisors,2019,January
172,172,2019-01-04,Vyome Therapeutics Inc.,Health and Wellness,Specialty pharmaceutical,India/US,Series D,207.24,romulus capital  kalaari capital,kalaari capital,2019,January
173,173,2019-01-04,Samunnati Financial Intermediation & Services Pvt. Ltd,Finance,Non-banking financial company,Chennai,Debt-Funding,47.1,massif,m,2019,January
174,174,2019-01-04,Samunnati Financial Intermediation & Services Pvt. Ltd,Finance,Non-banking financial company,Chennai,Debt-Funding,47.1,a dutch government fund,dutch government fund,2019,January
175,175,2018-12-04,Manch,Social Media,Hyperlocal Content,Delhi,Seed Funding,6.594,stellaris venture partners,stellaris venture partners  kalaari capital,2018,December
176,176,2018-12-01,UrbanClap Technologies Pvt. Ltd,Services Platform,Home services marketplace,New Delhi,Series D,471.0,steadview capital  vy capital,vy capital,2018,December
177,177,2018-12-02,Guiddoo,Travel Tech,Platform for travel agents,Mumbai,Pre-Series A,7.536,individual investors,other individual investors,2018,December
178,178,2018-12-02,Career Anna,Online Education,"Video-based certification, trainings",Gurugram,Pre-Series A,5.38824,individual investors,other individual investors,2018,December
179,179,2018-12-04,Nagpur Wholesale,Online Marketplace,eCommerce,Nagpur,Seed Funding,1.34706,omphalos ventures india llp,chiratae ventures,2018,December
180,180,2018-12-06,ShopKirana,B2B,eCommerce,Indore,Seed Funding,18.84,info edge,infoedge,2018,December
181,181,2018-12-06,ShopKirana,B2B,eCommerce,Indore,Seed Funding,18.84,aet fund,ping an global voyager fund,2018,December
182,182,2018-12-06,ShopKirana,B2B,eCommerce,Indore,Seed Funding,18.84,akatsuki  incubate fund from japan  better capital angellist syndicate,angellist,2018,December
183,183,2018-12-06,BuildSupply,"SaaS, Ecommerce","Real Estate, ERP",Gurugram,Series A,32.97,venture highway,y combinator  venture highway,2018,December
184,184,2018-12-06,BuildSupply,"SaaS, Ecommerce","Real Estate, ERP",Gurugram,Series A,32.97,gree ventures,gree ventures  summit media,2018,December
185,185,2018-12-06,BuildSupply,"SaaS, Ecommerce","Real Estate, ERP",Gurugram,Series A,32.97,space matrix,space matrix,2018,December
186,186,2018-12-06,BuildSupply,"SaaS, Ecommerce","Real Estate, ERP",Gurugram,Series A,32.97,individual investors,other individual investors,2018,December
187,187,2018-11-01,GoDesi,Food and Beverage,Regional Flavours,Bengaluru,Seed/ Angel Funding,1.3093329,lead angels network,lead angel network,2018,November
188,188,2018-11-03,Veritas Finance Ltd.,NBFC,MSME Finance,Chennai,Series D,261.86658,norwest venture partners,rwe,2018,November
189,189,2018-11-03,Veritas Finance Ltd.,NBFC,MSME Finance,Chennai,Series D,261.86658,cdc group,cdc group plc,2018,November
190,190,2018-11-03,Veritas Finance Ltd.,NBFC,MSME Finance,Chennai,Series D,261.86658,the uks development finance institution  p surendra pai,myntra  mitesh shah finance chief,2018,November
191,191,2018-11-06,Meesho,Ecommerce,Social Commerce,Bengaluru,Series C,471.0,shunwei capital,omidyar network  shunwei capital,2018,November
192,192,2018-11-06,Meesho,Ecommerce,Social Commerce,Bengaluru,Series C,471.0,dst partners  rps ventures,rps ventures,2018,November
193,193,2018-11-08,Mobile Premier League,Gaming,Mobile e-Sports,Bengaluru,Series A,4.71,undisclosed,undisclosed,2018,November
194,194,2018-11-08,A&R Bon Vivants,Food,Meat Retail Chain,Jaipur,Equity,9.42,rb investments,rb investments pte ltd,2018,November
195,195,2018-11-08,A&R Bon Vivants,Food,Meat Retail Chain,Jaipur,Equity,9.42,singapore,xiaomi singapore,2018,November
196,196,2018-11-12,Blackbuck,Food Tech,POS For Online Ordering,"New York, Bengaluru",Series A,9.42,tiger global,ping an global voyager fund,2018,November
197,197,2018-11-12,MilkBAsket,Food,Micro-delivery grocery service,New Delhi,Series B,12.246,mayfield fund,mayfield,2018,November
198,198,2018-11-13,DriveU,Transport,On-Demand Drivers,Bengaluru,Mezzanine,9.42,stevens creek ventures,rps ventures,2018,November
199,199,2018-11-14,CleanseCar,Services,Car Wash,Bengaluru,Seed/ Angel Funding,4.71,venture catalysts,venture catalyst,2018,November
200,200,2018-11-19,Automation Anywhere,Automation,Robotics,California,Series B,2826.0,softbank,softbank,2018,November
201,201,2018-11-20,HealthifyMe,Health and Wellness,Wellness Coach,Bengaluru,Series B (Extension),56.52,sistema asia fund,vertex ventures southeast asia sea  india  sistema asia fund,2018,November
202,202,2018-11-20,HealthifyMe,Health and Wellness,Wellness Coach,Bengaluru,Series B (Extension),56.52,vc samsung next,samsung  chinabased citic capital  others,2018,November
203,203,2018-11-20,HealthifyMe,Health and Wellness,Wellness Coach,Bengaluru,Series B (Extension),56.52,chiratae ventures,chiratae ventures formerly idg ventures,2018,November
204,204,2018-11-20,HealthifyMe,Health and Wellness,Wellness Coach,Bengaluru,Series B (Extension),56.52,inventus capital,xc2xa0 inventus capital,2018,November
205,205,2018-11-20,HealthifyMe,Health and Wellness,Wellness Coach,Bengaluru,Series B (Extension),56.52,blume ventures  innoven capital,blume ventures,2018,November
206,206,2018-11-21,Genius Corner,Education,Personalized Learning,Noida,Seed Funding,2.61876,individual investors,other individual investors,2018,November
207,207,2018-11-22,Aavishkaar-Intellecap Group,Investment,SME Funding,Mumbai,Equity Based Funding,292.02,teachers insurance  annuity association tiaa,ontario teachers,2018,November
208,208,2018-11-22,Skillbox,Social Network,Art,Gurugram,Seed Funding,0.0,individual investors,other individual investors,2018,November
209,209,2018-11-23,Signzy,Financial Tech,Digital Onboarding Solution,Mumbai/Bengaluru,Series A,32.028,stellaris venture partners  kalaari capital,stellaris venture partners,2018,November
210,210,2018-11-23,Signzy,Financial Tech,Digital Onboarding Solution,Mumbai/Bengaluru,Series A,32.028,rajan anan from google,rajan anan,2018,November
211,211,2018-11-23,Signzy,Financial Tech,Digital Onboarding Solution,Mumbai/Bengaluru,Series A,32.028,dilip khwelwal from sap labs india,india quotient,2018,November
212,212,2018-11-23,Signzy,Financial Tech,Digital Onboarding Solution,Mumbai/Bengaluru,Series A,32.028,amrish rau from payu india,payu,2018,November
213,213,2018-11-24,Engineer.ai,Software,AI Platform,India/US,Series A,277.89,lakestar  jungle ventures,jungle ventures,2018,November
214,214,2018-11-24,Engineer.ai,Software,AI Platform,India/US,Series A,277.89,softbank,softbank,2018,November
215,215,2018-11-25,InCred Finance,Finance,SME Lending,India,Private Equity,395.64,paragon partners,stellaris venture partners,2018,November
216,216,2018-11-25,InCred Finance,Finance,SME Lending,India,Private Equity,395.64,individual investors,other individual investors,2018,November
217,217,2018-11-25,Roposo,Social Media,Video Sharing,Delhi,Series B,16.014,bertelsmann india investments,bertelsmann india,2018,November
218,218,2018-10-01,Northmist,Fashion,Mens Wear,Delhi,Seed/ Angel Funding,0.0,prashant jaiswal,prashant jaiswal,2018,October
219,219,2018-10-02,Origo Commodities India Pvt. Ltd,Logistics,Supply Chain,Hyderabad,Seed/ Angel Funding,103.62,cooperative oikocredit,oikocredit,2018,October
220,220,2018-10-02,Origo Commodities India Pvt. Ltd,Logistics,Supply Chain,Hyderabad,Seed/ Angel Funding,103.62,indian angel network,india quotient  letsventures angel fund,2018,October
221,221,2018-10-04,Grover Zampa,Food,Wine,Mumbai,Private Equity,77.244,ravi viswanathan,ravi iyer,2018,October
222,222,2018-10-05,Droom,Automobile,New and Used Cars Platform,Gurgaon,Series E,28.26,zigexn,zigexn,2018,October
223,223,2018-10-11,Innov8,Real Estate,Co-Working,New Delhi,Pre-Series A,37.68,credence family office,chief operating office at idfc bank,2018,October
224,224,2018-10-12,Blackbuck,Logistics Tech,Largest Trucking Platform,Bengaluru,Private Funding,138.2856,sequoia capital,quona capital,2018,October
225,225,2018-10-12,LetsTransport,Logistics Tech,Book Trucks Online,Bengaluru,Series C,113.04,fosun international,ss capital  international finance corporation,2018,October
226,226,2018-09-01,Netmeds,Consumer Internet,Online Pharmacy Chain,Chennai,Private Equity,329.7,sistema asia fund,vertex ventures southeast asia sea  india  sistema asia fund,2018,September
227,227,2018-09-01,Netmeds,Consumer Internet,Online Pharmacy Chain,Chennai,Private Equity,329.7,sistema jsfc  tanncam investment,tanncam investment,2018,September
228,228,2018-09-03,Udaan,B2B Platform,Logistics and Shipping,Bengaluru,Private Equity,2119.5,dst global  lightspeed venture partners global fund,dst global,2018,September
229,229,2018-09-03,Daily hunt,Consumer Internet,News and ebooks Mobile App\\xc2\\xa0,Bengaluru,Private Equity,60.1938,falcon edge,co,2018,September
230,230,2018-09-04,3HCare,Healthcare,Healthcare Service Provider,Delhi,Seed / Angel Funding,9.42,undisclosed,undisclosed,2018,September
231,231,2018-09-04,HappyGoEasy,Consumer Internet,Online Travel Agecy,Gurugram,Private Equity,0.0,korea investment partners kip,korea investment partners,2018,September
232,232,2018-09-04,HappyGoEasy,Consumer Internet,Online Travel Agecy,Gurugram,Private Equity,0.0,samsung  chinabased citic capital  others,others,2018,September
233,233,2018-09-05,Nykaa,Consumer Internet,Online Marketplace For Multi-brand Beauty Cosmetic and Wellness Products,Mumbai,Private Equity,1480.824,lighthouse,lighthouse funds,2018,September
234,234,2018-09-05,Mad Street Den,Technology,Computer Vision And Artificial Intelligence (Ai) Platform,Chennai,Private Equity,0.0,kddixc2xa0,xc2xa0,2018,September
235,235,2018-09-06,Dream11,Consumer Internet,Online Gaming Platform,Mumbai,Private Equity,942.0,tencent,tencent holdings ltd,2018,September
236,236,2018-09-06,Dream11,Consumer Internet,Online Gaming Platform,Mumbai,Private Equity,942.0,kalaari capital  private equity firm multiples alternate asset management,kalaari capital,2018,September
237,237,2018-09-10,MamaEarth,Healthcare,Online Marketplace For Mother and Babycare Products,Gurugram,Private Equity,37.68,stellaris ventures,stellaris venture partners  kalaari capital,2018,September
238,238,2018-09-10,MamaEarth,Healthcare,Online Marketplace For Mother and Babycare Products,Gurugram,Private Equity,37.68,others,other,2018,September
239,239,2018-09-11,AutoGrid,Technology,AI-Based Energy Optimisation and Control Provider,Bengaluru,Private Equity,301.44,clp holdings group,manipal education  medical group memg,2018,September
240,240,2018-09-11,AutoGrid,Technology,AI-Based Energy Optimisation and Control Provider,Bengaluru,Private Equity,301.44,innogy,innogy,2018,September
241,241,2018-09-11,AutoGrid,Technology,AI-Based Energy Optimisation and Control Provider,Bengaluru,Private Equity,301.44,xc3x98rstead,xc3x98rstead,2018,September
242,242,2018-09-11,AutoGrid,Technology,AI-Based Energy Optimisation and Control Provider,Bengaluru,Private Equity,301.44,tenaska,tenaska,2018,September
243,243,2018-09-11,Pharmeasy,Consumer Internet,Online Marketplace For Pharmaceutical Products,Mumbai,Debt Funding,51.81,innoven capital,innoven capital india,2018,September
244,244,2018-09-11,Upwards,Fin-Tech,Online Micro Lending Marketplace,Mumbai,Private Equity,47.1,shunwei capital,omidyar network  shunwei capital,2018,September
245,245,2018-09-11,Upwards,Fin-Tech,Online Micro Lending Marketplace,Mumbai,Private Equity,47.1,quotient,india quotient,2018,September
246,246,2018-09-11,Upwards,Fin-Tech,Online Micro Lending Marketplace,Mumbai,Private Equity,47.1,mayfield,mayfield fund,2018,September
247,247,2018-09-11,Upwards,Fin-Tech,Online Micro Lending Marketplace,Mumbai,Private Equity,47.1,others,other,2018,September
248,248,2018-09-12,Kissht,Fin-Tech,Online lending Platform,Mumbai,Private Equity,282.6,vertex ventures southeast asia sea  india  sistema asia fund,vertex ventures,2018,September
249,249,2018-09-12,Kissht,Fin-Tech,Online lending Platform,Mumbai,Private Equity,282.6,fosun rz capital,trifecta capital advisors,2018,September
250,250,2018-09-12,Kissht,Fin-Tech,Online lending Platform,Mumbai,Private Equity,282.6,ventureast,ventureeast,2018,September
251,251,2018-09-12,Kissht,Fin-Tech,Online lending Platform,Mumbai,Private Equity,282.6,endiya partnersnn,endiya partners,2018,September
252,252,2018-08-01,dishq,Food-Tech,Personalisation Technology Firm Focusing On The Food And Beverage Industry,Bengaluru,Seed/ Angel Funding,3.768,farm to fork,das capital  it farm,2018,August
253,253,2018-08-01,dishq,Food-Tech,Personalisation Technology Firm Focusing On The Food And Beverage Industry,Bengaluru,Seed/ Angel Funding,3.768,indian angel network,india quotient  letsventures angel fund,2018,August
254,254,2018-08-01,dishq,Food-Tech,Personalisation Technology Firm Focusing On The Food And Beverage Industry,Bengaluru,Seed/ Angel Funding,3.768,the syndicate fund,ping an global voyager fund,2018,August
255,255,2018-08-01,dishq,Food-Tech,Personalisation Technology Firm Focusing On The Food And Beverage Industry,Bengaluru,Seed/ Angel Funding,3.768,sven hensen,sven hensen,2018,August
256,256,2018-08-01,dishq,Food-Tech,Personalisation Technology Firm Focusing On The Food And Beverage Industry,Bengaluru,Seed/ Angel Funding,3.768,indian angel network,india quotient  letsventures angel fund,2018,August
257,257,2018-08-01,HealthFin,Finance,Patient Financing Platform,Pune,Seed/ Angel Funding,0.0,axilor,axilor ventures,2018,August
258,258,2018-08-01,HealthFin,Finance,Patient Financing Platform,Pune,Seed/ Angel Funding,0.0,sprout venture partners  others,sprout venture partners,2018,August
259,259,2018-08-02,Samosa Labs,Consumer Internet,Social Media and Chat Entertainment Platform,Hyderabad,Private Equity,65.94,sequoia capital,quona capital,2018,August
260,260,2018-08-03,ZiffyHomes,Consumer Internet,Online Home Rental Marketplace,Gurugram,Private Equity,1.1304,y combinator,ycombinator,2018,August
261,261,2018-08-07,My OmNamo,Consumer Internet,Holy Platform Offering Customised Puja Packages To Individuals and Corporates,Mumbai,Seed/ Angel Funding,9.42,undisclosed,undisclosed,2018,August
262,262,2018-08-07,ShopX,Consumer Internet,Assisted E-commerce Platform,Bengaluru,Private Equity,329.7,fung strategic holdings,gic,2018,August
263,263,2018-08-07,MakeMyTrip,Consumer Internet,Online Travel Aggregator,Gurugram,Private Equity,94.2,makemytrip limited,makemytrip,2018,August
264,264,2018-08-08,Hansel io,Consumer Internet,Real-time Mobile App Management,Bengaluru,Seed/ Angel Funding,37.68,vertex ventures,vertex ventures southeast asia sea  india  sistema asia fund,2018,August
265,265,2018-08-08,Metro Bikes,Consumer Internet,Online Bike Rental Marketplace,Bengaluru,Private Equity,114.924,sequoia capital,quona capital,2018,August
266,266,2018-08-08,Metro Bikes,Consumer Internet,Online Bike Rental Marketplace,Bengaluru,Private Equity,114.924,accel,accel,2018,August
267,267,2018-08-08,Phone Pe,Consumer Internet,UPI Payments App,Bengaluru,Private Equity,621.72,flipkart,flipkart logistics pvt ltd,2018,August
268,268,2018-08-09,quizizz,Ed-Tech,e-learning Platform,Bengaluru,Seed/ Angel Funding,28.26,nexus venture partners,norwest venture partners,2018,August
269,269,2018-08-09,quizizz,Ed-Tech,e-learning Platform,Bengaluru,Seed/ Angel Funding,28.26,prime venture partners  others,prime venture partners,2018,August
270,270,2018-08-09,Happy EMI,Fin-Tech,Consumer Financing Platform,Bengaluru,Seed/ Angel Funding,9.42,aj ventures  jain international trade organisation jito,chiratae ventures,2018,August
271,271,2018-08-13,Inthree,Consumer Internet,Rural E-commerce Platform,Chennai,Seed/ Angel Funding,37.68,ventureast,ventureeast,2018,August
272,272,2018-08-13,Inthree,Consumer Internet,Rural E-commerce Platform,Chennai,Seed/ Angel Funding,37.68,indian angel network,india quotient  letsventures angel fund,2018,August
273,273,2018-08-13,Observe AI,Technology,AI Based Solutions Platform,Bengaluru,Private Equity,75.36,nexus venture partners,norwest venture partners,2018,August
274,274,2018-08-13,Observe AI,Technology,AI Based Solutions Platform,Bengaluru,Private Equity,75.36,mgv,m,2018,August
275,275,2018-08-13,Observe AI,Technology,AI Based Solutions Platform,Bengaluru,Private Equity,75.36,liquid 2 ventures,breakthrough energy ventures,2018,August
276,276,2018-08-13,Observe AI,Technology,AI Based Solutions Platform,Bengaluru,Private Equity,75.36,hack vc,vc samsung next,2018,August
277,277,2018-08-13,Observe AI,Technology,AI Based Solutions Platform,Bengaluru,Private Equity,75.36,emergent ventures  y combinator,y combinator,2018,August
278,278,2018-08-16,Enakshi,Consumer Internet,AI Based Solutions Platform,Ahemadabad,Seed/ Angel Funding,1.08151962,undisclosed,undisclosed,2018,August
279,279,2018-08-17,EazyDiner,Consumer Internet,Online Restaurant Table Reservation Platform,Gurugram,Private Equity,55.107,denlow investment trust  beenext,beenext,2018,August
280,280,2018-08-20,Finzy,Finance,Online Loan Matchmaking Platform,Bengaluru,Seed / Angel Funding,9.42,undisclosed,undisclosed,2018,August
281,281,2018-08-20,RawPressery,Consumer Internet,Online Organic Juice Delivery Service,Mumbai,Debt Funding,45.216,alteria capital,trifecta capital advisors,2018,August
282,282,2018-08-22,Pi Ventures,Technology,Applied Artificial Intelligence and IoT focused\\xc2\\xa0Platform,Bengaluru,Private Equity,56.52,cdc group plcxc2xa0,cdc group,2018,August
283,283,2018-08-22,Revv,Consumer Internet,Online Indian Car Rental Platform,Gurugram,Private Equity,134.4234,hyundai,hyundai,2018,August
284,284,2018-08-22,Revv,Consumer Internet,Online Indian Car Rental Platform,Gurugram,Private Equity,134.4234,edelweiss  beenext,beenext,2018,August
285,285,2018-08-22,Revv,Consumer Internet,Online Indian Car Rental Platform,Gurugram,Private Equity,134.4234,dream incubator,inc,2018,August
286,286,2018-08-22,Revv,Consumer Internet,Online Indian Car Rental Platform,Gurugram,Private Equity,134.4234,sunjay kapoor  telama investment,ruizheng investment,2018,August
287,287,2018-08-26,ZestMoney,Consumer Internet,Online Lending Platform,Bengaluru,Private Equity,126.228,xiaomi,xiaomi singapore,2018,August
288,288,2018-08-26,ZestMoney,Consumer Internet,Online Lending Platform,Bengaluru,Private Equity,126.228,payu,amrish rau from payu india,2018,August
289,289,2018-08-26,ZestMoney,Consumer Internet,Online Lending Platform,Bengaluru,Private Equity,126.228,ribbit capital  omidyar network,omidyar network,2018,August
290,290,2018-08-26,Shubh Loans,Fin-Tech,\\xc2\\xa0Customer Sourcing Platform\\xc2\\xa0,Bengaluru,Private Equity,39.564,saama capital,saama capital  dsg consumer partners,2018,August
291,291,2018-08-26,Shubh Loans,Fin-Tech,\\xc2\\xa0Customer Sourcing Platform\\xc2\\xa0,Bengaluru,Private Equity,39.564,sri capital,br capital,2018,August
292,292,2018-08-26,Shubh Loans,Fin-Tech,\\xc2\\xa0Customer Sourcing Platform\\xc2\\xa0,Bengaluru,Private Equity,39.564,beenext,denlow investment trust  beenext,2018,August
293,293,2018-08-26,Shubh Loans,Fin-Tech,\\xc2\\xa0Customer Sourcing Platform\\xc2\\xa0,Bengaluru,Private Equity,39.564,pravega ventures,pravega ventures  beenext,2018,August
294,294,2018-08-27,MyUpchar,Healthcare,Local Language Health Content App,Delhi,Private Equity,47.1,nexus venture partners,norwest venture partners,2018,August
295,295,2018-08-27,MyUpchar,Healthcare,Local Language Health Content App,Delhi,Private Equity,47.1,omidyar network  shunwei capital,shunwei capital,2018,August
296,296,2018-08-28,Narvar,IT,Post-Purchase Customer Engagement Platform\\xc2\\xa0,Bengaluru,Private Equity,28.26,accel,accel,2018,August
297,297,2018-08-30,True North,Finance,Private Equity Firm,Mumbai,Private Equity,5652.0,undisclosed,undisclosed,2018,August
298,298,2018-07-01,Leena AI,Technology,HR Virtual Agent For Employees,Gurugram,Seed/ Angel Funding,0.0,y combinator,ycombinator,2018,July
299,299,2018-07-02,Biryani By Kilo,Consumer Internet,Online Food Delivery,Gurugram,Seed/ Angel Funding,9.42,ajay relan  vinay mittal,ajay relan,2018,July
300,300,2018-07-04,Anchanto,IT,E-commerce Fulfilment Platform,Pune,Private Equity,37.68,mdi ventures,pi ventures,2018,July
301,301,2018-07-04,Anchanto,IT,E-commerce Fulfilment Platform,Pune,Private Equity,37.68,telkom indonesia,telkom indonesia,2018,July
302,302,2018-07-05,Loan Tap,Consumer Internet,Online Lending Platform For Salaried Professionals,Mumbai,Private Equity,58.875,shunwei capital,omidyar network  shunwei capital,2018,July
303,303,2018-07-05,Loan Tap,Consumer Internet,Online Lending Platform For Salaried Professionals,Mumbai,Private Equity,58.875,tuscan ventures,susa ventures,2018,July
304,304,2018-07-05,Loan Tap,Consumer Internet,Online Lending Platform For Salaried Professionals,Mumbai,Private Equity,58.875,ashish goenka,sunil goyal ashish gupta,2018,July
305,305,2018-07-05,Loan Tap,Consumer Internet,Online Lending Platform For Salaried Professionals,Mumbai,Private Equity,58.875,vc firms india quotient  kae capital,india quotient,2018,July
306,306,2018-07-06,PolicyBazaar,Consumer Internet,Online Insurance Selling Platform,Gurugram,Private Equity,260.934,info edge india ltd  temasek,info edge india ltd,2018,July
307,307,2018-07-09,zippserv,Consumer Internet,Online Platform For Risk-Assessment Services For Real Estate Investments,Bengaluru,Seed/ Angel Funding,4.1448,info edge india ltd,info edge india ltd  temasek,2018,July
308,308,2018-07-09,Groww,Consumer Internet,Online Platform That Sells Direct Plans Of Mutual Funds,Bengaluru,Seed/ Angel Funding,10.362,insignia ventures partners,s partners,2018,July
309,309,2018-07-09,Groww,Consumer Internet,Online Platform That Sells Direct Plans Of Mutual Funds,Bengaluru,Seed/ Angel Funding,10.362,lightbridge partners,idg,2018,July
310,310,2018-07-09,Groww,Consumer Internet,Online Platform That Sells Direct Plans Of Mutual Funds,Bengaluru,Seed/ Angel Funding,10.362,kairos,kairos,2018,July
311,311,2018-07-10,Avenue Growth,Consumer Internet,Online Platform That Connects Brands With Freelance Sales Professionals,Gurugram,Seed/ Angel Funding,4.11654,avtar monga,avtar monga,2018,July
312,312,2018-07-10,Avenue Growth,Consumer Internet,Online Platform That Connects Brands With Freelance Sales Professionals,Gurugram,Seed/ Angel Funding,4.11654,chief operating office at idfc bank,credence family office,2018,July
313,313,2018-07-10,Avenue Growth,Consumer Internet,Online Platform That Connects Brands With Freelance Sales Professionals,Gurugram,Seed/ Angel Funding,4.11654,aditya malik,innov8 founder ritesh malik,2018,July
314,314,2018-07-10,Avenue Growth,Consumer Internet,Online Platform That Connects Brands With Freelance Sales Professionals,Gurugram,Seed/ Angel Funding,4.11654,others,other,2018,July
315,315,2018-07-10,iNICU,Healthcare,Med-tech Platform Providing Care For Newborns,Delhi,Seed/ Angel Funding,0.0,venture catalysts,venture catalyst,2018,July
316,316,2018-07-10,Kinara Capital,Finance,Lending Platform For Micro and Small Enterprises,Bengaluru,Private Equity,47.1,responsability,il,2018,July
317,317,2018-07-10,Shop 101,Consumer Internet,Mobile Storefront And Commerce Platform For Sellers,Mumbai,Private Equity,47.1,stellaris venture partners,stellaris venture partners  kalaari capital,2018,July
318,318,2018-07-10,Shop 101,Consumer Internet,Mobile Storefront And Commerce Platform For Sellers,Mumbai,Private Equity,47.1,vy capital,steadview capital  vy capital,2018,July
319,319,2018-07-10,Shop 101,Consumer Internet,Mobile Storefront And Commerce Platform For Sellers,Mumbai,Private Equity,47.1,raghunan g,raghunan gangappa,2018,July
320,320,2018-07-10,Shop 101,Consumer Internet,Mobile Storefront And Commerce Platform For Sellers,Mumbai,Private Equity,47.1,ramakant sharma,ld sharma,2018,July
321,321,2018-07-11,Sambandh,Consumer Internet,Online Micro Lending Platform,Rourkela,Private Equity,23.55,base of pyramid asia bopa pte ltd,pine labs pte ltd,2018,July
322,322,2018-07-12,19th mile,IT,Artificial intelligence-based sales acceleration software platform,Gurugram,Seed/ Angel Funding,1.6956,rishi vasudev,rishi vasudev,2018,July
323,323,2018-07-12,19th mile,IT,Artificial intelligence-based sales acceleration software platform,Gurugram,Seed/ Angel Funding,1.6956,excelsior investments,rb investments,2018,July
324,324,2018-07-12,19th mile,IT,Artificial intelligence-based sales acceleration software platform,Gurugram,Seed/ Angel Funding,1.6956,ritesh vohra,innov8 founder ritesh malik,2018,July
325,325,2018-07-12,19th mile,IT,Artificial intelligence-based sales acceleration software platform,Gurugram,Seed/ Angel Funding,1.6956,praveer kumar,subho ray  samir kumar,2018,July
326,326,2018-07-12,19th mile,IT,Artificial intelligence-based sales acceleration software platform,Gurugram,Seed/ Angel Funding,1.6956,prashant gupta  others,others,2018,July
327,327,2018-07-12,5th Vital,Healthcare,Home diagnostics services provider,Bengaluru,Seed/ Angel Funding,4.71,br capital  others,cba capital  others,2018,July
328,328,2018-07-13,MEngage,Healthcare,A Doctor-Patient Engagement Platform,Jaipur,Seed/ Angel Funding,1.6485,siddharth agarwal,rn agarwal,2018,July
329,329,2018-07-13,MEngage,Healthcare,A Doctor-Patient Engagement Platform,Jaipur,Seed/ Angel Funding,1.6485,mahavir sharma,navneet education  mahavir agency,2018,July
330,330,2018-07-13,MEngage,Healthcare,A Doctor-Patient Engagement Platform,Jaipur,Seed/ Angel Funding,1.6485,amit singal,amit singhal,2018,July
331,331,2018-07-13,MEngage,Healthcare,A Doctor-Patient Engagement Platform,Jaipur,Seed/ Angel Funding,1.6485,100 cofounders lab  others,others,2018,July
332,332,2018-07-17,Ofbusiness,Finance,Online Lending Platform For SME,Gurugram,Private Equity,273.18,creation investments,creation investments capital management,2018,July
333,333,2018-07-17,Ofbusiness,Finance,Online Lending Platform For SME,Gurugram,Private Equity,273.18,falcon edge,co,2018,July
334,334,2018-07-17,Ofbusiness,Finance,Online Lending Platform For SME,Gurugram,Private Equity,273.18,matrix partner,bessemer venture partner,2018,July
335,335,2018-07-17,Cars24,Consumer Internet,Online Used Car Marketplace,Gurugram,Private Equity,468.174,kingsway fci fund,ping an global voyager fund,2018,July
336,336,2018-07-17,Cars24,Consumer Internet,Online Used Car Marketplace,Gurugram,Private Equity,468.174,kck global,ping an global voyager fund,2018,July
337,337,2018-07-17,Cars24,Consumer Internet,Online Used Car Marketplace,Gurugram,Private Equity,468.174,others,other,2018,July
338,338,2018-07-18,The Ken,Consumer Internet,Subscription-Only News Website,Bengaluru,Seed/ Angel Funding,14.13,omidyar network,omidyar networks,2018,July
339,339,2018-07-18,The Ken,Consumer Internet,Subscription-Only News Website,Bengaluru,Seed/ Angel Funding,14.13,others,other,2018,July
340,340,2018-07-19,Book My Show,Consumer Internet,Online Ticketing Platform,Mumbai,Private Equity,942.0,tpg growth,tpg,2018,July
341,341,2018-07-19,Book My Show,Consumer Internet,Online Ticketing Platform,Mumbai,Private Equity,942.0,the rise fund,ping an global voyager fund,2018,July
342,342,2018-07-19,Book My Show,Consumer Internet,Online Ticketing Platform,Mumbai,Private Equity,942.0,others,other,2018,July
343,343,2018-07-20,HousingMan,Consumer Internet,Property Discovery Platform,Bengaluru,Seed/ Angel Funding,14.13,undisclosed,undisclosed,2018,July
344,344,2018-07-21,PaySense,Consumer Internet,Online Consumer Lending Platform,Mumbai,Private Equity,169.56,payu,amrish rau from payu india,2018,July
345,345,2018-07-21,PaySense,Consumer Internet,Online Consumer Lending Platform,Mumbai,Private Equity,169.56,others,other,2018,July
346,346,2018-07-23,Yulu Bikes,Technology,Bicycle-Sharing Platform,Bengaluru,Seed/ Angel Funding,0.0,undisclosed,undisclosed,2018,July
347,347,2018-07-23,VTION,Technology,Media Analytics,Gurugram,Seed/ Angel Funding,2.6376,angellist,akatsuki  incubate fund from japan  better capital angellist syndicate,2018,July
348,348,2018-07-23,VTION,Technology,Media Analytics,Gurugram,Seed/ Angel Funding,2.6376,rahul khanna,raghu khanna,2018,July
349,349,2018-07-23,VTION,Technology,Media Analytics,Gurugram,Seed/ Angel Funding,2.6376,rajeev arora  ram ramsundar,sachin arora,2018,July
350,350,2018-07-23,Log9 Materials,Technology,Nanotechnology Company Specializing In Graphene,Bengaluru,Seed/ Angel Funding,4.10712,metaform ventures,breakthrough energy ventures,2018,July
351,351,2018-07-23,Log9 Materials,Technology,Nanotechnology Company Specializing In Graphene,Bengaluru,Seed/ Angel Funding,4.10712,hemant luthra,hemant luthra,2018,July
352,352,2018-07-23,Log9 Materials,Technology,Nanotechnology Company Specializing In Graphene,Bengaluru,Seed/ Angel Funding,4.10712,micro venture capital firm gems partners  others,others,2018,July
353,353,2018-07-24,kidovators,Ed-Tech,Skill Learning Platform,Bengaluru,Seed/ Angel Funding,1.6956,gray matters,gray matters capital,2018,July
354,354,2018-07-24,Digit,Consumer Internet,Online Insurance Startup,Pune,Private Equity,423.9,fairfax,fairfax holdings,2018,July
355,355,2018-07-25,Black Soil,Finance,Non-Banking Financial Company,Mumbai,Private Equity,160.14,allcargo logistics,allcargo logistics,2018,July
356,356,2018-07-25,Black Soil,Finance,Non-Banking Financial Company,Mumbai,Private Equity,160.14,navneet education  mahavir agency,mahavir sharma,2018,July
357,357,2018-07-25,Trell,Consumer Internet,Mobile-First Video Blogging App,Bengaluru,Seed/ Angel Funding,11.775,beenext,denlow investment trust  beenext,2018,July
358,358,2018-07-25,Trell,Consumer Internet,Mobile-First Video Blogging App,Bengaluru,Seed/ Angel Funding,11.775,weh ventures  sprout ventures,chiratae ventures,2018,July
359,359,2018-07-25,iqlect,Technology,Data Analytics Firm,Bengaluru,Seed/ Angel Funding,23.55,ventureast  exfinity,ventureast,2018,July
360,360,2018-07-26,Entropik,IT,Software-As-A-Service Platform,Bengaluru,Seed/ Angel Funding,10.362,bharat innovation,marico innovation foundation mif,2018,July
361,361,2018-07-26,Entropik,IT,Software-As-A-Service Platform,Bengaluru,Seed/ Angel Funding,10.362,idfcparampara capital,parampara capital,2018,July
362,362,2018-07-26,Entropik,IT,Software-As-A-Service Platform,Bengaluru,Seed/ Angel Funding,10.362,arthavida ventures,artha india ventures,2018,July
363,363,2018-07-26,Entropik,IT,Software-As-A-Service Platform,Bengaluru,Seed/ Angel Funding,10.362,jitendra gupta,prashant gupta  others,2018,July
364,364,2018-07-26,Entropik,IT,Software-As-A-Service Platform,Bengaluru,Seed/ Angel Funding,10.362,others,other,2018,July
365,365,2018-07-26,Bitla Software,Technology,Travel-Focused Tech Startup,Bengaluru,Private Equity,0.0,makemytrip,makemytrip limited,2018,July
366,366,2018-07-26,TheCapitalNet,Fin-Tech,Unified Global Investments Ecosystem,Hyderabad,Private Equity,4.71,lindwall family investments llc lfi,rb investments,2018,July
367,367,2018-07-30,Shuttl,Consumer Internet,Bus Aggregation Platform,Gurugram,Private Equity,103.62,amazon alexa fund,amazon,2018,July
368,368,2018-07-30,Shuttl,Consumer Internet,Bus Aggregation Platform,Gurugram,Private Equity,103.62,dentsu ventures,breakthrough energy ventures,2018,July
369,369,2018-07-30,Cure Fit,Consumer Internet,Health and fitness Platform,Bengaluru,Private Equity,1130.4,idg ventures,idg venture,2018,July
370,370,2018-07-30,Cure Fit,Consumer Internet,Health and fitness Platform,Bengaluru,Private Equity,1130.4,accel,accel,2018,July
371,371,2018-07-30,Cure Fit,Consumer Internet,Health and fitness Platform,Bengaluru,Private Equity,1130.4,kalaari capital  others,kalaari capital,2018,July
372,372,2018-07-31,Five Star Group,Fin-Tech,Non-Bank Lending Platform For SME,Chennai,Private Equity,942.0,tpg,tpg growth,2018,July
373,373,2018-07-31,Five Star Group,Fin-Tech,Non-Bank Lending Platform For SME,Chennai,Private Equity,942.0,norwest venture partners,rwe,2018,July
374,374,2018-07-31,Five Star Group,Fin-Tech,Non-Bank Lending Platform For SME,Chennai,Private Equity,942.0,sequoia capital,quona capital,2018,July
375,375,2018-07-31,Five Star Group,Fin-Tech,Non-Bank Lending Platform For SME,Chennai,Private Equity,942.0,matrix partner,bessemer venture partner,2018,July
376,376,2018-07-31,Healthsignz,Healthcare,Health and Well being Platform,Hyderabad,Seed/ Angel Funding,47.1,kantilal patel,il,2018,July
377,377,2018-06-01,CoinTribe,Finance,Credit-Based Lending Marketplace For Small And Medium Enterprises,Gurugram,Private Equity,94.2,sabre partners,sabre partners  neoplux,2018,June
378,378,2018-06-01,CoinTribe,Finance,Credit-Based Lending Marketplace For Small And Medium Enterprises,Gurugram,Private Equity,94.2,puneet dalmia,xc2xa0 puneet dalmia,2018,June
379,379,2018-06-01,CoinTribe,Finance,Credit-Based Lending Marketplace For Small And Medium Enterprises,Gurugram,Private Equity,94.2,others,other,2018,June
380,380,2018-06-04,Digiconectt,Technology,Sales Analytics and Enablement Platform,Bengaluru,Seed/ Angel Funding,1.1775,aspire logistics llc,sc gg india mobility holdings llc,2018,June
381,381,2018-06-04,Kashmir Box,E-Commerce,"Online Marketplace For Handicrafts, Handlooms And Local Produce",Srinagar,Seed/ Angel Funding,0.0,bhairavi jani,bhairavi jani,2018,June
382,382,2018-06-04,Kashmir Box,E-Commerce,"Online Marketplace For Handicrafts, Handlooms And Local Produce",Srinagar,Seed/ Angel Funding,0.0,alok divatia,alok mittal  sachin bhatia,2018,June
383,383,2018-06-04,Kashmir Box,E-Commerce,"Online Marketplace For Handicrafts, Handlooms And Local Produce",Srinagar,Seed/ Angel Funding,0.0,namrata kaul,namrata kaul,2018,June
384,384,2018-06-04,Kashmir Box,E-Commerce,"Online Marketplace For Handicrafts, Handlooms And Local Produce",Srinagar,Seed/ Angel Funding,0.0,sohail hashemi,il,2018,June
385,385,2018-06-04,Kashmir Box,E-Commerce,"Online Marketplace For Handicrafts, Handlooms And Local Produce",Srinagar,Seed/ Angel Funding,0.0,aijaz saleem,aijaz saleem,2018,June
386,386,2018-06-05,Crowdera,Finance,Online Crowdfunding Platform,Nagpur,Seed/ Angel Funding,0.0,anil advani,il,2018,June
387,387,2018-06-05,Crowdera,Finance,Online Crowdfunding Platform,Nagpur,Seed/ Angel Funding,0.0,pramod jain,aj ventures  jain international trade organisation jito,2018,June
388,388,2018-06-05,Crowdera,Finance,Online Crowdfunding Platform,Nagpur,Seed/ Angel Funding,0.0,amrendra reddy  manish satnaliwala,ravikanth reddy,2018,June
389,389,2018-06-05,Zoctr,Healthcare,Online Healthcare Aggregator,Mumbai,Seed/ Angel Funding,0.0,nb ventures  others,others,2018,June
390,390,2018-06-07,Annapurna Finance,Finance,Non-Banking Financial Company,Bhubneswar,Private Equity,216.66,oman india joint investment fund oijif,vertex growth fund,2018,June
391,391,2018-06-07,Meesho,Consumer Internet,Online Marketplace For Resellers,Bengaluru,Private Equity,108.33,sequoia capital,quona capital,2018,June
392,392,2018-06-07,Meesho,Consumer Internet,Online Marketplace For Resellers,Bengaluru,Private Equity,108.33,saif partners,saif partners  lgt impact ventures,2018,June
393,393,2018-06-07,Meesho,Consumer Internet,Online Marketplace For Resellers,Bengaluru,Private Equity,108.33,y combinator  venture highway,venture highway,2018,June
394,394,2018-06-10,AyeFinance,Finance,Online Lending Platform,Gurugram,Private Equity,202.53,capitalg,capitalg,2018,June
395,395,2018-06-10,AyeFinance,Finance,Online Lending Platform,Gurugram,Private Equity,202.53,saif partners  lgt impact ventures,saif partners,2018,June
396,396,2018-06-11,Theranosis,Healthcare,Specialised diagnostics Platform,Hyderabad,Seed/ Angel Funding,0.0,mumbai angels network,mumbai angels,2018,June
397,397,2018-06-12,Alpha Capital,Finance,Supplychain Finance,Mumbai,Private Equity,139.416,alpha capital,alfa capital,2018,June
398,398,2018-06-12,eshakti,E-Commerce,Fashion e-tailer,Chennai,Private Equity,95.142,paragon partners,stellaris venture partners,2018,June
399,399,2018-06-12,Daily Ninja,Consumer Internet,Hyperlocal Delivery Platform,Bengaluru,Seed/ Angel Funding,28.26,sequoia capital,quona capital,2018,June
400,400,2018-06-13,NirogStreet,Healthcare,An Online Platform That Connects Ayurveda Doctors With Patients,Gurugram,Seed/ Angel Funding,2.826,spiral ventures,sierra ventures,2018,June
401,401,2018-06-13,NirogStreet,Healthcare,An Online Platform That Connects Ayurveda Doctors With Patients,Gurugram,Seed/ Angel Funding,2.826,subho ray  samir kumar,praveer kumar,2018,June
402,402,2018-06-13,Nivesh,Finance,Mass Market Mutual Fund Investment Platform,Noida,Seed/ Angel Funding,4.239,letsventure,lets venture,2018,June
403,403,2018-06-13,Nivesh,Finance,Mass Market Mutual Fund Investment Platform,Noida,Seed/ Angel Funding,4.239,rajan anan,rajan anan from google,2018,June
404,404,2018-06-13,Nivesh,Finance,Mass Market Mutual Fund Investment Platform,Noida,Seed/ Angel Funding,4.239,basab pradhan,basab pradhan,2018,June
405,405,2018-06-13,Nivesh,Finance,Mass Market Mutual Fund Investment Platform,Noida,Seed/ Angel Funding,4.239,vivek khare  bijoy george,vivek shah,2018,June
406,406,2018-06-13,Whatxe2x80x99s Up Life,Consumer Internet,"A Local Discovery App For Dining-Out, Party, Leisure and Events",Gurugram,Seed/ Angel Funding,0.0,rannvijay singha,rannvijay singh,2018,June
407,407,2018-06-14,HomeLane,Consumer Internet,Online Home Furnishing Solutions,Bengaluru,Seed/ Angel Funding,32.499,br capital,b capital,2018,June
408,408,2018-06-14,Network Intelligence,Technology,Cybersecurity Specialist,Mumbai,Private Equity,45.216,helix investments,burda principal investments,2018,June
409,409,2018-06-18,Tynor Othontics,Healthcare,Prosthetics Manufacturers,Chandigarh,Private Equity,197.82,lighthouse funds,lighthouse,2018,June
410,410,2018-06-18,Tynor Othontics,Healthcare,Prosthetics Manufacturers,Chandigarh,Private Equity,197.82,thuasne participations,thuasne participations,2018,June
411,411,2018-06-18,Elucidata,IT,Data Analytics (SaaS),Delhi & Cambridge,Seed/ Angel Funding,16.014,hyperplane venture capital  several angel investors,angel investors,2018,June
412,412,2018-06-19,Chrysalis,Ed-Tech,Education Services Provider,Pune,Seed/ Angel Funding,0.0,menterra venture,ps1 venture  globallogic cofounder rajul garg,2018,June
413,413,2018-06-19,Chrysalis,Ed-Tech,Education Services Provider,Pune,Seed/ Angel Funding,0.0,artha initiatives,artha initiatives,2018,June
414,414,2018-06-19,RentSher,Consumer Internet,Online Rental Marketplace,Bengaluru,Seed/ Angel Funding,10.362,shorooq investments,al nour international holdings  mark v investments,2018,June
415,415,2018-06-19,RentSher,Consumer Internet,Online Rental Marketplace,Bengaluru,Seed/ Angel Funding,10.362,letsventure,lets venture,2018,June
416,416,2018-06-19,RentSher,Consumer Internet,Online Rental Marketplace,Bengaluru,Seed/ Angel Funding,10.362,others,other,2018,June
417,417,2018-06-20,Drip capital,Finance,Trade Finance Firm,Mumbai,Private Equity,141.3,accel,accel,2018,June
418,418,2018-06-20,Drip capital,Finance,Trade Finance Firm,Mumbai,Private Equity,141.3,sequoia capital,quona capital,2018,June
419,419,2018-06-20,Drip capital,Finance,Trade Finance Firm,Mumbai,Private Equity,141.3,y combinator  others,others,2018,June
420,420,2018-06-22,WickedRide,Consumer Internet,Online Motorbike And Scooter Rental Platforms,Bengaluru,Private Equity,85.722,sequoia capital,quona capital,2018,June
421,421,2018-06-22,WickedRide,Consumer Internet,Online Motorbike And Scooter Rental Platforms,Bengaluru,Private Equity,85.722,accel,accel,2018,June
422,422,2018-06-22,WickedRide,Consumer Internet,Online Motorbike And Scooter Rental Platforms,Bengaluru,Private Equity,85.722,raghunan gangappa,raghunan g,2018,June
423,423,2018-06-25,PolicyBazaar,Consumer Internet,Online Insurance Selling Platform,Gurugram,Private Equity,1884.0,softbank,softbank,2018,June
424,424,2018-06-25,PolicyBazaar,Consumer Internet,Online Insurance Selling Platform,Gurugram,Private Equity,1884.0,info edge india ltd,info edge india ltd  temasek,2018,June
425,425,2018-06-25,HipBar,Consumer Internet,Digital Payment Platform For Beverage Delivery,Bengaluru,Private Equity,37.68,diageo india,sc gg india mobility holdings llc,2018,June
426,426,2018-06-25,Sqqrl,Finance,App-based investment platform,Gurugram,Seed/ Angel Funding,9.42,equanimity venture fund,equanimity ventures,2018,June
427,427,2018-06-26,Paytm,Technology,Digital Payment Platform,Noida,Private Equity,84.309,one 97 communications,one97 communications,2018,June
428,428,2018-06-26,Sigtuple,Healthcare,Data Driven Intelligence Solutions Platform,Bengaluru,Private Equity,178.98,accel,accel,2018,June
429,429,2018-06-26,Sigtuple,Healthcare,Data Driven Intelligence Solutions Platform,Bengaluru,Private Equity,178.98,idg venture,idg ventures,2018,June
430,430,2018-06-26,Sigtuple,Healthcare,Data Driven Intelligence Solutions Platform,Bengaluru,Private Equity,178.98,endiya partners,endiya partnersnn,2018,June
431,431,2018-06-26,Sigtuple,Healthcare,Data Driven Intelligence Solutions Platform,Bengaluru,Private Equity,178.98,pi ventures,purvi ventures,2018,June
432,432,2018-06-26,Sigtuple,Healthcare,Data Driven Intelligence Solutions Platform,Bengaluru,Private Equity,178.98,vh capital,vy capital,2018,June
433,433,2018-06-26,Sigtuple,Healthcare,Data Driven Intelligence Solutions Platform,Bengaluru,Private Equity,178.98,axilor ventures  binny bansal,axilor ventures,2018,June
434,434,2018-06-27,Wow Express,Technology,E-commerce Logistics Platform,Mumbai,Private Equity,42.39,undisclosed,undisclosed,2018,June
435,435,2018-06-28,Front Desk AI,Technology,An AI Platform Offering Automated Customer Service Software,Bengaluru,Seed/ Angel Funding,10.362,speciale invest,speciale invest,2018,June
436,436,2018-06-28,Front Desk AI,Technology,An AI Platform Offering Automated Customer Service Software,Bengaluru,Seed/ Angel Funding,10.362,others,other,2018,June
437,437,2018-06-28,Edureka,Ed-Tech,Online Education Platform,Bengaluru,Seed/ Angel Funding,18.84,leo capital,lok capital,2018,June
438,438,2018-06-29,Numeroseven,Technology,An Artificial Intelligence-Based Recruitment Platform,Kolkatta,Seed/ Angel Funding,0.0,shiva gunapu,shiva gunapu,2018,June
439,439,2018-06-29,Numeroseven,Technology,An Artificial Intelligence-Based Recruitment Platform,Kolkatta,Seed/ Angel Funding,0.0,others,other,2018,June
440,440,2018-05-02,OpenTap,Finance,Online Lending Platform,Chennai,Seed / Angel Funding,4.239,unknown high networth individuals,unknown high networth individuals,2018,May
441,441,2018-05-02,Bizongo,Consumer Internet,Aggregator For Packaging Material,Mumbai,Private Equity,207.24,b capital,br capital,2018,May
442,442,2018-05-02,Bizongo,Consumer Internet,Aggregator For Packaging Material,Mumbai,Private Equity,207.24,international finance corporation ifc,international finance corporation,2018,May
443,443,2018-05-02,Bizongo,Consumer Internet,Aggregator For Packaging Material,Mumbai,Private Equity,207.24,accel,accel,2018,May
444,444,2018-05-03,Disprz,IT,SaaS,Chennai,Seed / Angel Funding,23.55,il,axilor ventures,2018,May
445,445,2018-05-03,Disprz,IT,SaaS,Chennai,Seed / Angel Funding,23.55,fs private equity,tiw private equity,2018,May
446,446,2018-05-03,Disprz,IT,SaaS,Chennai,Seed / Angel Funding,23.55,kae capital,vc firms india quotient  kae capital,2018,May
447,447,2018-05-03,Disprz,IT,SaaS,Chennai,Seed / Angel Funding,23.55,others,other,2018,May
448,448,2018-05-07,PaisaDukan,Consumer Internet,P2P Lending Platform,Mumbai,Seed / Angel Funding,2.1195,undisclosed,undisclosed,2018,May
449,449,2018-05-09,i3sysytems,Technology,AI product company For Health and Life Insurane Companies,Mumbai,Seed / Angel Funding,9.42,unitus ventures,breakthrough energy ventures,2018,May
450,450,2018-05-09,i3sysytems,Technology,AI product company For Health and Life Insurane Companies,Mumbai,Seed / Angel Funding,9.42,behram vakil  jerxis vrevala,behram vakil  jerxis vrevala,2018,May
451,451,2018-05-11,Earth Food,Consumer Internet,Agri-tech,Pune,Seed / Angel Funding,8.93958,rairah corporation,ss capital  international finance corporation,2018,May
452,452,2018-05-14,Nykaa,Consumer Internet,Beauty e-tailer,Mumbai,Private Equity,226.08,sunil munjal,sunil kant munjal,2018,May
453,453,2018-05-14,Nykaa,Consumer Internet,Beauty e-tailer,Mumbai,Private Equity,226.08,harsh mariwala,paula ravindra mariwala,2018,May
454,454,2018-05-14,Nykaa,Consumer Internet,Beauty e-tailer,Mumbai,Private Equity,226.08,dalip pathak  others,others,2018,May
455,455,2018-05-16,mfine,Healthcare,Doctor-Consultation App,Bengaluru,Private Equity,39.564,prime venture partners,prime venture partners  others,2018,May
456,456,2018-05-16,mfine,Healthcare,Doctor-Consultation App,Bengaluru,Private Equity,39.564,stellaris venture partners  mayur abhaya srisrimal,stellaris venture partners,2018,May
457,457,2018-05-21,Rocketium,Technology,Online Video Creation Platform,Bengaluru,Seed/ Angel Funding,2.826,blume ventures,blume ventures  rtp global,2018,May
458,458,2018-05-21,MilkBasket,Technology,Micro-Delivery Grocery Startup,Gurugram,Private Equity,65.94,kalaari capital,romulus capital  kalaari capital,2018,May
459,459,2018-05-21,MilkBasket,Technology,Micro-Delivery Grocery Startup,Gurugram,Private Equity,65.94,unilever ventures  blume ventures,blume ventures,2018,May
460,460,2018-05-22,Ola,Finance,Micro Lending Platform,Bengaluru,Seed/ Angel Funding,4.71,credika  unnamed angel investors,unnamed angel investors,2018,May
461,461,2018-05-22,Cashkumar,Consumer Internet,P2P Lending Platform,Bengaluru,Seed/ Angel Funding,6.9237,letsventure,lets venture,2018,May
462,462,2018-05-23,Edyoo,E-Commerce,Products For Shoolgoing Children,Bengaluru,Seed/ Angel Funding,6.9237,rs shanbag,rs shanbag,2018,May
463,463,2018-05-23,Aashiyaan,Finance,Housing Finance For Low-Income Families,Kolkata,Seed/ Angel Funding,18.84,insistor,insistor,2018,May
464,464,2018-05-23,Aashiyaan,Finance,Housing Finance For Low-Income Families,Kolkata,Seed/ Angel Funding,18.84,oikocredit,cooperative oikocredit,2018,May
465,465,2018-05-24,Smartivity,Ed-tech,Designer Of Toys and Learning Projects For Kids,Delhi,Seed/ Angel Funding,18.84,ashish kacholi,ashish ch,2018,May
466,466,2018-05-24,Smartivity,Ed-tech,Designer Of Toys and Learning Projects For Kids,Delhi,Seed/ Angel Funding,18.84,s ch group,s ch,2018,May
467,467,2018-05-24,Bonphulapl,Clean-tech,Oxygen Optimiser Manufacturer,Delhi,Seed/ Angel Funding,2.76006,atul gupta  saurabh rastogi,jitendra gupta,2018,May
468,468,2018-05-27,Acko,Consumer Internet,Online Insurance Platform,Mumbai,Seed/ Angel Funding,113.04,amazon,amazon alexa fund,2018,May
469,469,2018-05-27,Acko,Consumer Internet,Online Insurance Platform,Mumbai,Seed/ Angel Funding,113.04,ashish dhawan,sunil goyal ashish gupta,2018,May
470,470,2018-05-27,Acko,Consumer Internet,Online Insurance Platform,Mumbai,Seed/ Angel Funding,113.04,catamaran ventures,cataraman ventures,2018,May
471,471,2018-05-27,Acko,Consumer Internet,Online Insurance Platform,Mumbai,Seed/ Angel Funding,113.04,nr narayana murthy,nr narayana murthy,2018,May
472,472,2018-05-28,HWell24,Healthcare,Home Healthcare Aggregator,Mumbai,Seed/ Angel Funding,1.884,prashant mehta,prashant gupta  others,2018,May
473,473,2018-05-28,HWell24,Healthcare,Home Healthcare Aggregator,Mumbai,Seed/ Angel Funding,1.884,mitali pawar,mitali pawar,2018,May
474,474,2018-05-28,HWell24,Healthcare,Home Healthcare Aggregator,Mumbai,Seed/ Angel Funding,1.884,nikhil g  bhavesh p,alphabets growth investment arm capital g  axis bank,2018,May
475,475,2018-05-28,HWell24,Healthcare,Home Healthcare Aggregator,Mumbai,Seed/ Angel Funding,1.884,r ranganathan,prashanth ranganathan,2018,May
476,476,2018-05-28,HWell24,Healthcare,Home Healthcare Aggregator,Mumbai,Seed/ Angel Funding,1.884,oncotrust  medintel services pvt ltd,pine labs pte ltd,2018,May
477,477,2018-05-29,Toffee,Consumer Internet,Online Insurance Platform,Gurugram,Seed/ Angel Funding,14.13,kalaari capital,romulus capital  kalaari capital,2018,May
478,478,2018-05-29,Toffee,Consumer Internet,Online Insurance Platform,Gurugram,Seed/ Angel Funding,14.13,omidyar network  accion venture labs,omidyar network,2018,May
479,479,2018-05-29,Tonetag,Technology,Mobile Payments Technology Platform,Bengaluru,Private Equity,75.36,amazon inc  mastercard,amazon,2018,May
480,480,2018-05-30,Events High,Consumer Internet,Events and Activities Discovery Platform,Bengaluru,Private Equity,0.0,treebo,treebo,2018,May
481,481,2018-05-30,Stellaps,Technology,Iot Application Platform In Agriculture,Bengaluru,Private Equity,131.88,indusage partners,indus age partners,2018,May
482,482,2018-05-30,Stellaps,Technology,Iot Application Platform In Agriculture,Bengaluru,Private Equity,131.88,bill,hornbill orchid india fund,2018,May
483,483,2018-05-30,Stellaps,Technology,Iot Application Platform In Agriculture,Bengaluru,Private Equity,131.88,melinda gates foundation,melinda gates foundation,2018,May
484,484,2018-05-30,Stellaps,Technology,Iot Application Platform In Agriculture,Bengaluru,Private Equity,131.88,qualcomm venture,qualcomm ventures,2018,May
485,485,2018-05-30,Stellaps,Technology,Iot Application Platform In Agriculture,Bengaluru,Private Equity,131.88,abb technology ventures,snow leopard technology ventures,2018,May
486,486,2018-05-30,Stellaps,Technology,Iot Application Platform In Agriculture,Bengaluru,Private Equity,131.88,omnivore,m,2018,May
487,487,2018-05-30,Stellaps,Technology,Iot Application Platform In Agriculture,Bengaluru,Private Equity,131.88,blume ventures,blume ventures  rtp global,2018,May
488,488,2018-05-30,Stellaps,Technology,Iot Application Platform In Agriculture,Bengaluru,Private Equity,131.88,venture highway  beenext,venture highway,2018,May
489,489,2018-05-31,Credright,Consumer Internet,Lending Platform For SMEs,Hyderabad,Seed/ Angel Funding,12.246,accion venture lab,accion venture labs,2018,May
490,490,2018-05-31,Credright,Consumer Internet,Lending Platform For SMEs,Hyderabad,Seed/ Angel Funding,12.246,yournest venture capital and other angel investors,angel investors,2018,May
491,491,2018-04-02,Fitternity,Consumer Internet,Online Fitness Discovey Platform,Mumbai,Private Equity,18.84,exfinity venture,exfinity ventures,2018,April
492,492,2018-04-02,Fitternity,Consumer Internet,Online Fitness Discovey Platform,Mumbai,Private Equity,18.84,saha fund partners,saha fund,2018,April
493,493,2018-04-02,Fitternity,Consumer Internet,Online Fitness Discovey Platform,Mumbai,Private Equity,18.84,arihant patni of patni family office,arihant patni,2018,April
494,494,2018-04-02,Fitternity,Consumer Internet,Online Fitness Discovey Platform,Mumbai,Private Equity,18.84,anjali bansal,axilor ventures  binny bansal,2018,April
495,495,2018-04-02,Fitternity,Consumer Internet,Online Fitness Discovey Platform,Mumbai,Private Equity,18.84,shardul amarch mangaldas,shardul amarch mangaldas,2018,April
496,496,2018-04-02,Fitternity,Consumer Internet,Online Fitness Discovey Platform,Mumbai,Private Equity,18.84,satish khanna  taparia family office,prasid uno family trust,2018,April
497,497,2018-04-02,Synctag,Technology,Social Media Anlaytics Platform,Coimbatore,Seed / Angel Funding,2.897592,subhkam ventures  mohit khadaria,chiratae ventures,2018,April
498,498,2018-04-02,Benepik,Technology,Enhanced Employee Engagement Platform,Gurugram,Seed / Angel Funding,0.0,vishal bali,vishal malik,2018,April
499,499,2018-04-02,Benepik,Technology,Enhanced Employee Engagement Platform,Gurugram,Seed / Angel Funding,0.0,yogesh misra,yogesh misra,2018,April
500,500,2018-04-02,Benepik,Technology,Enhanced Employee Engagement Platform,Gurugram,Seed / Angel Funding,0.0,thomas assessments  others,others,2018,April
501,501,2018-04-02,Finzy,Consumer Internet,Online Loan Matchmaking Platform,Bengaluru,Seed / Angel Funding,12.246,undisclosed,undisclosed,2018,April
502,502,2018-04-04,Varthana,Finance,Loans and Services To Affordable Private Schools in India,Bengaluru,Private Equity,518.1,chryscapital,chryscapital,2018,April
503,503,2018-04-04,Varthana,Finance,Loans and Services To Affordable Private Schools in India,Bengaluru,Private Equity,518.1,existing investors,valpro capital  existing investors,2018,April
504,504,2018-04-04,Varthana,Finance,Loans and Services To Affordable Private Schools in India,Bengaluru,Private Equity,518.1,elevar equity,susquehanna growth equity,2018,April
505,505,2018-04-04,Varthana,Finance,Loans and Services To Affordable Private Schools in India,Bengaluru,Private Equity,518.1,lgt impact,saif partners  lgt impact ventures,2018,April
506,506,2018-04-04,Varthana,Finance,Loans and Services To Affordable Private Schools in India,Bengaluru,Private Equity,518.1,omidyar network  kaizen private equity also participated in the round,omidyar network,2018,April
507,507,2018-04-05,IndigoLearn,Ed-Tech,Online Education Platform,Hyderabad,Seed / Angel Funding,1.413,maheshwar peri,maheshwar peri,2018,April
508,508,2018-04-05,IndigoLearn,Ed-Tech,Online Education Platform,Hyderabad,Seed / Angel Funding,1.413,founder  chairman of career information portal careers360,rashmi daga founder,2018,April
509,509,2018-04-05,IndigoLearn,Ed-Tech,Online Education Platform,Hyderabad,Seed / Angel Funding,1.413,jamshed jeejeebhoy,director at byramjee jeejeebhoy pvt ltd were among the angels,2018,April
510,510,2018-04-05,IndigoLearn,Ed-Tech,Online Education Platform,Hyderabad,Seed / Angel Funding,1.413,director at byramjee jeejeebhoy pvt ltd were among the angels,mumbai angels,2018,April
511,511,2018-04-05,Vedantu,Ed-Tech,Interactive Online Tutoring Platform,Bangalore,Private Equity,94.2,accel,accel,2018,April
512,512,2018-04-05,Vedantu,Ed-Tech,Interactive Online Tutoring Platform,Bangalore,Private Equity,94.2,tiger global,ping an global voyager fund,2018,April
513,513,2018-04-09,Kaleidofin,Fiinance,Digital Financial Services Platform,Chennai,Seed / Angel Funding,26.376,omidyar network blume ventures  professor shlomo benhaim,blume ventures,2018,April
514,514,2018-04-09,Pipabella,Consumer Internet,Fashion Accessories Etailer,Mumbai,Seed / Angel Funding,9.42,fireside ventures,healthquad  fireside ventures,2018,April
515,515,2018-04-09,Elemential,Technology,Blockchain Platform,Mumbai,Seed / Angel Funding,0.0,matrix partner,bessemer venture partner,2018,April
516,516,2018-04-09,Elemential,Technology,Blockchain Platform,Mumbai,Seed / Angel Funding,0.0,amrish rau,amrish rau from payu india,2018,April
517,517,2018-04-09,Elemential,Technology,Blockchain Platform,Mumbai,Seed / Angel Funding,0.0,investopad,investopad,2018,April
518,518,2018-04-09,Elemential,Technology,Blockchain Platform,Mumbai,Seed / Angel Funding,0.0,digital currency group,manipal education  medical group memg,2018,April
519,519,2018-04-09,Elemential,Technology,Blockchain Platform,Mumbai,Seed / Angel Funding,0.0,hinduja group,manipal education  medical group memg,2018,April
520,520,2018-04-09,Elemential,Technology,Blockchain Platform,Mumbai,Seed / Angel Funding,0.0,lightspeed india,xc2xa0 lightspeed india,2018,April
521,521,2018-04-09,Elemential,Technology,Blockchain Platform,Mumbai,Seed / Angel Funding,0.0,eight innovate,eight roads ventures india,2018,April
522,522,2018-04-09,Elemential,Technology,Blockchain Platform,Mumbai,Seed / Angel Funding,0.0,amit ranjan,xc2xa0 amit ranjan,2018,April
523,523,2018-04-09,Elemential,Technology,Blockchain Platform,Mumbai,Seed / Angel Funding,0.0,prashant malik  others,others,2018,April
524,524,2018-04-09,Kriger Campus,Ed-Tech,Mobile-Based Education Network,Delhi,Seed / Angel Funding,0.4346388,undisclosed,undisclosed,2018,April
525,525,2018-04-10,Loanzen,Finance,Digital Lending Platform In Logistics,Bengaluru,Seed / Angel Funding,0.0,kae capital management,tekne capital management,2018,April
526,526,2018-04-10,TravelTriangle,Consumer Internet,Online Travel Marketplace,Gurugram,Private Equity,113.04,fundamentum,fundamentum,2018,April
527,527,2018-04-10,TravelTriangle,Consumer Internet,Online Travel Marketplace,Gurugram,Private Equity,113.04,saif partners,saif partners  lgt impact ventures,2018,April
528,528,2018-04-10,TravelTriangle,Consumer Internet,Online Travel Marketplace,Gurugram,Private Equity,113.04,bessemer venture partners,bessemer venture partner,2018,April
529,529,2018-04-10,TravelTriangle,Consumer Internet,Online Travel Marketplace,Gurugram,Private Equity,113.04,rb investments,rb investments pte ltd,2018,April
530,530,2018-04-10,TravelTriangle,Consumer Internet,Online Travel Marketplace,Gurugram,Private Equity,113.04,others,other,2018,April
531,531,2018-04-12,Letsmd,Healthcare,Platform To Discover Healthcare Financing Options,Delhi,Seed / Angel Funding,9.42,sri capital,br capital,2018,April
532,532,2018-04-12,Letsmd,Healthcare,Platform To Discover Healthcare Financing Options,Delhi,Seed / Angel Funding,9.42,waterbridge ventures  thinkuvate,waterbridge ventures,2018,April
533,533,2018-04-12,AyeFinance,Finance,Online Lending Platform,Gurugram,Debt Funding,43.332,blueorchard finance ltd,blue orchard,2018,April
534,534,2018-04-12,AyeFinance,Finance,Online Lending Platform,Gurugram,Debt Funding,43.332,hinduja leyl finance  intellegrow,hinduja leyl finance,2018,April
535,535,2018-04-13,mintifi,Finance,Online Lending Platform,Mumbai,Seed / Angel Funding,18.84,lok capital,leo capital,2018,April
536,536,2018-04-16,icanstay,Consumer Internet,Online Platform For Luxury Hotel Stay For Business Travelers,Delhi,Seed / Angel Funding,4.71,mr manoj prasad,mr jones,2018,April
537,537,2018-04-16,Pregbuddy,Healthcare,Connected Care App For Pregnant Women,Bengaluru,Seed / Angel Funding,0.0,rajan anan,rajan anan from google,2018,April
538,538,2018-04-16,Pregbuddy,Healthcare,Connected Care App For Pregnant Women,Bengaluru,Seed / Angel Funding,0.0,madhusudhan kannan,madhusudhan kannan,2018,April
539,539,2018-04-16,Pregbuddy,Healthcare,Connected Care App For Pregnant Women,Bengaluru,Seed / Angel Funding,0.0,jayant kadambi,jayant kadambi,2018,April
540,540,2018-04-16,Pregbuddy,Healthcare,Connected Care App For Pregnant Women,Bengaluru,Seed / Angel Funding,0.0,puneet gupta  pradeep k jaisingh,puneet gupta,2018,April
541,541,2018-04-18,Coverfox,Consumer Internet,Online Insurance Aggregator,Mumbai,Private Equity,207.24,international finance corporation,ss capital  international finance corporation,2018,April
542,542,2018-04-18,Coverfox,Consumer Internet,Online Insurance Aggregator,Mumbai,Private Equity,207.24,transamerica  others,others,2018,April
543,543,2018-04-19,Lenskart,Consumer Internet,Online Eyewear Retailer,Faridabad,Private Equity,0.0,tr capital,br capital,2018,April
544,544,2018-04-19,mamaearth,Healthcare,Online Baby care Products,Gurugram,Private Equity,0.0,shilpa shetty kundra,kiran shetty,2018,April
545,545,2018-04-19,Fyle Technologies,Technology,AI Based Expense Management Platform,Bengaluru,Seed / Angel Funding,10.362,pravega ventures  beenext,beenext,2018,April
546,546,2018-04-19,True Balance,Technology,Mobile Balance Checking App,Gurugram,Private Equity,216.66,line ventures corporation,axilor ventures,2018,April
547,547,2018-04-19,True Balance,Technology,Mobile Balance Checking App,Gurugram,Private Equity,216.66,line corp,co,2018,April
548,548,2018-04-19,True Balance,Technology,Mobile Balance Checking App,Gurugram,Private Equity,216.66,naver,naver,2018,April
549,549,2018-04-19,True Balance,Technology,Mobile Balance Checking App,Gurugram,Private Equity,216.66,shinhan bank  ts investment,dig investment ab,2018,April
550,550,2018-04-22,Visit,Healthcare,AI Driven Health tech Platform,Delhi,Private Equity,0.0,biz stone,biz stone,2018,April
551,551,2018-04-22,Visit,Healthcare,AI Driven Health tech Platform,Delhi,Private Equity,0.0,kunal bahl,kunal shah  manish patel,2018,April
552,552,2018-04-22,Visit,Healthcare,AI Driven Health tech Platform,Delhi,Private Equity,0.0,rohit bansal,rohit,2018,April
553,553,2018-04-22,Visit,Healthcare,AI Driven Health tech Platform,Delhi,Private Equity,0.0,alagu periyannan  karthee madasamy,karthee madasamay,2018,April
554,554,2018-04-22,Doxper,Healthcare,Digitized Health-Tech Solutions For Practitioners,Mumbai,Seed / Angel Funding,17.898,vidal healthcare,maverick capital ltd  hbm healthcare investments ltd,2018,April
555,555,2018-04-22,Nykaa,Consumer Internet,Beauty e-tailer,Mumbai,Private Equity,103.62,sunil munjal,sunil kant munjal,2018,April
556,556,2018-04-22,Nykaa,Consumer Internet,Beauty e-tailer,Mumbai,Private Equity,103.62,harsh mariwala,paula ravindra mariwala,2018,April
557,557,2018-04-22,Nykaa,Consumer Internet,Beauty e-tailer,Mumbai,Private Equity,103.62,dalip pathak  others,others,2018,April
558,558,2018-04-23,Mihuru,Finance,Online Platform Providing Micro Loans For Air Travel,Mumbai,Seed / Angel Funding,1.413,undisclosed,undisclosed,2018,April
559,559,2018-04-23,Capital Float,Finance,Online Lending Platform,Bengaluru,Private Equity,207.24,amazon,amazon alexa fund,2018,April
560,560,2018-04-25,Trip shelf,Consumer Internet,Online Travel Marketplace,Delhi,Seed / Angel Funding,2.31732,gems advisory,gems,2018,April
561,561,2018-04-25,Trip shelf,Consumer Internet,Online Travel Marketplace,Delhi,Seed / Angel Funding,2.31732,alok mittal  sachin bhatia,alok mittal,2018,April
562,562,2018-04-26,POPxo,Technology,Women Focussed Digital Media Platform,Delhi,Private Equity,51.81,neoplux,sabre partners  neoplux,2018,April
563,563,2018-04-26,POPxo,Technology,Women Focussed Digital Media Platform,Delhi,Private Equity,51.81,oppo,srini koppolu,2018,April
564,564,2018-04-26,POPxo,Technology,Women Focussed Digital Media Platform,Delhi,Private Equity,51.81,idg ventures india,dg ventures india,2018,April
565,565,2018-04-26,POPxo,Technology,Women Focussed Digital Media Platform,Delhi,Private Equity,51.81,kalaari capital,romulus capital  kalaari capital,2018,April
566,566,2018-04-26,POPxo,Technology,Women Focussed Digital Media Platform,Delhi,Private Equity,51.81,gree ventures  summit media,gree ventures,2018,April
567,567,2018-04-26,RailYatri,Consumer Internet,Online Travel Ticketing Platform,Noida,Private Equity,0.0,omidyar network,omidyar networks,2018,April
568,568,2018-04-26,RailYatri,Consumer Internet,Online Travel Ticketing Platform,Noida,Private Equity,0.0,nan nilekani,il,2018,April
569,569,2018-04-26,RailYatri,Consumer Internet,Online Travel Ticketing Platform,Noida,Private Equity,0.0,blume ventures,blume ventures  rtp global,2018,April
570,570,2018-04-26,RailYatri,Consumer Internet,Online Travel Ticketing Platform,Noida,Private Equity,0.0,helion venture partners,helion ventures partners,2018,April
571,571,2018-04-27,1mg,Consumer Internet,Online Pharmacy Store,Gurugram,Private Equity,94.2,sequoia capital,quona capital,2018,April
572,572,2018-04-27,1mg,Consumer Internet,Online Pharmacy Store,Gurugram,Private Equity,94.2,maverick capital ltd  hbm healthcare investments ltd,hbm healthcare investments,2018,April
573,573,2018-04-29,Rubique,Consumer Internet,Online Lending MarketPlace,Mumbai,Private Equity,0.0,emery capital,meru capital,2018,April
574,574,2018-04-29,Rubique,Consumer Internet,Online Lending MarketPlace,Mumbai,Private Equity,0.0,blacksoil  kalaari capital,kalaari capital,2018,April
575,575,2018-04-30,Samco,Consumer Internet,Online Stock Broker,Mumbai,Private Equity,70.65,bay capital investments  others,others,2018,April
576,576,2018-04-30,MyLoanCare,Finance,B2C Online Loans Marketplace,Gurgaon,Seed / Angel Funding,9.21276,sar group,manipal education  medical group memg,2018,April
577,577,2018-03-01,PharmEasy,Consumer Internet,Online Pharmacy Store,Mumbai,Private Equity,0.0,bessemer venture partners  orios venture partners,bessemer venture partners,2018,March
578,578,2018-03-01,PharmEasy,Consumer Internet,Online Pharmacy Store,Mumbai,Private Equity,0.0,jm financials  memg,manipal education  medical group memg,2018,March
579,579,2018-03-01,Buddy4studdy,Consumer Internet,Online Scholarship Portal,Noida,Private Equity,28.26,cba capital  others,br capital  others,2018,March
580,580,2018-03-01,Urban Ladder,E-Commerce,Online Furniture Store,Bengaluru,Private Equity,113.04,sequoia capital,quona capital,2018,March
581,581,2018-03-01,Urban Ladder,E-Commerce,Online Furniture Store,Bengaluru,Private Equity,113.04,saif partners  kalaari capital,kalaari capital partners,2018,March
582,582,2018-03-03,Kuvera,Consumer Internet,Online Financial Planning,Bengaluru,Seed / Angel Funding,2.355,indian angel network,india quotient  letsventures angel fund,2018,March
583,583,2018-03-03,Kuvera,Consumer Internet,Online Financial Planning,Bengaluru,Seed / Angel Funding,2.355,saket kumar,subho ray  samir kumar,2018,March
584,584,2018-03-03,Kuvera,Consumer Internet,Online Financial Planning,Bengaluru,Seed / Angel Funding,2.355,gaurav suri  ankit kesarwani,ankit bhati,2018,March
585,585,2018-03-04,Gramophone,Technology,Agri-tech,Indore,Seed/Angel Funding,9.42,infoedge,info edge,2018,March
586,586,2018-03-05,Wellthy,Healthcare,Therapeutics,Mumbai,Private Equity,19.782,ranjan pai,dr ranjan pai,2018,March
587,587,2018-03-05,Wellthy,Healthcare,Therapeutics,Mumbai,Private Equity,19.782,apoorva patni,arihant patni of patni family office,2018,March
588,588,2018-03-05,Wellthy,Healthcare,Therapeutics,Mumbai,Private Equity,19.782,beenext ventures,beenext,2018,March
589,589,2018-03-05,Wellthy,Healthcare,Therapeutics,Mumbai,Private Equity,19.782,growx ventures,growx,2018,March
590,590,2018-03-05,MedGenome,Healthcare,"Genetic Screening, DNA Diagnostics Labs & Research Centers",Bengaluru,Private Equity,94.2,hdfc life,hdfc,2018,March
591,591,2018-03-05,MedGenome,Healthcare,"Genetic Screening, DNA Diagnostics Labs & Research Centers",Bengaluru,Private Equity,94.2,hdfc asset management,hdfc,2018,March
592,592,2018-03-05,Finova Capital,Consumer Internet,Online Lending,Jaipur,Private Equity,56.52,sequoia capital,quona capital,2018,March
593,593,2018-03-05,Hotelogix,Technology,Cloud based Online Hotel Management Software,Noida,Private Equity,47.1,vertex ventures,vertex ventures southeast asia sea  india  sistema asia fund,2018,March
594,594,2018-03-05,Hotelogix,Technology,Cloud based Online Hotel Management Software,Noida,Private Equity,47.1,accel,accel,2018,March
595,595,2018-03-04,Livehealth,Consumer Internet,Health Service Aggregator Platform,Pune,Seed / Angel Funding,10.362,nexus venture partners,norwest venture partners,2018,March
596,596,2018-03-06,Ad2pro,Technology,"Creative Design, Brand, Media and Technology Platform Solutions",Chennai,Debt Funding,91.374,avendus finance pvt ltd,avendus finance,2018,March
597,597,2018-03-06,Coverfox,Consumer Internet,Online Insurance Aggregator,Mumbai,Private Equity,71.592,aegon nv,nederlse financieringsmaatschappij voor ontwikkelingslen nv,2018,March
598,598,2018-03-08,Pepperfry,Consumer Internet,Online Furniture Shopping Store,Mumbai,Private Equity,361.728,state street global advisors,tiger global,2018,March
599,599,2018-03-08,Magicpin,Consumer Internet,Hyperlocal Discovery,Gurugram,Debt Funding,9.42,trifecta capital,trifecta capital advisors,2018,March
600,600,2018-03-12,HealthCare,Consumer Internet,Healthcare Aggregator,Mumbai,Seed / Angel Funding,9.42,hr fund,the hr fund,2018,March
601,601,2018-03-13,PineLabs,Technology,Digital Payment Platform,Mumbai,Private Equity,772.44,actis,actis,2018,March
602,602,2018-03-13,PineLabs,Technology,Digital Payment Platform,Mumbai,Private Equity,772.44,altimeter capital,lok capital,2018,March
603,603,2018-03-14,Stumagz,Consumer Internet,Online Communication and Collaboration Platform For Educational Institutions,Hyderabad,Seed / Angel Funding,0.0,indian angel network,india quotient  letsventures angel fund,2018,March
604,604,2018-03-14,Stumagz,Consumer Internet,Online Communication and Collaboration Platform For Educational Institutions,Hyderabad,Seed / Angel Funding,0.0,sudhakar pennam,sudhakar pennam,2018,March
605,605,2018-03-14,Stumagz,Consumer Internet,Online Communication and Collaboration Platform For Educational Institutions,Hyderabad,Seed / Angel Funding,0.0,other tech investors from silicon valley,other,2018,March
606,606,2018-03-14,AvailFinance,Consumer Internet,Online Lending Platform,Bengaluru,Private Equity,162.024,matrix partner,bessemer venture partner,2018,March
607,607,2018-03-14,AvailFinance,Consumer Internet,Online Lending Platform,Bengaluru,Private Equity,162.024,bhavish aggarwal,bhavish aggarwal,2018,March
608,608,2018-03-14,AvailFinance,Consumer Internet,Online Lending Platform,Bengaluru,Private Equity,162.024,ankit bhati,gaurav suri  ankit kesarwani,2018,March
609,609,2018-03-14,AvailFinance,Consumer Internet,Online Lending Platform,Bengaluru,Private Equity,162.024,binny bansal,bunny bansal,2018,March
610,610,2018-03-14,AvailFinance,Consumer Internet,Online Lending Platform,Bengaluru,Private Equity,162.024,kunal shah  manish patel,kunal shah,2018,March
611,611,2018-03-15,Grofers,Consumer Internet,Online Grocery Shop,Gurugram,Private Equity,584.04,softbank,softbank,2018,March
612,612,2018-03-15,Grofers,Consumer Internet,Online Grocery Shop,Gurugram,Private Equity,584.04,tiger global,ping an global voyager fund,2018,March
613,613,2018-03-19,Fingerlix,Consumer Internet,Ready To cook Food Solution,Mumbai,Debt Funding,12.3402,alteria capital,trifecta capital advisors,2018,March
614,614,2018-03-19,Karma Healthcare,Healthcare,Technology enabled equitable healthcare for India,Udaipur,Seed / Angel Funding,4.71,1crowd,1crowd through crowd funding,2018,March
615,615,2018-03-19,Karma Healthcare,Healthcare,Technology enabled equitable healthcare for India,Udaipur,Seed / Angel Funding,4.71,ankur capital,trifecta capital advisors,2018,March
616,616,2018-03-19,Zappfresh,Food & Beverages,Online Raw Meat E-tailer,Gurugram,Seed / Angel Funding,28.26,amit burman,amit singhal  unitus seed fund,2018,March
617,617,2018-03-19,Zappfresh,Food & Beverages,Online Raw Meat E-tailer,Gurugram,Seed / Angel Funding,28.26,sidbi venture capital,sidbi venture capital ltd,2018,March
618,618,2018-03-19,CustomerSucessBox,Technology,Customer Success Software for B2B SaaS,Gurugram,Seed / Angel Funding,9.42,pi ventures,purvi ventures,2018,March
619,619,2018-03-19,CustomerSucessBox,Technology,Customer Success Software for B2B SaaS,Gurugram,Seed / Angel Funding,9.42,axilor ventures,axilor,2018,March
620,620,2018-03-20,One Labs,Consumer Internet,Consumer Technology and Artificial Intelligence Based Aggregator App,,Private Equity,0.0,micromax informatics ltd,micromax informatics,2018,March
621,621,2018-03-21,GigIndia,Consumer Internet,Micro Jobs Provider For Students,Pune,Seed / Angel Funding,0.0,jessica wong,jessica wong,2018,March
622,622,2018-03-21,GigIndia,Consumer Internet,Micro Jobs Provider For Students,Pune,Seed / Angel Funding,0.0,hiro mashita,hiro mashita,2018,March
623,623,2018-03-21,GigIndia,Consumer Internet,Micro Jobs Provider For Students,Pune,Seed / Angel Funding,0.0,xue manzi  yiyun zhang,xue manzi  yiyun zhang,2018,March
624,624,2018-03-22,Chargebee,Technology,Subscription Billing & Recurring Payments Software,Chennai,Private Equity,169.56,insight venture partners,insignia ventures partners,2018,March
625,625,2018-03-22,Chargebee,Technology,Subscription Billing & Recurring Payments Software,Chennai,Private Equity,169.56,tiger global,ping an global voyager fund,2018,March
626,626,2018-03-22,i2i Funding,Consumer Internet,Online loan platform,Noida,Seed / Angel Funding,7.23456,sucseed venture partners,bessemer venture partners,2018,March
627,627,2018-03-22,Slang Labs,Technology,Voice-based assistant platform,Bengaluru,Seed / Angel Funding,11.6808,endiya partners,endiya partnersnn,2018,March
628,628,2018-03-22,UrbanPiper,Technology,Online ordering solution for restaurants and food chains,Bengaluru,Seed / Angel Funding,0.0,kumar vembu,subho ray  samir kumar,2018,March
629,629,2018-03-22,UrbanPiper,Technology,Online ordering solution for restaurants and food chains,Bengaluru,Seed / Angel Funding,0.0,axilor ventures,axilor,2018,March
630,630,2018-03-26,Cash Suvidha,Consumer Internet,Online loan platform,Delhi,Seed / Angel Funding,9.42,initia holdings,sc gg india mobility holdings llc,2018,March
631,631,2018-03-26,Cash Suvidha,Consumer Internet,Online loan platform,Delhi,Seed / Angel Funding,9.42,vipin agarwal  others,others,2018,March
632,632,2018-03-28,Roadcast,Technology,Fleet management and asset monitoring platform,Delhi,Private Equity,2.355,undisclosed,undisclosed,2018,March
633,633,2018-03-28,Smartcoin,Finance,Micro lending company,Bengaluru,Seed / Angel Funding,18.84,accion venture lab,accion venture labs,2018,March
634,634,2018-03-28,Smartcoin,Finance,Micro lending company,Bengaluru,Seed / Angel Funding,18.84,unicorn india ventures  isme ace,unicorn india ventures,2018,March
635,635,2018-03-27,The Print,Media,News portal,Delhi,Seed / Angel Funding,5.0397,ratan tata,rata tata,2018,March
636,636,2018-03-27,DriveU,Technology,Professional Car Drivers Hiring App,Bengaluru,Private Equity,28.26,amit singhal  unitus seed fund,unitus seed fund,2018,March
637,637,2018-03-29,Fynd,Consumer Internet,O2O fashion ecommerce platform,Mumbai,Seed / Angel Funding,0.0,google,rajan anan from google,2018,March
638,638,2018-03-29,Fynd,Consumer Internet,O2O fashion ecommerce platform,Mumbai,Seed / Angel Funding,0.0,kae capital,vc firms india quotient  kae capital,2018,March
639,639,2018-03-29,Fynd,Consumer Internet,O2O fashion ecommerce platform,Mumbai,Seed / Angel Funding,0.0,iifl,iifl wealth,2018,March
640,640,2018-03-29,Fynd,Consumer Internet,O2O fashion ecommerce platform,Mumbai,Seed / Angel Funding,0.0,singularity ventures,singularity ventures  ravi dhariwal,2018,March
641,641,2018-03-29,Fynd,Consumer Internet,O2O fashion ecommerce platform,Mumbai,Seed / Angel Funding,0.0,growx,growx ventures,2018,March
642,642,2018-03-29,Fynd,Consumer Internet,O2O fashion ecommerce platform,Mumbai,Seed / Angel Funding,0.0,tracxn labs,tracxnlabs,2018,March
643,643,2018-03-29,Fynd,Consumer Internet,O2O fashion ecommerce platform,Mumbai,Seed / Angel Funding,0.0,venture catalyst,venture catalysts,2018,March
644,644,2018-03-29,Fynd,Consumer Internet,O2O fashion ecommerce platform,Mumbai,Seed / Angel Funding,0.0,patni family office  axis capital,axis capital,2018,March
645,645,2018-02-01,BigBasket,Consumer Internet,Online Grocery & Food Store,Bengaluru,Private Equity,2826.0,alibaba,alibaba pictures,2018,February
646,646,2018-02-01,BigBasket,Consumer Internet,Online Grocery & Food Store,Bengaluru,Private Equity,2826.0,helion venture partners,helion ventures partners,2018,February
647,647,2018-02-01,BigBasket,Consumer Internet,Online Grocery & Food Store,Bengaluru,Private Equity,2826.0,bessemer venture partners,bessemer venture partner,2018,February
648,648,2018-02-01,BigBasket,Consumer Internet,Online Grocery & Food Store,Bengaluru,Private Equity,2826.0,ascent capital,trifecta capital advisors,2018,February
649,649,2018-02-01,Zomato,Food and Beverages,Food Ordering and Restaurant Discovery,Gurugram,Private Equity,1884.0,ant financials,ant financial,2018,February
650,650,2018-02-05,Pratilipi,Publishing,E-Publishing,Bengaluru,Private Equity,40.506,omidyar network,omidyar networks,2018,February
651,651,2018-02-05,Asia Institute Of Medical Science,Healthcare,Super-specialty Hospital,Faridabad,Private Equity,197.82,cdc group plc,cdc group,2018,February
652,652,2018-02-05,CollegeDekho,Consumer Internet,Online platform for Higher Education Services,Gurugram,Private Equity,18.84,man capital llp,man capital,2018,February
653,653,2018-02-05,CollegeDekho,Consumer Internet,Online platform for Higher Education Services,Gurugram,Private Equity,18.84,girnar software,girnar software,2018,February
654,654,2018-02-05,CollegeDekho,Consumer Internet,Online platform for Higher Education Services,Gurugram,Private Equity,18.84,others,other,2018,February
655,655,2018-02-06,Foodmemories,Consumer Internet,Online Food Marketplace,Ahemdabad,Seed funding,0.0,bhavesh manglani,bhavesh manglani,2018,February
656,656,2018-02-06,Foodmemories,Consumer Internet,Online Food Marketplace,Ahemdabad,Seed funding,0.0,suraj saharan,suraj saharan,2018,February
657,657,2018-02-06,Foodmemories,Consumer Internet,Online Food Marketplace,Ahemdabad,Seed funding,0.0,darshan upadhyay,darshan upadhyay,2018,February
658,658,2018-02-06,Foodmemories,Consumer Internet,Online Food Marketplace,Ahemdabad,Seed funding,0.0,sanjay notani,sanjay notani,2018,February
659,659,2018-02-06,Foodmemories,Consumer Internet,Online Food Marketplace,Ahemdabad,Seed funding,0.0,others,other,2018,February
660,660,2018-02-06,Healthi,Healthcare,Preventive Health Checkup,Bengaluru,Private Equity,29.202,montane ventures,breakthrough energy ventures,2018,February
661,661,2018-02-07,Swiggy,Food and Beverages,Online Food Delivery,Bengaluru,Private Equity,942.0,naspers,nasper,2018,February
662,662,2018-02-08,Shape,Healthcare,"Online Portal for Diet,fitness and Beauty",Pune,Seed / Angle Funding,942.0,seep mathur,seep mehta family office,2018,February
663,663,2018-02-08,Icertis,Consumer Internet,Enterprise Contract Management Platform,Pune,Private Equity,471.0,meritech capital partners,march capital partners,2018,February
664,664,2018-02-09,healthifyme,Healthcare,Mobile Weight Loss Coach,Bengaluru,Private Equity,113.04,sistema asia fund,vertex ventures southeast asia sea  india  sistema asia fund,2018,February
665,665,2018-02-09,MedTel,Healthcare,Virtual health clinics,Bhubaneswar,Private Equity,0.0,indian angel network,india quotient  letsventures angel fund,2018,February
666,666,2018-02-09,Rupeek,Consumer Internet,Online Gold Loan,Bengaluru,Private Equity,64.3386,accel,accel,2018,February
667,667,2018-02-09,Rupeek,Consumer Internet,Online Gold Loan,Bengaluru,Private Equity,64.3386,sequoia capital,quona capital,2018,February
668,668,2018-02-09,WebEngage,Technology,Marketing Cloud for consumer businesses,Mumbai,Private Equity,0.0,social capital,socialcapital,2018,February
669,669,2018-02-12,Lendingkart,Finance,Online Lending Platform,Bengaluru,Private Equity,819.54,fullerton financial holdings pte ltd,ant financial,2018,February
670,670,2018-02-12,Lendingkart,Finance,Online Lending Platform,Bengaluru,Private Equity,819.54,others,other,2018,February
671,671,2018-02-12,Wydr,Consumer Internet,B2B Marketplace,Gurugram,Private Equity,0.0,bessemer venture partners,bessemer venture partner,2018,February
672,672,2018-02-12,Wydr,Consumer Internet,B2B Marketplace,Gurugram,Private Equity,0.0,stellaris venture partners,stellaris venture partners  kalaari capital,2018,February
673,673,2018-02-12,Wydr,Consumer Internet,B2B Marketplace,Gurugram,Private Equity,0.0,axis capital,patni family office  axis capital,2018,February
674,674,2018-02-12,Wydr,Consumer Internet,B2B Marketplace,Gurugram,Private Equity,0.0,singapore,xiaomi singapore,2018,February
675,675,2018-02-12,Wydr,Consumer Internet,B2B Marketplace,Gurugram,Private Equity,0.0,jungle venture partners,jungle ventures,2018,February
676,676,2018-02-12,Cashify,E-Commerce,Online Selling,Gurugram,Debt Funding,8.80853838,trifecta capital,trifecta capital advisors,2018,February
677,677,2018-02-13,Ola,Food and Beverages,Online Food Delivery,Mumbai,Seed / Angle Funding,2.931504,ashok kumar gajera,saket kumar,2018,February
678,678,2018-02-13,Awaaz De,Technology,Mobile Solutions for Social Impact,Ahmedabad,Seed / Angle Funding,0.0,tribe impact capital llp,sequoia capital,2018,February
679,679,2018-02-13,IMAX Program,Ed-Tech,Individualised Progressive Learning Program,Bengaluru,Private Equity,127.17,michael,michael patrick hickey,2018,February
680,680,2018-02-13,IMAX Program,Ed-Tech,Individualised Progressive Learning Program,Bengaluru,Private Equity,127.17,susan dell foundation,michael  susan dell foundation,2018,February
681,681,2018-02-13,IMAX Program,Ed-Tech,Individualised Progressive Learning Program,Bengaluru,Private Equity,127.17,lgt impact ventures,saif partners  lgt impact ventures,2018,February
682,682,2018-02-14,Littlemore,Ed-Tech,Online Education Platform,Chennai,Private Equity,28.26,kalpavriksh,kalpvriksh,2018,February
683,683,2018-02-14,Toppr,Ed-Tech,Online Education Platform,Mumbai,Private Equity,0.942,axis capital partners,axis capital,2018,February
684,684,2018-02-14,Shirsa Labs,Ed-Tech,Integrated Kids Engagement Company,Mumbai,Private Equity,4.71,dewang neralla,dewang neralla,2018,February
685,685,2018-02-14,Shirsa Labs,Ed-Tech,Integrated Kids Engagement Company,Mumbai,Private Equity,4.71,mahesh kothurkar,mahesh kothurkar,2018,February
686,686,2018-02-14,Shirsa Labs,Ed-Tech,Integrated Kids Engagement Company,Mumbai,Private Equity,4.71,atul agarwal,rahul agarwal,2018,February
687,687,2018-02-14,MoneyOnMobile,Technology,mobile payment platform,Mumbai,Private Equity,47.1,s7 group,sd group,2018,February
688,688,2018-02-15,PetSutra,Consumer Internet,Online Pet Care Products,Gurugram,Seed / Angel Funding,1.39824828,michael patrick hickey,michael,2018,February
689,689,2018-02-15,Infibeam,E-Commerce,Online Retailing,Ahemadabad,Private Equity,58.6866,network 18,indian angel network,2018,February
690,690,2018-02-16,happay,Finance,Expense Management,Bengaluru,Seed / Angel Funding,2.355,sequoia  jerry yang,yang shu,2018,February
691,691,2018-02-16,Fincash,Finance,Fin-Tech,Mumbai,Seed / Angel Funding,1.413,mohammed khan,mohammed bin abdul rehman al khalifa,2018,February
692,692,2018-02-16,Fincash,Finance,Fin-Tech,Mumbai,Seed / Angel Funding,1.413,sameer narayan,sameer narayan,2018,February
693,693,2018-02-16,Fincash,Finance,Fin-Tech,Mumbai,Seed / Angel Funding,1.413,others,other,2018,February
694,694,2018-02-19,AyeFinance,Finance,Online Lending,Gurugram,Private Equity,35.796,hinduja leyl finance,hinduja leyl finance  intellegrow,2018,February
695,695,2018-02-19,AyeFinance,Finance,Online Lending,Gurugram,Private Equity,35.796,intellegrow,hinduja leyl finance  intellegrow,2018,February
696,696,2018-02-20,Agricxlab,Agriculture,Agri-tech,Mumbai,Seed / Angel Funding,4.71,ankur capital,trifecta capital advisors,2018,February
697,697,2018-02-21,Udaan,E-Commerce,B2B Marketplace,Bengaluru,Private Equity,471.0,lightspeed,lightspeed us,2018,February
698,698,2018-02-21,Udaan,E-Commerce,B2B Marketplace,Bengaluru,Private Equity,471.0,yuri milner,il,2018,February
699,699,2018-02-21,Capillary,IT,SaaS,Bengaluru,Private Equity,188.4,wargburg pincus,warburg pincus,2018,February
700,700,2018-02-21,Capillary,IT,SaaS,Bengaluru,Private Equity,188.4,sequoia capital,quona capital,2018,February
701,701,2018-02-21,The Healthy Billions,Healthcare,Analytics,Gurugram,Private Equity,19.782,blume ventures,blume ventures  rtp global,2018,February
702,702,2018-02-21,The Healthy Billions,Healthcare,Analytics,Gurugram,Private Equity,19.782,healthquad  fireside ventures,healthquad,2018,February
703,703,2018-02-21,HighRadius,Technology,Cloud-based Software,Hyderabad,Private Equity,0.0,pnc,pnc,2018,February
704,704,2018-02-21,HighRadius,Technology,Cloud-based Software,Hyderabad,Private Equity,0.0,citi ventures,tci ventures,2018,February
705,705,2018-02-26,Avishkaar Box,Ed-Tech,Education,Delhi,Private Equity,7.27695,auxano deals,auxano deals,2018,February
706,706,2018-02-26,Planys Technologies,Technology,Robotic InspectionStartup,Chennai,Private Equity,9.7968,kris gopalakrishnan,kris gopalkrishnan,2018,February
707,707,2018-02-26,Planys Technologies,Technology,Robotic InspectionStartup,Chennai,Private Equity,9.7968,pratithi investment trust,prathithi investment trust,2018,February
708,708,2018-02-26,Planys Technologies,Technology,Robotic InspectionStartup,Chennai,Private Equity,9.7968,memg family office,manipal education  medical group memg,2018,February
709,709,2018-02-26,Planys Technologies,Technology,Robotic InspectionStartup,Chennai,Private Equity,9.7968,s gopal,kris gopalakrishnan,2018,February
710,710,2018-02-27,Lollypop,Technology,Digital Design,Bengaluru,Seed / Angel Funding,0.0,dr devi shetty,dr apoorv ranjan sharma,2018,February
711,711,2018-02-27,Trilyo,Technology,AI platform for hospitality industry,Mumbai,Seed / Angel Funding,2.355,startup buddy,startup equity partners,2018,February
712,712,2018-02-27,Trilyo,Technology,AI platform for hospitality industry,Mumbai,Seed / Angel Funding,2.355,amit manocha  others,others,2018,February
713,713,2018-02-28,Gaana,Technology,Online Music Streaming,Gurugram,Private Equity,1083.3,tencent holdings ltd,tencent holdings,2018,February
714,714,2018-02-28,Gaana,Technology,Online Music Streaming,Gurugram,Private Equity,1083.3,times internet,times internet ltd,2018,February
715,715,2018-02-28,Credy,IT,SaaS,Bengaluru,Seed / Angel Funding,13.188,y combinator,ycombinator,2018,February
716,716,2018-02-28,Credy,IT,SaaS,Bengaluru,Seed / Angel Funding,13.188,khosla ventures,breakthrough energy ventures,2018,February
717,717,2018-02-28,Credy,IT,SaaS,Bengaluru,Seed / Angel Funding,13.188,vy capital  others,others,2018,February
718,718,2018-02-28,Predible Health,Healthcare,Cancer radiology,Bengaluru,Seed/Angel Funding,0.0,unitus seed fund,amit singhal  unitus seed fund,2018,February
719,719,2018-01-02,CleverTap,Technology,Mobile App Analytics,Mumbai,Angel / Seed Funding,0.0,recruit holdings,sc gg india mobility holdings llc,2018,January
720,720,2018-01-02,CleverTap,Technology,Mobile App Analytics,Mumbai,Angel / Seed Funding,0.0,sequoia capital,quona capital,2018,January
721,721,2018-01-02,CleverTap,Technology,Mobile App Analytics,Mumbai,Angel / Seed Funding,0.0,accel,accel,2018,January
722,722,2018-01-04,EarlySalary,Finance,Online Lending,Pune,Private,147.894,eight roads ventures india,eight roads ventures,2018,January
723,723,2018-01-05,WOTU,E-commerce,Food and Beverages,Bengaluru,Angel / Seed Funding,0.0,claris capital,trifecta capital advisors,2018,January
724,724,2018-01-05,WOTU,E-commerce,Food and Beverages,Bengaluru,Angel / Seed Funding,0.0,mumbai angels network,mumbai angels,2018,January
725,725,2018-01-08,DAAKI,E-commerce,Sports Nutrition Supplement etailer,Bengaluru,Angel / Seed Funding,0.0,rohan agila,rohan ajila,2018,January
726,726,2018-01-09,Lendingkart,Finance,Online Lending,Ahmedabad,Debt Funding,44.274,nederlse financieringsmaatschappij voor ontwikkelingslen nv,lasmer nv,2018,January
727,727,2018-01-09,Kinsane Entertainment Inc,Entertainment,Digital Entertainment for Children,Mumbai,Seed/Angel Funding,23.55,undisclosed,undisclosed,2018,January
728,728,2018-01-10,Tapzo,Technology,Personal Assistant,Bengaluru,Private Equity,18.1806,runet,runet south asia,2018,January
729,729,2018-01-10,Tapzo,Technology,Personal Assistant,Bengaluru,Private Equity,18.1806,other,others,2018,January
730,730,2018-01-10,Appario Retail Pvt Ltd.,E-commerce,Retail,Delhi,Private Equity,177.4728,amazonpatni jv,amazon,2018,January
731,731,2018-01-10,Samunnati,Finance,Agricultural Loan,Chennai,Private Equity,221.37,responsability,il,2018,January
732,732,2018-01-10,Samunnati,Finance,Agricultural Loan,Chennai,Private Equity,221.37,accel,accel,2018,January
733,733,2018-01-10,Sahajanand Medical Technologies,Technology,Medical Devices,Surat,Private Equity,341.2866,morgan stanley private equity asia,morgan stanley,2018,January
734,734,2018-01-12,Kuants,Technology,Algorithmic Trading,Gurgaon,Angel / Seed Funding,0.7536,pankaj chopra,pankaj chopra,2018,January
735,735,2018-01-12,Kuants,Technology,Algorithmic Trading,Gurgaon,Angel / Seed Funding,0.7536,ankush gupta,ankur gupta,2018,January
736,736,2018-01-12,Razorpay,Technology,Payment Gateway,Bengaluru,Private Equity,188.4,tiger global,ping an global voyager fund,2018,January
737,737,2018-01-12,Razorpay,Technology,Payment Gateway,Bengaluru,Private Equity,188.4,y combinator,ycombinator,2018,January
738,738,2018-01-15,Streak,Technology,Algorithmic Trading,Bengaluru,Angel / Seed Funding,3.340332,indian angel network,india quotient  letsventures angel fund,2018,January
739,739,2018-01-15,Streak,Technology,Algorithmic Trading,Bengaluru,Angel / Seed Funding,3.340332,rainmatter,rainmatter,2018,January
740,740,2018-01-15,pi Ventures,Finance,Venture Capital,Bengaluru,Private Equity,235.5,sunil kant munjal,sunil munjal,2018,January
741,741,2018-01-15,pi Ventures,Finance,Venture Capital,Bengaluru,Private Equity,235.5,hero electronixs corporate financing arm,hero enterprise,2018,January
742,742,2018-01-15,pi Ventures,Finance,Venture Capital,Bengaluru,Private Equity,235.5,electronic development fund,vertex growth fund,2018,January
743,743,2018-01-15,Newgen Software,Technology,IT,New Delhi,Private Equity,188.4,goldman sachs,goldman sachs group,2018,January
744,744,2018-01-15,Newgen Software,Technology,IT,New Delhi,Private Equity,188.4,hedge fund,ny based hedge fund,2018,January
745,745,2018-01-15,Newgen Software,Technology,IT,New Delhi,Private Equity,188.4,others,other,2018,January
746,746,2018-01-17,Rubix,Technology,Education,Pune,Private Equity,9.42,polaris fund,ola,2018,January
747,747,2018-01-18,ShareChat,Technology,Social,Bengaluru,Private Equity,171.444,xiaomi singapore,singapore,2018,January
748,748,2018-01-18,ShareChat,Technology,Social,Bengaluru,Private Equity,171.444,shunwei capital,omidyar network  shunwei capital,2018,January
749,749,2018-01-22,Paperflite,Technology,IT,Chennai,Angel / Seed Funding,3.768,the chennai angels,chennai angels,2018,January
750,750,2018-01-22,HungerBox,Consumer Internet,Food and Beverages,Bangalore,Private Equity,23.55,lionrock capital,trifecta capital advisors,2018,January
751,751,2018-01-22,Skillate,Technology,Artificial Intellegence,Bengaluru,Private Equity,0.0,incubate fund india,incubate fund,2018,January
752,752,2018-01-22,Skillate,Technology,Artificial Intellegence,Bengaluru,Private Equity,0.0,anuj agrawal,anuj agrawal,2018,January
753,753,2018-01-22,OptaCredit,Finance,Alternative Lending,Chennai,Private Equity,37.68,dmi finance,myntra  mitesh shah finance chief,2018,January
754,754,2018-01-22,AEON Learning,Technology,Education,Bengaluru,Private Equity,30.144,dr ranjan pai,ranjan pai,2018,January
755,755,2018-01-23,Milkbasket,E-commerce,Online Grocery,Gurugram,Private Equity,28.26,unilever ventures,uniliver ventures,2018,January
756,756,2018-01-24,NeoGrowth Credit,Finance,Digital Lending,Mumbai,Private Equity,442.74,leapfrog investments,al nour international holdings  mark v investments,2018,January
757,757,2018-01-24,NeoGrowth Credit,Finance,Digital Lending,Mumbai,Private Equity,442.74,aspada investment,aspada investments,2018,January
758,758,2018-01-24,NeoGrowth Credit,Finance,Digital Lending,Mumbai,Private Equity,442.74,quona capital,quona capital management,2018,January
759,759,2018-01-24,Rao IIT Academy,Education,Coaching Services,Mumbai,Structured Debt,81.012,avendus finance,avendus finance pvt ltd,2018,January
760,760,2018-01-24,Aye Finance,Finance,Online Lending,Gurugram,Term Loan,58.7808,ifmr capital,ifmr,2018,January
761,761,2018-01-25,Glassic,Ecommerce,Eyewear,Bengaluru,Angel / Seed Funding,0.0,chennai angels,the chennai angels,2018,January
762,762,2018-01-25,Glassic,Ecommerce,Eyewear,Bengaluru,Angel / Seed Funding,0.0,lead angels,lead angels network,2018,January
763,763,2018-01-25,Glassic,Ecommerce,Eyewear,Bengaluru,Angel / Seed Funding,0.0,letsventure,lets venture,2018,January
764,764,2018-01-25,GreyAtom,Technology,Education,Mumbai,Private Equity,9.42,pravega ventures,pravega ventures  beenext,2018,January
765,765,2018-01-26,Axio,Healthcare,Hemostatic Dressing Solutions,Bengaluru,Private Equity,69.708,rnt capital,br capital,2018,January
766,766,2018-01-29,eKincare,Healthcare,Technology,Hyderabad,Private Equity,14.13,ventureast,ventureeast,2018,January
767,767,2018-01-29,eKincare,Healthcare,Technology,Hyderabad,Private Equity,14.13,endiya partners,endiya partnersnn,2018,January
768,768,2018-01-29,eKincare,Healthcare,Technology,Hyderabad,Private Equity,14.13,eight roads ventures,eight road ventures,2018,January
769,769,2018-01-29,eKincare,Healthcare,Technology,Hyderabad,Private Equity,14.13,touchstone equities,touchstone equities,2018,January
770,770,2018-01-29,eKincare,Healthcare,Technology,Hyderabad,Private Equity,14.13,bvr mohan reddy,amrendra reddy  manish satnaliwala,2018,January
771,771,2018-01-29,The Wedding Brigade,Consumer internet,Online Services,Mumbai,Private Equity,9.42,blume ventures,blume ventures  rtp global,2018,January
772,772,2018-01-30,PeeSafe,Healthcare,Hygiene,Gurugram,Private Equity,9.42,shivani singh,imanpreet singh arora,2018,January
773,773,2018-01-30,PeeSafe,Healthcare,Hygiene,Gurugram,Private Equity,9.42,rahul maroli,rajesh yohanan  rahul garg,2018,January
774,774,2018-01-30,PeeSafe,Healthcare,Hygiene,Gurugram,Private Equity,9.42,mitesh shah,myntra  mitesh shah finance chief,2018,January
775,775,2018-01-30,PeeSafe,Healthcare,Hygiene,Gurugram,Private Equity,9.42,venture catalysts,venture catalyst,2018,January
776,776,2018-01-30,PeeSafe,Healthcare,Hygiene,Gurugram,Private Equity,9.42,alfa capital,alpha capital,2018,January
777,777,2018-01-30,PeeSafe,Healthcare,Hygiene,Gurugram,Private Equity,9.42,green shots capital,lok capital,2018,January
778,778,2018-01-30,PeeSafe,Healthcare,Hygiene,Gurugram,Private Equity,9.42,real time ventures,breakthrough energy ventures,2018,January
779,779,2018-01-30,BrowserStack,Technology,Browser Testing,Mumbai,Private Equity,471.0,accel,accel,2018,January
780,780,2018-01-30,Scapic,Technology,Virtual Reality,Bengaluru,Angel / Seed Funding,4.71,axilor ventures,axilor,2018,January
781,781,2018-01-30,Scapic,Technology,Virtual Reality,Bengaluru,Angel / Seed Funding,4.71,newfort capital,trifecta capital advisors,2018,January
782,782,2018-01-30,MoneyOnMobile,Technology,Mobile Payment Platform,Mumbai,Private Equity,71.592,undisclosed,undisclosed,2018,January
783,783,2018-01-30,CureFit,Healthcare,Fitness,Bengaluru,Debt Funding,94.2,hdfc bank,hdfc,2018,January
784,784,2018-01-30,CureFit,Healthcare,Fitness,Bengaluru,Debt Funding,94.2,axis bank,alphabets growth investment arm capital g  axis bank,2018,January
785,785,2018-01-31,iNurture,Technology,Education Solutions,Bengaluru,Private Equity,41.448,ventureast,ventureeast,2018,January
786,786,2017-12-01,Strata Enviro,Technology,IoT based air pollution controller,Mumbai,Private Equity,0.0,scale minds,anthill scale ventures,2017,December
787,787,2017-12-05,Dunzo,Technology,Daily Task Management Mobile App,Bangalore,Private Equity,115.866,google,rajan anan from google,2017,December
788,788,2017-12-05,Tata Housing,Real Estate,Residential Project,Mumbai,Private Equity,216.66,hines,hines,2017,December
789,789,2017-12-05,HandyTrain,Technology,Mobile Learning Management Platform,Goa,Private Equity,9.42,nb ventures,sb ventures,2017,December
790,790,2017-12-05,Mobycy,Technology,Bicycle sharing Platform,Gurgaon,Seed/Angel Funding,4.71,undisclosed,undisclosed,2017,December
791,791,2017-12-06,Greenlight Planet,Technology,Off-grid solar products platform,Mumbai,Private Equity,565.2,apis partner,apis partners,2017,December
792,792,2017-12-06,Greenlight Planet,Technology,Off-grid solar products platform,Mumbai,Private Equity,565.2,eight roads ventures,eight road ventures,2017,December
793,793,2017-12-06,Greenlight Planet,Technology,Off-grid solar products platform,Mumbai,Private Equity,565.2,bamboo capital partners,sequoia capital,2017,December
794,794,2017-12-06,Fintobox,Technology,Child Learning & Development Platform,Chennai,Private Equity,65.94,lightbox,lightbox expansion fund,2017,December
795,795,2017-12-07,Mswipe,Technology,Mobile point of sale services provider,Mumbai,Private Equity,94.2,eduardo saverin,eduardo saverin,2017,December
796,796,2017-12-07,The Label Life,E-Commerce,Home Decor and Online Fashion Portal,Mumbai,Private Equity,29.202,kalpvriksh,kalpavriksh,2017,December
797,797,2017-12-07,Cygnus Hospitals,Healthcare,Super speciality Hospitals,Gurgaon,Seed/Angel Funding,7.065,somerset indus capital ventures,sequoia capital,2017,December
798,798,2017-12-07,eShakti,Ecommerce,"""Women\\'s Fashion Clothing Online Platform""",Chennai,Debt Funding,21.666,idg ventures,idg venture,2017,December
799,799,2017-12-08,Inshorts,Technology,Mobile News Curation App,Noida,Private Equity,47.1,tiger global,ping an global voyager fund,2017,December
800,800,2017-12-11,Vahdam Tea,E-Commerce,Online Platform Selling Indian Tea Globally,Delhi,Private Equity,14.13,singapore angel network,singapore angels network,2017,December
801,801,2017-12-11,Vahdam Tea,E-Commerce,Online Platform Selling Indian Tea Globally,Delhi,Private Equity,14.13,mumbai angel,mumbai angels,2017,December
802,802,2017-12-11,Logic Roots,Technology,Educational Platform to Learn Mathematics,Mumbai,Seed/Angel Funding,0.471,village capital,il,2017,December
803,803,2017-12-11,Project Mudra,Technology,Assisting Visually Impaired to learn through Braille,Bengaluru,Seed/Angel Funding,0.471,village capital,il,2017,December
804,804,2017-12-11,Furlenco,Technology,Furniture Rental Platform,Bengaluru,Debt Funding,11.304,aamir khan,aamir khan,2017,December
805,805,2017-12-12,I Can Stay,Technology,Hotel Aggregator Platform,Delhi,Private Equity,16.956,ht media,m,2017,December
806,806,2017-12-12,Fracktal Works,Technology,Platform based on 3D printing and Digital Manufacturing,Bengaluru,Seed/Angel Funding,0.0,hyderabad angels,hyderabad angels at startup heroes event,2017,December
807,807,2017-12-12,Simility,Technology,Adaptive Fraud Intelligence Platform,Hyderabad,Private Equity,164.85,accel,accel,2017,December
808,808,2017-12-12,Shopholix,E-Commerce,Fashion and Lifestyle Coupon Platform,Gurgaon,Seed/Angel Funding,2.19486,munesh khanna,satish khanna  taparia family office,2017,December
809,809,2017-12-13,MindTickle,Technology,Gamification Platform to train Sales People,Pune,Private Equity,254.34,canaan partners,axan partners,2017,December
810,810,2017-12-13,Nazara Technologies,Technology,Mobile Games Development Firm,Mumbai,Private Equity,254.34,rakesh jhunjhunwala,rakesh  rajesh jhunjhunwala,2017,December
811,811,2017-12-13,DocsApp,Technology,Mobile Application for Doctor Consultation,Bengaluru,Private Equity,67.824,bessemer venture partners,bessemer venture partner,2017,December
812,812,2017-12-13,Capita World,Technology,Artificial Intelligence Platform to Raise Funds,Mumbai,Private Equity,0.0,mohan tanksale,mohan tanksale,2017,December
813,813,2017-12-13,Capita World,Technology,Artificial Intelligence Platform to Raise Funds,Mumbai,Private Equity,0.0,kiran shetty,shilpa shetty kundra,2017,December
814,814,2017-12-13,Capita World,Technology,Artificial Intelligence Platform to Raise Funds,Mumbai,Private Equity,0.0,darshak shah,myntra  mitesh shah finance chief,2017,December
815,815,2017-12-13,Capita World,Technology,Artificial Intelligence Platform to Raise Funds,Mumbai,Private Equity,0.0,mar mhatre,mar mhatre,2017,December
816,816,2017-12-14,Tea Box,E-Commerce,Fresh Indian Tea Selling Platform across 112 countries,Bengaluru,Private Equity,65.94,rb investments,rb investments pte ltd,2017,December
817,817,2017-12-14,Transversal Technologies,Technology,Hyperlocal Video Information Sharing Platform,Bengaluru,Private Equity,56.52,matrix partner,bessemer venture partner,2017,December
818,818,2017-12-14,Curofy,Technology,Mobile App for Network of Doctors,Gurgaon,Seed/Angel Funding,2.355,roundglass partners llc,roundglass partners,2017,December
819,819,2017-12-14,HomeLane,E-Commerce,Online Furniture Marketplace,Bengaluru,Private Equity,94.2,accel,accel,2017,December
820,820,2017-12-14,HomeLane,E-Commerce,Online Furniture Marketplace,Bengaluru,Private Equity,94.2,sequoia capital,quona capital,2017,December
821,821,2017-12-14,HomeLane,E-Commerce,Online Furniture Marketplace,Bengaluru,Private Equity,94.2,rb investments,rb investments pte ltd,2017,December
822,822,2017-12-14,WeDoSky,Technology,Provides Business Insights using Drone Imaginary,Delhi,Private Equity,0.0,mumbai angels network,mumbai angels,2017,December
823,823,2017-12-15,Purplle,E-Commerce,Beauty Products Online Marketplace,Mumbai,Seed/Angel Funding,5.05854,mountain pain capital,mountain pine capital,2017,December
824,824,2017-12-15,Purplle,E-Commerce,Beauty Products Online Marketplace,Mumbai,Seed/Angel Funding,5.05854,suncoast investments,al nour international holdings  mark v investments,2017,December
825,825,2017-12-15,Cash Suvidha,E-Commerce,Online Micro-Lending Platform,Delhi,Debt Funding,25.434,undisclosed,undisclosed,2017,December
826,826,2017-12-18,Sky Met Weather,Technology,Weather Forecast Platform,Noida,Private Equity,0.0,insuresillience investment fund,vertex growth fund,2017,December
827,827,2017-12-19,Springboard,Technology,Online Courses and Mentoring from Experts,Bengaluru,Private Equity,89.49,costanoa,co,2017,December
828,828,2017-12-19,Springboard,Technology,Online Courses and Mentoring from Experts,Bengaluru,Private Equity,89.49,learn capital,lantern capital,2017,December
829,829,2017-12-19,Springboard,Technology,Online Courses and Mentoring from Experts,Bengaluru,Private Equity,89.49,jyoti bansal,axilor ventures  binny bansal,2017,December
830,830,2017-12-19,Peel Works,Technology,SaaS based Big Data Analytics Platform,Mumbai,Private Equity,0.0,unilever ventures,uniliver ventures,2017,December
831,831,2017-12-19,9Stacks,Technology,Online Poker Platform,Delhi,Private Equity,14.13,swati gupta,prashant gupta  others,2017,December
832,832,2017-12-19,9Stacks,Technology,Online Poker Platform,Delhi,Private Equity,14.13,purnima khelwal,purnima khelwal,2017,December
833,833,2017-12-19,9Stacks,Technology,Online Poker Platform,Delhi,Private Equity,14.13,maheshwar peri,maheshwar peri,2017,December
834,834,2017-12-19,9Stacks,Technology,Online Poker Platform,Delhi,Private Equity,14.13,sanjay singh,imanpreet singh arora,2017,December
835,835,2017-12-20,Your Quote,Technology,Vernacular and Video Content Platform,Bengaluru,Private Equity,9.42,axilor ventures,axilor,2017,December
836,836,2017-12-20,Your Quote,Technology,Vernacular and Video Content Platform,Bengaluru,Private Equity,9.42,ecity ventures atul goel,atul goel,2017,December
837,837,2017-12-20,Spandana Sphoorty,Finance,Micro finance institution providing small ticket unsecured loans to women,Hyderabad,Private Equity,183.69,kedaraa capital,trifecta capital advisors,2017,December
838,838,2017-12-20,Spandana Sphoorty,Finance,Micro finance institution providing small ticket unsecured loans to women,Hyderabad,Private Equity,183.69,ontario teachers,ontario teachers pension plan,2017,December
839,839,2017-12-21,Indus OS,Technology,Regional Operating System for Smartphones,Mumbai,Private Equity,37.68,omidyar network,omidyar networks,2017,December
840,840,2017-12-21,EasyEcom,E-Commerce,Ecommerce enabler platform,Bengaluru,Seed/Angel Funding,1.413,ambarish gupta,prashant gupta  others,2017,December
841,841,2017-12-21,EasyEcom,E-Commerce,Ecommerce enabler platform,Bengaluru,Seed/Angel Funding,1.413,aneesh reddy,amrendra reddy  manish satnaliwala,2017,December
842,842,2017-12-21,EasyEcom,E-Commerce,Ecommerce enabler platform,Bengaluru,Seed/Angel Funding,1.413,bold ventures,sutter hill ventures,2017,December
843,843,2017-12-21,EasyEcom,E-Commerce,Ecommerce enabler platform,Bengaluru,Seed/Angel Funding,1.413,vona investments,burda principal investments,2017,December
844,844,2017-12-21,IGP.com,E-Commerce,Online Gifting Platform,Uttar Pradesh,Private Equity,0.0,venture catalysts,venture catalyst,2017,December
845,845,2017-12-26,Specsmakers,E-Commerce,Online Spects Platform for Men and Women,Chennai,Private Equity,94.2,eight roads ventures india,eight roads ventures,2017,December
846,846,2017-12-27,Garage On Road,E-Commerce,Online vehicle service booking platform,Noida,Private Equity,0.0,gaurav gupta,prashant gupta  others,2017,December
847,847,2017-12-27,Foyr.com,Technology,Realty Tech Startup solving real life Interior Designing problems,Hyderabad,Private Equity,35.796,jones lang lasalle,mr jones,2017,December
848,848,2017-11-02,Prest Loans,Finance,Business & SME Loans provider,New Delhi,Seed Funding,5.3694,manish poddar,amrendra reddy  manish satnaliwala,2017,November
849,849,2017-11-02,Prest Loans,Finance,Business & SME Loans provider,New Delhi,Seed Funding,5.3694,arun garg,ps1 venture  globallogic cofounder rajul garg,2017,November
850,850,2017-11-02,Prest Loans,Finance,Business & SME Loans provider,New Delhi,Seed Funding,5.3694,parmeshwar sharma,ld sharma,2017,November
851,851,2017-11-02,AadharAPI.com,Technology,Aadhaar-based API provider,Pune,Seed Funding,0.0,cio angel network,cio angel network can,2017,November
852,852,2017-11-02,FreshBoxx,ECommerce,Online Grocery Store,Bangalore,Seed Funding,0.0,jayant humbarwadi,jayant humbarwadi,2017,November
853,853,2017-11-03,Vagupu,Technology,Online Tutorial Marketplace,Bangalore,Seed Funding,9.42,undisclosed,undisclosed,2017,November
854,854,2017-11-03,HalaPlay,Consumer Internet,Online Fantasy Games,Mumbai,Seed Funding,0.0,kae capital management,tekne capital management,2017,November
855,855,2017-11-03,HalaPlay,Consumer Internet,Online Fantasy Games,Mumbai,Seed Funding,0.0,nazara technologies,nazara technologies pvt ltd,2017,November
856,856,2017-11-03,Kalpnik Technologies,Technology,VR based Spiritual platform,Bangalore,Seed Funding,4.71,venture catalysts,venture catalyst,2017,November
857,857,2017-11-04,Hevo Data,Technology,Real time data analytics & reporting,Bangalore,Private Equity,9.42,idg ventures india,dg ventures india,2017,November
858,858,2017-11-06,Smart Karma,Technology,Financial Technology Research Platform,Bangalore,Private Equity,0.0,idg ventures india,dg ventures india,2017,November
859,859,2017-11-06,Leverage Edu,ECommerce,Online platform for Higher Education Services,New Delhi,Seed Funding,0.0,alok mittal,alok mittal  sachin bhatia,2017,November
860,860,2017-11-06,Leverage Edu,ECommerce,Online platform for Higher Education Services,New Delhi,Seed Funding,0.0,deepak jain,aj ventures  jain international trade organisation jito,2017,November
861,861,2017-11-06,Leverage Edu,ECommerce,Online platform for Higher Education Services,New Delhi,Seed Funding,0.0,ritesh malik,dr ritesh malik,2017,November
862,862,2017-11-06,Leverage Edu,ECommerce,Online platform for Higher Education Services,New Delhi,Seed Funding,0.0,jim schimdktke,jim schimdktke,2017,November
863,863,2017-11-07,Crayon Data,Technology,Customer Engagement Platform,New Delhi,Seed Funding,0.0,infosys cofounder kris gopalakrishnan,kris gopalakrishnan,2017,November
864,864,2017-11-07,DocTalk,Technology,Doctor Patient Communication platform,Mumbai,Private Equity,47.1,matrix partner,bessemer venture partner,2017,November
865,865,2017-11-07,DocTalk,Technology,Doctor Patient Communication platform,Mumbai,Private Equity,47.1,khosla ventures,breakthrough energy ventures,2017,November
866,866,2017-11-07,CoveIoT,Technology,Wearable tech and Internet of Things platform,Bangalore,Private Equity,47.1,titan co ltd,co,2017,November
867,867,2017-11-07,CoveIoT,Technology,Wearable tech and Internet of Things platform,Bangalore,Private Equity,47.1,tata groups watch  jewellery retailing firm,tata sons,2017,November
868,868,2017-11-08,TalentEdge,Technology,Distance Education Learning Platform,Bangalore,Private Equity,71.592,lumis partners,xc2xa0 lumis partners,2017,November
869,869,2017-11-08,Fisdom,Finance,Mutual Fund Investment App,Bangalore,Private Equity,28.26,quona capital management,quona capital,2017,November
870,870,2017-11-08,FarmLink,eCommerce,Online platform for Agricultural products,Mumbai,Private Equity,28.26,pioneering ventures,rps ventures,2017,November
871,871,2017-11-08,FarmLink,eCommerce,Online platform for Agricultural products,Mumbai,Private Equity,28.26,syngenta ag,rocket internet ag,2017,November
872,872,2017-11-08,OpenApp,Technology,IoT based Tech Startup,Bangalore,Private Equity,33.912,axilor ventures,axilor,2017,November
873,873,2017-11-08,OpenApp,Technology,IoT based Tech Startup,Bangalore,Private Equity,33.912,kumar vembu,subho ray  samir kumar,2017,November
874,874,2017-11-09,NoPaperForms,Technology,Enrolment Management Platform,Delhi,Seed Funding,8.21424,info edge,infoedge,2017,November
875,875,2017-11-09,Tilite Technologies Pvt. Ltd,Technology,Saas based Corporate Travel Management Solution,Bangalore,Seed Funding,0.0,matrix partner,bessemer venture partner,2017,November
876,876,2017-11-09,Mobiliz AR,Technology,Augmented Reality based Tech platform,Bangalore,Private Equity,0.0,idg ventures,idg venture,2017,November
877,877,2017-11-09,Mobiliz AR,Technology,Augmented Reality based Tech platform,Bangalore,Private Equity,0.0,idfcparampara fund,ping an global voyager fund,2017,November
878,878,2017-11-10,Qubole,Technology,Big Data based analytics platform,Bangalore,Private Equity,235.5,singtel,singtels innov8,2017,November
879,879,2017-11-10,Qubole,Technology,Big Data based analytics platform,Bangalore,Private Equity,235.5,innov8,innov8 founder ritesh malik,2017,November
880,880,2017-11-10,Qubole,Technology,Big Data based analytics platform,Bangalore,Private Equity,235.5,harmony partners,y partners,2017,November
881,881,2017-11-10,Happily Unmarried,ECommerce,Online Gifting platform,Nw Delhi,Private Equity,0.0,wipro consumer care,wipro,2017,November
882,882,2017-11-13,Universal Sportsbiz Pvt. Ltd,ECommerce,Celebrity fashion accessories and merchandise,Mumbai,PrivateEquity,141.3,accel,accel,2017,November
883,883,2017-11-14,Hungry Foal,Ecommerce,Healthy & Nutrition based snacks online platform,Gurgaon,Seed Funding,0.0,gail india ltd,il,2017,November
884,884,2017-11-14,Active AI,Technology,AI based FinTech platform,Bangalore,Private Equity,77.715,vertex ventures,vertex ventures southeast asia sea  india  sistema asia fund,2017,November
885,885,2017-11-15,Sumeru,Technology,Banking Software License Platform,Bangalore,Seed Funding,8.478,undisclosed,undisclosed,2017,November
886,886,2017-11-15,ElderAid Wellness,Health Care,Social Healthcare Enterprise,Bangalore,Angel Funding,0.0,rugmini menon,rugmini menon,2017,November
887,887,2017-11-15,Omnia Information,Technology,WiFi Analytics Platform,Delhi,Private Equity,28.26,omidyar network,omidyar networks,2017,November
888,888,2017-11-15,Josh Talks,Inspiration,Storytelling platform,Gurgaon,Private Equity,0.0,girish mathrubootham,girish matrubootham,2017,November
889,889,2017-11-15,Josh Talks,Inspiration,Storytelling platform,Gurgaon,Private Equity,0.0,apurva chamaria,apurva chamaria,2017,November
890,890,2017-11-15,Josh Talks,Inspiration,Storytelling platform,Gurgaon,Private Equity,0.0,rohit chanana,former hero corporate president rohit chanana,2017,November
891,891,2017-11-15,Reniso,Technology,End-to-End property management for landlords living away,New Delhi,Seed Funding,0.0,nishit sharma,nisha sharma,2017,November
892,892,2017-11-15,Reniso,Technology,End-to-End property management for landlords living away,New Delhi,Seed Funding,0.0,alok srivastava,alok mittal  sachin bhatia,2017,November
893,893,2017-11-17,Kanhaiya,Inspiration,Storytelling platform,Hyderabad,Seed/Angel Funding,1.884,undisclosed,undisclosed,2017,November
894,894,2017-11-17,Perspectico,Technology,Placement preparation and career growth training platform,Delhi,Seed/Angel Funding,0.0,sscbs innovation,marico innovation foundation mif,2017,November
895,895,2017-11-17,Perspectico,Technology,Placement preparation and career growth training platform,Delhi,Seed/Angel Funding,0.0,incubation foundation siif,dg incubation,2017,November
896,896,2017-11-20,ONN Bikes,Technology,Self riding bike rental program,Mumbai,Seed/Angel Funding,6.51864,z nation lab,100 cofounders lab  others,2017,November
897,897,2017-11-21,Rapido,Technology,Bike and Taxi pooling online platform,Hyderabad,Seed/Angel Funding,3.1013466,skycatcher fund,ping an global voyager fund,2017,November
898,898,2017-11-21,Rapido,Technology,Bike and Taxi pooling online platform,Hyderabad,Seed/Angel Funding,3.1013466,aravind sanka,aravind sanka,2017,November
899,899,2017-11-21,Heckyl,Technology,Big Data Analytics Platform,Mumbai,Private Equity,25.434,notion capital,trifecta capital advisors,2017,November
900,900,2017-11-21,Heckyl,Technology,Big Data Analytics Platform,Mumbai,Private Equity,25.434,idg ventures,idg venture,2017,November
901,901,2017-11-21,Nuvepro,Technology,Managed Cloud Environment Solutions,Mumbai,Seed/Angel Funding,3.768,1crowd,1crowd through crowd funding,2017,November
902,902,2017-11-21,RedBook,Technology,AI based pharmacy drugs insights platform,Mumbai,Seed/Angel Funding,2.355,vida ventures,india ventures,2017,November
903,903,2017-11-21,RedBook,Technology,AI based pharmacy drugs insights platform,Mumbai,Seed/Angel Funding,2.355,dr aniruddha malpani,aniruddha malpani,2017,November
904,904,2017-11-21,Portea,Healthcare,Healthcare facilities at doorstep,Bangalore,Private Equity,244.92,sabre partners,sabre partners  neoplux,2017,November
905,905,2017-11-21,Portea,Healthcare,Healthcare facilities at doorstep,Bangalore,Private Equity,244.92,memg cdc,m,2017,November
906,906,2017-11-21,Credit Mate,Technology,Vehicle loan approval platform,Mumbai,Private Equity,0.0,paytm,m,2017,November
907,907,2017-11-21,Epiq Capital,Finance,Tech based investor firm,Mumbai,Private Equity,1884.0,global institutional investors,tiger global,2017,November
908,908,2017-11-22,MiStay,Technology,Online Hotel Reservation Platform,Bangalore,Seed/Angel Funding,0.0,axilor ventures,axilor,2017,November
909,909,2017-11-23,WittyFeed,Storytelling,Viral Content and storytelling platform,Indore,Seed/Angel Funding,0.0,seep aggarwal,seep ton,2017,November
910,910,2017-11-24,IDG Ventures,Finance,Venture Capitalist,Bangalore,Private Equity,94.2,uniliver ventures,unilever ventures,2017,November
911,911,2017-11-24,TempGo,Technology,IoT and SaaS based transportation platform,Goa,Seed/Angel Funding,2.355,javelin startupo victory fund,vertex growth fund,2017,November
912,912,2017-11-27,Edelweiss,Finance,Diversified Financial,Mumbai,Private Equity,2543.4,undisclosed,undisclosed,2017,November
913,913,2017-11-27,ERA,Technology,Identity management platform,Mumbai,Seed/Angel Funding,0.36738,amit patni,arihant patni of patni family office,2017,November
914,914,2017-11-27,Smaaash,Technology,Virtual Reality based gaming platform,Mumbai,Private Equity,35.796,sixth sense ventures,sixth sense,2017,November
915,915,2017-11-28,Chumbak,Lifestyle,Designer-led consumer products,Bangalore,Private Equity,122.46,gaja capital,gaja capital private equity fund,2017,November
916,916,2017-11-28,FR8,Technology,Online Truck aggregator platform,Chennai,Debt Funding,14.13,ifmr capital,ifmr,2017,November
917,917,2017-11-28,MobieFit,Healthcare,Health and fitness based mobile App,Goa,Seed/Angel Funding,12.717,nb ventures,sb ventures,2017,November
918,918,2017-11-28,MobieFit,Healthcare,Health and fitness based mobile App,Goa,Seed/Angel Funding,12.717,mediassist,medi assist,2017,November
919,919,2017-11-28,Stanza Living,Technology,Student accommodation platform,Delhi,Private Equity,18.84,matrix partner,bessemer venture partner,2017,November
920,920,2017-11-28,Stanza Living,Technology,Student accommodation platform,Delhi,Private Equity,18.84,accel,accel,2017,November
921,921,2017-10-03,ChqBook,Consumer Internet,Home Loans Aggregation platform,Gurgaon,Seed Funding,0.0,startup buddy,startup equity partners,2017,October
922,922,2017-10-03,ChqBook,Consumer Internet,Home Loans Aggregation platform,Gurgaon,Seed Funding,0.0,apurva chamaria,apurva chamaria,2017,October
923,923,2017-10-03,ChqBook,Consumer Internet,Home Loans Aggregation platform,Gurgaon,Seed Funding,0.0,sachin arora,rajeev arora  ram ramsundar,2017,October
924,924,2017-10-03,ChqBook,Consumer Internet,Home Loans Aggregation platform,Gurgaon,Seed Funding,0.0,bharat gupta,prashant gupta  others,2017,October
925,925,2017-10-03,ChqBook,Consumer Internet,Home Loans Aggregation platform,Gurgaon,Seed Funding,0.0,amit manocha,amit manocha  others,2017,October
926,926,2017-10-03,HomeCapital,Consumer Internet,Home Loan Down payment assistance program,Mumbai,Seed Funding,0.0,venture catalysts,venture catalyst,2017,October
927,927,2017-10-03,Ola,Consumer Internet,App based cab hailing services,Bangalore,Private Equity,1036.2,tencent,tencent holdings ltd,2017,October
928,928,2017-10-03,Ola,Consumer Internet,App based cab hailing services,Bangalore,Private Equity,1036.2,softbank,softbank,2017,October
929,929,2017-10-04,Elanic,Consumer Internet,P2P platform for Fashion sales,Bangalore,Seed Funding,0.0,digital garage,digital garage inc,2017,October
930,930,2017-10-04,CollPoll,Consumer Internet,Education collaboration platform,Bangalore,Seed Funding,2.88252,sprout angels,sprout angels llp,2017,October
931,931,2017-10-04,PhonePe,Consumer Internet,Digital Wallet,Bangalore,Private Equity,364.554,flipkart,flipkart logistics pvt ltd,2017,October
932,932,2017-10-05,Little Black Book,Consumer Internet,Local Recommendations and Discoveries Platform,New Delhi,Private Equity,9.42,blume ventures,blume ventures  rtp global,2017,October
933,933,2017-10-05,Little Black Book,Consumer Internet,Local Recommendations and Discoveries Platform,New Delhi,Private Equity,9.42,idg ventures,idg venture,2017,October
934,934,2017-10-05,Little Black Book,Consumer Internet,Local Recommendations and Discoveries Platform,New Delhi,Private Equity,9.42,indian angel network,india quotient  letsventures angel fund,2017,October
935,935,2017-10-05,Oorjan,Technology,rooftop solar platform,Mumbai,Seed Funding,4.239,globevestor,globeinvestor,2017,October
936,936,2017-10-05,Zefo,ECommerce,Ecommerce Portal for Used Goods,Bangalore,Private Equity,86.664,sequoia capital,quona capital,2017,October
937,937,2017-10-05,Zefo,ECommerce,Ecommerce Portal for Used Goods,Bangalore,Private Equity,86.664,helion venture partners,helion ventures partners,2017,October
938,938,2017-10-05,Zefo,ECommerce,Ecommerce Portal for Used Goods,Bangalore,Private Equity,86.664,beenext,denlow investment trust  beenext,2017,October
939,939,2017-10-06,Yaantra,ECommerce,Mobile repair and Refurbishment platform,New Delhi,Private Equity,29.202,carpediem capital,tem capital,2017,October
940,940,2017-10-06,Farm Taaza,Technology,Fresh Produce SCM company,Bangalore,Private Equity,75.36,epsilon venture partners,helion venture partners,2017,October
941,941,2017-10-06,Farm Taaza,Technology,Fresh Produce SCM company,Bangalore,Private Equity,75.36,tara india fund iv  others,others,2017,October
942,942,2017-10-06,Drivezy,Consumer Internet,Self Drive car and bike rental platform,Bangalore,Private Equity,94.2,das capital,das capital  it farm,2017,October
943,943,2017-10-06,Drivezy,Consumer Internet,Self Drive car and bike rental platform,Bangalore,Private Equity,94.2,axan partners,axon partners,2017,October
944,944,2017-10-06,Drivezy,Consumer Internet,Self Drive car and bike rental platform,Bangalore,Private Equity,94.2,das capital  it farm,das capital,2017,October
945,945,2017-10-06,Slice Pay,Consumer Internet,Student Micro-financing platform,Bangalore,Private Equity,18.84,das capital,das capital  it farm,2017,October
946,946,2017-10-06,Slice Pay,Consumer Internet,Student Micro-financing platform,Bangalore,Private Equity,18.84,simile ventures,il,2017,October
947,947,2017-10-09,Agrowave,Technology,Agriculture Supply Chain management solutions,Gurgaon,Seed Funding,0.0,daffodil software,daffodil software,2017,October
948,948,2017-10-09,MyGubbi,eCommerce,Home Interior Designing Seller,Bangalore,Private Equity,25.434,firoze irani,firoze irani,2017,October
949,949,2017-10-09,MyGubbi,eCommerce,Home Interior Designing Seller,Bangalore,Private Equity,25.434,vipul parekh,pidilite industries director ajay parekh,2017,October
950,950,2017-10-09,MyGubbi,eCommerce,Home Interior Designing Seller,Bangalore,Private Equity,25.434,ana kallugadde,ana kallugadde,2017,October
951,951,2017-10-09,MyGubbi,eCommerce,Home Interior Designing Seller,Bangalore,Private Equity,25.434,rajesh k murthy,ajesh k murthy,2017,October
952,952,2017-10-09,IBSFintech,Technology,Treasury Risk Management Solution,Bangalore,Seed Funding,0.0,shailesh haribhakti,shailesh rao,2017,October
953,953,2017-10-09,Letsservice,Consumer Internet,Auto Service Logistics & SAAS platform,Bangalore,Private Equity,0.0,aequs group,manipal education  medical group memg,2017,October
954,954,2017-10-09,OneStepUp,Technology,Education Technology platform,New Delhi,Seed Funding,3.16512,orient blackswan,orient blackswan,2017,October
955,955,2017-10-09,ThirdWatch,Technology,AI-powered anti-fraud solutions,Gurgaon,Seed Funding,0.0,rahul agarwalla,rahul agarwal,2017,October
956,956,2017-10-09,ThirdWatch,Technology,AI-powered anti-fraud solutions,Gurgaon,Seed Funding,0.0,keshav sanghi,keshav sanghi,2017,October
957,957,2017-10-09,ThirdWatch,Technology,AI-powered anti-fraud solutions,Gurgaon,Seed Funding,0.0,batlivala,batlivala,2017,October
958,958,2017-10-09,ThirdWatch,Technology,AI-powered anti-fraud solutions,Gurgaon,Seed Funding,0.0,karani securities,karani securities,2017,October
959,959,2017-10-10,Parallel Dots,Technology,AI-powered deep learning solutions,Gurgaon,Private Equity,13.188,multipoint capital,rnt capital,2017,October
960,960,2017-10-10,Easy Diner,Consumer Internet,online restaurant reservation platform,Gurgaon,Private Equity,42.39,saama capital  dsg consumer partners,saama capital,2017,October
961,961,2017-10-11,Meesho,ECommerce,Online Reseller Network,Bangalore,Private Equity,29.202,saif partners,saif partners  lgt impact ventures,2017,October
962,962,2017-10-11,Meesho,ECommerce,Online Reseller Network,Bangalore,Private Equity,29.202,ycombinator,y combinator,2017,October
963,963,2017-10-11,Meesho,ECommerce,Online Reseller Network,Bangalore,Private Equity,29.202,venture highway,y combinator  venture highway,2017,October
964,964,2017-10-11,StanPlus,Logistics,Medical Transportation Services,Hyderabad,Private Equity,10.362,kstart capital,trifecta capital advisors,2017,October
965,965,2017-10-12,UCLID,Technology,"Education Network for Institutions, teachers & Students",Hyderabad,Seed Funding,2.2137,undisclosed,undisclosed,2017,October
966,966,2017-10-13,Policy Bazaar,Consumer Internet,Online insurance policy aggregator,Gurgaon,Private Equity,725.34,wellington management,wellington,2017,October
967,967,2017-10-13,Policy Bazaar,Consumer Internet,Online insurance policy aggregator,Gurgaon,Private Equity,725.34,dg ventures india,idg ventures india,2017,October
968,968,2017-10-13,Policy Bazaar,Consumer Internet,Online insurance policy aggregator,Gurgaon,Private Equity,725.34,true north,north base media,2017,October
969,969,2017-10-13,Gapoon,Consumer Internet,home maintenance services platform,Bangalore,Seed Funding,2.355,vida ventures,india ventures,2017,October
970,970,2017-10-13,Gapoon,Consumer Internet,home maintenance services platform,Bangalore,Seed Funding,2.355,snehal mantri,snehal mantri,2017,October
971,971,2017-10-13,Gapoon,Consumer Internet,home maintenance services platform,Bangalore,Seed Funding,2.355,anshu bahadur,anshu bahadur,2017,October
972,972,2017-10-13,Chaayos,eCommerce,Online Chai ordering platform,Gurgaon,Private Equity,18.84,tiger global,ping an global voyager fund,2017,October
973,973,2017-10-16,KrazyBee,Consumer Internet,Micro-lending platform,Bangalore,Private Equity,75.36,xiaomi technologies,xiaomi,2017,October
974,974,2017-10-16,KrazyBee,Consumer Internet,Micro-lending platform,Bangalore,Private Equity,75.36,shunwei capital,omidyar network  shunwei capital,2017,October
975,975,2017-10-16,Renew Buy,Consumer Internet,Online Insurance Aggregator,New Delhi,Private Equity,86.664,amicus capital,anicut capital,2017,October
976,976,2017-10-17,Fingerlix,Consumer Internet,Food Ordering Portal,Bangalore,Private Equity,65.94,accel,accel,2017,October
977,977,2017-10-17,Fingerlix,Consumer Internet,Food Ordering Portal,Bangalore,Private Equity,65.94,zephyr peacock,zephyr peacock india,2017,October
978,978,2017-10-18,Bank Bazaar,Consumer Internet,Online Financial Marketplace,Chennai,Private Equity,65.94,indian angel network,india quotient  letsventures angel fund,2017,October
979,979,2017-10-18,Hasura,Technology,App building platform,Chennai,Private Equity,0.0,nexus venture partners,norwest venture partners,2017,October
980,980,2017-10-18,Hasura,Technology,App building platform,Chennai,Private Equity,0.0,gree ventures,gree ventures  summit media,2017,October
981,981,2017-10-18,BlackBuck,Logistics,B2B Logistics provider,Bangalore,Private Equity,72.534,innoven capital,innoven capital india,2017,October
982,982,2017-10-18,LenDen Club,Consumer Internet,Online peer-to-peer lending platform,Mumbai,Seed Funding,4.71,undisclosed,undisclosed,2017,October
983,983,2017-10-23,Toppr,Consumer Internet,Mobile based learning app,Mumbai,Private Equity,65.94,saif partners,saif partners  lgt impact ventures,2017,October
984,984,2017-10-23,Toppr,Consumer Internet,Mobile based learning app,Mumbai,Private Equity,65.94,helion ventures,helion venture,2017,October
985,985,2017-10-23,Toppr,Consumer Internet,Mobile based learning app,Mumbai,Private Equity,65.94,fil capital management,js capital management,2017,October
986,986,2017-10-23,RAW Pressery,Food & Beverage,Cold pressed Juice maker,Mumbai,Private Equity,56.52,dsg consumer partners,saama capital  dsg consumer partners,2017,October
987,987,2017-10-23,RAW Pressery,Food & Beverage,Cold pressed Juice maker,Mumbai,Private Equity,56.52,sequoia capital,quona capital,2017,October
988,988,2017-10-23,RAW Pressery,Food & Beverage,Cold pressed Juice maker,Mumbai,Private Equity,56.52,saama capital,saama capital  dsg consumer partners,2017,October
989,989,2017-10-23,Cashe,Consumer Internet,app-only lending platform,Mumbai,Debt Funding,29.202,ifmr capital,ifmr,2017,October
990,990,2017-10-23,Park Easy,Consumer Internet,Machine learning based parking discovery,Kolkata,Seed Funding,1.11156,accel,accel,2017,October
991,991,2017-10-24,TagBox,Technology,Cold Chain monitoring solution,Bangalore,Seed Funding,0.0,indian angel network,india quotient  letsventures angel fund,2017,October
992,992,2017-10-24,TagBox,Technology,Cold Chain monitoring solution,Bangalore,Seed Funding,0.0,indian angel network,india quotient  letsventures angel fund,2017,October
993,993,2017-10-24,FYRE,Food & Beverage,Herbal energy shot maker,Mumbai,Seed Funding,4.71,venture catalysts,venture catalyst,2017,October
994,994,2017-10-24,ZipLoan,Consumer Internet,SME lending platform,New Delhi,Private Equity,28.26,matrix partner,bessemer venture partner,2017,October
995,995,2017-10-24,ZipLoan,Consumer Internet,SME lending platform,New Delhi,Private Equity,28.26,waterbridge ventures,waterbridge ventures  thinkuvate,2017,October
996,996,2017-10-24,ZipLoan,Consumer Internet,SME lending platform,New Delhi,Private Equity,28.26,whiteboard capital,lok capital,2017,October
997,997,2017-10-24,ZipLoan,Consumer Internet,SME lending platform,New Delhi,Private Equity,28.26,sarbvir singh,imanpreet singh arora,2017,October
998,998,2017-10-24,Skillenza,Consumer Internet,Online Learning Platform,Bangalore,Seed Funding,6.80124,blume ventures,blume ventures  rtp global,2017,October
999,999,2017-10-24,Skillenza,Consumer Internet,Online Learning Platform,Bangalore,Seed Funding,6.80124,indian angel network,india quotient  letsventures angel fund,2017,October
1000,1000,2017-10-24,Chevon,Food & Beverage,Frozen Meat provider,Mumbai,Private Equity,0.0,greenfield advisory,mumbai angels mape advisory group,2017,October
1001,1001,2017-10-25,PropStory,Consumer Internet,Real Estate content portal,Gurgaon,Seed Funding,0.0,abhishek bhatewara,abhishek bhatewara,2017,October
1002,1002,2017-10-25,PropStory,Consumer Internet,Real Estate content portal,Gurgaon,Seed Funding,0.0,vivek shah,myntra  mitesh shah finance chief,2017,October
1003,1003,2017-10-25,PropStory,Consumer Internet,Real Estate content portal,Gurgaon,Seed Funding,0.0,haitong securities,haitong securities,2017,October
1004,1004,2017-10-25,PropStory,Consumer Internet,Real Estate content portal,Gurgaon,Seed Funding,0.0,suraj saharan,suraj saharan,2017,October
1005,1005,2017-10-25,PropStory,Consumer Internet,Real Estate content portal,Gurgaon,Seed Funding,0.0,paras arora,rajeev arora  ram ramsundar,2017,October
1006,1006,2017-10-25,SpotDraft,Consumer Internet,Contract Automation,Gurgaon,Seed Funding,5.181,hunch ventures,breakthrough energy ventures,2017,October
1007,1007,2017-10-25,SpotDraft,Consumer Internet,Contract Automation,Gurgaon,Seed Funding,5.181,spiral ventures,sierra ventures,2017,October
1008,1008,2017-10-25,SpotDraft,Consumer Internet,Contract Automation,Gurgaon,Seed Funding,5.181,500 startups,500 startups,2017,October
1009,1009,2017-10-25,SpotDraft,Consumer Internet,Contract Automation,Gurgaon,Seed Funding,5.181,singapore angel network,singapore angels network,2017,October
1010,1010,2017-10-25,SpotDraft,Consumer Internet,Contract Automation,Gurgaon,Seed Funding,5.181,citrus payments,citrus payments,2017,October
1011,1011,2017-10-26,Big Basket,eCommerce,Online Grocery portal,Bangalore,Private Equity,47.1,helion ventures partners,helion venture partners,2017,October
1012,1012,2017-10-27,OfBusiness,Technology,B2B Finance & Fulfilment Network,Gurgaon,Debt Funding,35.796,kotak mahindra bank,mahindra,2017,October
1013,1013,2017-10-27,Olly Credit,Technology,Credit + payment mobile app,New Delhi,Seed Funding,0.0,incubate fund,incubate fund india,2017,October
1014,1014,2017-10-27,Olly Credit,Technology,Credit + payment mobile app,New Delhi,Seed Funding,0.0,sesh kirkire,sesh kirkire,2017,October
1015,1015,2017-10-27,Olly Credit,Technology,Credit + payment mobile app,New Delhi,Seed Funding,0.0,an kumar,m,2017,October
1016,1016,2017-10-27,Olly Credit,Technology,Credit + payment mobile app,New Delhi,Seed Funding,0.0,yogesh chaudhary,yogesh chaudhary,2017,October
1017,1017,2017-10-28,CashFree,Technology,Payments Platform for Marketplaces and Fintechs,New Delhi,Seed Funding,1.1304,y combinator,ycombinator,2017,October
1018,1018,2017-10-28,Ola,Consumer Internet,App based cab hailing services,Bangalore,Private Equity,72.534,ani technologies pvt ltd,gbim technologies pvt ltd,2017,October
1019,1019,2017-10-30,GoldFarm,Food & Beverage,Agriculture Technology,Coimbatore,Private Equity,18.84,mahindra,an mahindra,2017,October
1020,1020,2017-10-30,GoldFarm,Food & Beverage,Agriculture Technology,Coimbatore,Private Equity,18.84,mahindra  infuse ventures,mahindra,2017,October
1021,1021,2017-10-31,NetMeds,ECommerce,Online Pharmacy,Chennai,Private Equity,131.88,tanncam investment,sistema jsfc  tanncam investment,2017,October
1022,1022,2017-10-31,NetMeds,ECommerce,Online Pharmacy,Chennai,Private Equity,131.88,sistema asia fund,vertex ventures southeast asia sea  india  sistema asia fund,2017,October
1023,1023,2017-10-31,MSE,Finance,Equity Stock Exchange,Mumbai,Private Equity,301.44,il,axilor ventures,2017,October
1024,1024,2017-10-31,MSE,Finance,Equity Stock Exchange,Mumbai,Private Equity,301.44,fs,afsal salu,2017,October
1025,1025,2017-10-31,MSE,Finance,Equity Stock Exchange,Mumbai,Private Equity,301.44,trust capital,tr capital,2017,October
1026,1026,2017-10-31,MSE,Finance,Equity Stock Exchange,Mumbai,Private Equity,301.44,rosy blue securities,blue orchard,2017,October
1027,1027,2017-10-31,MSE,Finance,Equity Stock Exchange,Mumbai,Private Equity,301.44,radhakrishan damani  rakesh jhunjhunwala,rakesh jhunjhunwala,2017,October
1028,1028,2017-09-01,Aahaa Stores,eCommece,Online B2B store for office supplies,Chennai,Private Equity,9.42,yournest angel fund,you,2017,September
1029,1029,2017-09-01,MFine,Consumer Internet,Online Doctor Discovery platform,Bangalore,Private Equity,14.13,stellaris venture partners,stellaris venture partners  kalaari capital,2017,September
1030,1030,2017-09-01,MFine,Consumer Internet,Online Doctor Discovery platform,Bangalore,Private Equity,14.13,mayur abhaya,stellaris venture partners  mayur abhaya srisrimal,2017,September
1031,1031,2017-09-01,MFine,Consumer Internet,Online Doctor Discovery platform,Bangalore,Private Equity,14.13,rohit ma,m,2017,September
1032,1032,2017-09-01,Canvera,Consumer Internet,Online Photography platform,Mumbai,Private Equity,12.246,infoedge,info edge,2017,September
1033,1033,2017-09-04,PrimaryIO,Technology,Application Performance Acceleration,Pune,Private Equity,52.752,accel,accel,2017,September
1034,1034,2017-09-04,PrimaryIO,Technology,Application Performance Acceleration,Pune,Private Equity,52.752,exfinity ventures,exfinity venture,2017,September
1035,1035,2017-09-04,PrimaryIO,Technology,Application Performance Acceleration,Pune,Private Equity,52.752,partech ventures,breakthrough energy ventures,2017,September
1036,1036,2017-09-05,Shubh Loans,Consumer Internet,online lending platform,Bangalore,Private Equity,14.13,sri capital,br capital,2017,September
1037,1037,2017-09-05,Shubh Loans,Consumer Internet,online lending platform,Bangalore,Private Equity,14.13,beenext,denlow investment trust  beenext,2017,September
1038,1038,2017-09-05,Shubh Loans,Consumer Internet,online lending platform,Bangalore,Private Equity,14.13,pravega ventures,pravega ventures  beenext,2017,September
1039,1039,2017-09-05,Nest Education,Technology,EduTech Platform,Gurgaon,Seed Funding,5.652,michael  susan dell foundation,susan dell foundation,2017,September
1040,1040,2017-09-05,Nest Education,Technology,EduTech Platform,Gurgaon,Seed Funding,5.652,an mahindra,mahindra,2017,September
1041,1041,2017-09-06,Lending Kart,Consumer Internet,Online Lending Platform,Ahmedabad,Private Equity,101.265,bertelsmann india,bertelsmann india investments,2017,September
1042,1042,2017-09-06,Lending Kart,Consumer Internet,Online Lending Platform,Ahmedabad,Private Equity,101.265,mayfield capital,mayfield,2017,September
1043,1043,2017-09-06,Lending Kart,Consumer Internet,Online Lending Platform,Ahmedabad,Private Equity,101.265,saama capital,saama capital  dsg consumer partners,2017,September
1044,1044,2017-09-06,Lending Kart,Consumer Internet,Online Lending Platform,Ahmedabad,Private Equity,101.265,darrin capital,aarin capital,2017,September
1045,1045,2017-09-06,GoFro,Consumer Internet,Online travel booking platform,New Delhi,Private Equity,94.2,his co ltd,co,2017,September
1046,1046,2017-09-06,GoFro,Consumer Internet,Online travel booking platform,New Delhi,Private Equity,94.2,makemytrip,makemytrip limited,2017,September
1047,1047,2017-09-06,OncoStem,Healthcare,Medical Diagnostic Solutions,Bangalore,Private Equity,56.52,sequoia capital,quona capital,2017,September
1048,1048,2017-09-06,OncoStem,Healthcare,Medical Diagnostic Solutions,Bangalore,Private Equity,56.52,artiman ventures,breakthrough energy ventures,2017,September
1049,1049,2017-09-06,Power2SME,eCommerce,Buying Club for Small Businesses,Gurgaon,Private Equity,244.92,international finance corporation ifc,international finance corporation,2017,September
1050,1050,2017-09-06,Power2SME,eCommerce,Buying Club for Small Businesses,Gurgaon,Private Equity,244.92,inventus capital partners,inventus capital,2017,September
1051,1051,2017-09-06,Power2SME,eCommerce,Buying Club for Small Businesses,Gurgaon,Private Equity,244.92,accel,accel,2017,September
1052,1052,2017-09-06,Power2SME,eCommerce,Buying Club for Small Businesses,Gurgaon,Private Equity,244.92,kalaari capital,romulus capital  kalaari capital,2017,September
1053,1053,2017-09-06,Power2SME,eCommerce,Buying Club for Small Businesses,Gurgaon,Private Equity,244.92,nan nilekani,il,2017,September
1054,1054,2017-09-07,Credit Vidya,Consumer Internet,Online Credit scoring platform,Mumbai,Private Equity,47.1,matrix partner,bessemer venture partner,2017,September
1055,1055,2017-09-07,Tails Life,Consumer Internet,Pet care portal & mobile app,Bangalore,Private Equity,0.0,v balakrishnan,al nour international holdings  mark v investments,2017,September
1056,1056,2017-09-07,OYO Rooms,Consumer Internet,Branded budget hotels marketplace,Gurgaon,Private Equity,2355.0,softbank,softbank,2017,September
1057,1057,2017-09-07,OYO Rooms,Consumer Internet,Branded budget hotels marketplace,Gurgaon,Private Equity,2355.0,sequoia capital,quona capital,2017,September
1058,1058,2017-09-07,OYO Rooms,Consumer Internet,Branded budget hotels marketplace,Gurgaon,Private Equity,2355.0,lightspeed venture partners,lightspeed venture partners india,2017,September
1059,1059,2017-09-07,OYO Rooms,Consumer Internet,Branded budget hotels marketplace,Gurgaon,Private Equity,2355.0,greenoaks capital,greenoaks capital partners,2017,September
1060,1060,2017-09-07,OYO Rooms,Consumer Internet,Branded budget hotels marketplace,Gurgaon,Private Equity,2355.0,hero enterprise,former hero corporate president rohit chanana,2017,September
1061,1061,2017-09-07,Early Salary,Consumer Internet,Online Unsecured Lending platform,Pune,Debt Funding,7.3476,ifmr capital,ifmr,2017,September
1062,1062,2017-09-07,MamaEarth,eCommerce,online babycare products marketplace,Gurgaon,Seed Funding,0.0,fireside ventures,healthquad  fireside ventures,2017,September
1063,1063,2017-09-07,Seniority,eCommerce,Ecommerce portal for senior citizens,Pune,Private Equity,9.42,rpg enterprises,rpg enterprises,2017,September
1064,1064,2017-09-08,AYE Finance,Consumer Internet,Micro Lending Platform,New Delhi,Debt Funding,64.998,triodos investment management,ruizheng investment,2017,September
1065,1065,2017-09-08,Farmizen,Technology,Agre-Tech Mobile app,Bangalore,Seed Funding,0.0,venture highway,y combinator  venture highway,2017,September
1066,1066,2017-09-08,Farmizen,Technology,Agre-Tech Mobile app,Bangalore,Seed Funding,0.0,alok mittal,alok mittal  sachin bhatia,2017,September
1067,1067,2017-09-08,Farmizen,Technology,Agre-Tech Mobile app,Bangalore,Seed Funding,0.0,mohit agarwal,subhkam ventures  mohit khadaria,2017,September
1068,1068,2017-09-08,Farmizen,Technology,Agre-Tech Mobile app,Bangalore,Seed Funding,0.0,anuj gupta,ankur gupta,2017,September
1069,1069,2017-09-11,Ecom Express,Logistics,Logistics Solutions provider,New Delhi,Private Equity,282.6,warburg pincus,wargburg pincus,2017,September
1070,1070,2017-09-11,Call Health,Consumer Internet,Healthcare Services Aggregator,Hyderabad,Private Equity,58.404,sachin tendulkar,alok mittal  sachin bhatia,2017,September
1071,1071,2017-09-11,Call Health,Consumer Internet,Healthcare Services Aggregator,Hyderabad,Private Equity,58.404,pv sindhu,pv sindhu,2017,September
1072,1072,2017-09-11,Call Health,Consumer Internet,Healthcare Services Aggregator,Hyderabad,Private Equity,58.404,pullela gopich,pullela gopich,2017,September
1073,1073,2017-09-12,Sattviko,eCommerce,Health Food etailer,New Delhi,Seed Funding,0.0,raman roy,raman roy,2017,September
1074,1074,2017-09-12,Sattviko,eCommerce,Health Food etailer,New Delhi,Seed Funding,0.0,arvind uppal,arvind uppal,2017,September
1075,1075,2017-09-12,Sattviko,eCommerce,Health Food etailer,New Delhi,Seed Funding,0.0,sonu bhasin,sonu bhasin,2017,September
1076,1076,2017-09-12,Sattviko,eCommerce,Health Food etailer,New Delhi,Seed Funding,0.0,g ravishankar,alphabets growth investment arm capital g  axis bank,2017,September
1077,1077,2017-09-12,3HCare,Consumer Internet,Healthcare services portal,New Delhi,Seed Funding,0.942,undisclosed,undisclosed,2017,September
1078,1078,2017-09-12,Tonbo Imaging,Technology,Imaging Technology for Armed Forces,Bangalore,Private Equity,160.14,wrv capital,wrv capital  indusage partners,2017,September
1079,1079,2017-09-12,Tonbo Imaging,Technology,Imaging Technology for Armed Forces,Bangalore,Private Equity,160.14,qualcomm ventures,qualcomm venture,2017,September
1080,1080,2017-09-12,Tonbo Imaging,Technology,Imaging Technology for Armed Forces,Bangalore,Private Equity,160.14,edelweiss private equity,fs private equity,2017,September
1081,1081,2017-09-12,Tonbo Imaging,Technology,Imaging Technology for Armed Forces,Bangalore,Private Equity,160.14,artiman ventures,breakthrough energy ventures,2017,September
1082,1082,2017-09-12,Get My Parking,Consumer Internet,Smart Parking Enabler,New Delhi,Private Equity,28.26,indian angel network,india quotient  letsventures angel fund,2017,September
1083,1083,2017-09-12,Get My Parking,Consumer Internet,Smart Parking Enabler,New Delhi,Private Equity,28.26,beenext,denlow investment trust  beenext,2017,September
1084,1084,2017-09-12,Get My Parking,Consumer Internet,Smart Parking Enabler,New Delhi,Private Equity,28.26,indian angel network,india quotient  letsventures angel fund,2017,September
1085,1085,2017-09-13,WittyFeed,Technology,Content marketing platform,Indore,Seed Funding,0.0,an chrasekaran,ping an global voyager fund,2017,September
1086,1086,2017-09-13,WittyFeed,Technology,Content marketing platform,Indore,Seed Funding,0.0,apurva chamaria,apurva chamaria,2017,September
1087,1087,2017-09-13,WittyFeed,Technology,Content marketing platform,Indore,Seed Funding,0.0,ritesh malik,dr ritesh malik,2017,September
1088,1088,2017-09-13,WittyFeed,Technology,Content marketing platform,Indore,Seed Funding,0.0,ashish toshniwal,ashish ch,2017,September
1089,1089,2017-09-13,WittyFeed,Technology,Content marketing platform,Indore,Seed Funding,0.0,ajeet khurana,ajeet khurana jinesh shah,2017,September
1090,1090,2017-09-13,Glowroad,Consumer Internet,women focussed customer-to-customer reseller network,Bangalore,Private Equity,18.84,accel,accel,2017,September
1091,1091,2017-09-13,OYO Rooms,Consumer Internet,udget hotel marketplace,Gurgaon,Private Equity,94.2,china lodging group,manipal education  medical group memg,2017,September
1092,1092,2017-09-13,Unacademy,Consumer Internet,Online learning platform,Mumbai,Private Equity,108.33,sequoia capital,quona capital,2017,September
1093,1093,2017-09-13,Unacademy,Consumer Internet,Online learning platform,Mumbai,Private Equity,108.33,saif partners,saif partners  lgt impact ventures,2017,September
1094,1094,2017-09-13,Unacademy,Consumer Internet,Online learning platform,Mumbai,Private Equity,108.33,nexus venture partners,norwest venture partners,2017,September
1095,1095,2017-09-13,Heterogenous,Technology,Telecom & IoT platform,Chennai,Seed Funding,7.3476,chennai angels,the chennai angels,2017,September
1096,1096,2017-09-13,Heterogenous,Technology,Telecom & IoT platform,Chennai,Seed Funding,7.3476,keiretsu forum,keiretsu forum,2017,September
1097,1097,2017-09-13,Heterogenous,Technology,Telecom & IoT platform,Chennai,Seed Funding,7.3476,others,other,2017,September
1098,1098,2017-09-14,Gurukul,Consumer Internet,co-working space provider,New Delhi,Seed Funding,0.0,rohit na,rohit,2017,September
1099,1099,2017-09-14,Gurukul,Consumer Internet,co-working space provider,New Delhi,Seed Funding,0.0,rajit na,rajit na,2017,September
1100,1100,2017-09-14,Gurukul,Consumer Internet,co-working space provider,New Delhi,Seed Funding,0.0,smarak bhuyan,smarak bhuyan,2017,September
1101,1101,2017-09-14,Gurukul,Consumer Internet,co-working space provider,New Delhi,Seed Funding,0.0,sashwat brahma,sashwat brahma,2017,September
1102,1102,2017-09-14,Smaaash,Technology,Virtual Reality gaming and entertainment platform,Mumbai,Private Equity,414.48,ecl finance,myntra  mitesh shah finance chief,2017,September
1103,1103,2017-09-14,WheelStreet,Consumer Portal,Bike Rental Platform,Bangalore,Seed Funding,1.1304,y combinator,ycombinator,2017,September
1104,1104,2017-09-14,Xprep,Consumer Internet,Online Tutoring Platform,New Delhi,Private Equity,0.0,rising stars,rising stars,2017,September
1105,1105,2017-09-14,Xprep,Consumer Internet,Online Tutoring Platform,New Delhi,Private Equity,0.0,manish amin,amrendra reddy  manish satnaliwala,2017,September
1106,1106,2017-09-14,Xprep,Consumer Internet,Online Tutoring Platform,New Delhi,Private Equity,0.0,pallav pey,dr abhishek pey,2017,September
1107,1107,2017-09-14,Xprep,Consumer Internet,Online Tutoring Platform,New Delhi,Private Equity,0.0,chavi jafa,chavi jafa,2017,September
1108,1108,2017-09-18,The Moms Co,eCommerce,Pregnancy & Baby Care product etailer,Gurgaon,Private Equity,9.42,dsg consumer partners,saama capital  dsg consumer partners,2017,September
1109,1109,2017-09-18,The Moms Co,eCommerce,Pregnancy & Baby Care product etailer,Gurgaon,Private Equity,9.42,saama capital,saama capital  dsg consumer partners,2017,September
1110,1110,2017-09-19,Noticeboard,Technology,"mobile-first communication platform for on-field staff,",Bangalore,Seed Funding,0.0,shamik sharma,vijay shekhar sharma,2017,September
1111,1111,2017-09-19,Noticeboard,Technology,"mobile-first communication platform for on-field staff,",Bangalore,Seed Funding,0.0,aprameya radhakrishna,aprameya radhakrishnan,2017,September
1112,1112,2017-09-19,High Radius,Technology,Integrated receivables software solutions,Hyderabad,Private Equity,471.0,susquehanna growth equity llc,susquehanna growth equity,2017,September
1113,1113,2017-09-20,HWell24 Plus,Healthcare,Technology-Empowered Healthcare Solutions,Mumbai,Seed Funding,0.0,undisclosed,undisclosed,2017,September
1114,1114,2017-09-21,SaveBC,Finance,financial services firm,Gaya,Private Equity,56.52,incofin investment management,ruizheng investment,2017,September
1115,1115,2017-09-21,Gaming Monk,Consumer Internet,E-sports platform,New Delhi,Private Equity,0.0,advantedge,advantedge partners,2017,September
1116,1116,2017-09-21,91SpringBoard,Consumer Internet,Co-working spaces,New Delhi,Private Equity,0.0,sway investment ltd,bennett coleman  company ltd bccl,2017,September
1117,1117,2017-09-21,91SpringBoard,Consumer Internet,Co-working spaces,New Delhi,Private Equity,0.0,pearl brook holdings,sc gg india mobility holdings llc,2017,September
1118,1118,2017-09-21,91SpringBoard,Consumer Internet,Co-working spaces,New Delhi,Private Equity,0.0,silo holdings  al nour,sc gg india mobility holdings llc,2017,September
1119,1119,2017-09-21,Homergize,eCommerce,Home Furnishing & Building material marketplace,Bangalore,Private Equity,9.42,lg chrasekhar,lg chrasekhar,2017,September
1120,1120,2017-09-22,Yatra.com,eCommerce,Online Travel Agency,Gurgaon,Debt Funding,145.068,innoven capital india,innoven capital,2017,September
1121,1121,2017-09-22,Ace Turtle,Technology,Omni-channel web commerce solutions provider,Bangalore,Private Equity,0.0,innoven capital,innoven capital india,2017,September
1122,1122,2017-09-25,Vogo,Consumer Internet,Scooter Rental Platform,Bangalore,Seed Funding,0.0,av thomas group,manipal education  medical group memg,2017,September
1123,1123,2017-09-25,Synup,Technology,SME Marketing Management Solution,Bangalore,Private Equity,56.52,vertex ventures,vertex ventures southeast asia sea  india  sistema asia fund,2017,September
1124,1124,2017-09-25,Synup,Technology,SME Marketing Management Solution,Bangalore,Private Equity,56.52,prime venture partners,prime venture partners  others,2017,September
1125,1125,2017-09-25,Tinmen,Consumer Internet,Food Delivery platform,Hyderabad,Private Equity,0.0,zomato media pvt ltd,bennett coleman  company ltd bccl,2017,September
1126,1126,2017-09-25,Cropin,Technology,Crop Technology Solutions,Bangalore,Private Equity,0.0,beenext,denlow investment trust  beenext,2017,September
1127,1127,2017-09-25,Rapido,Consumer Internet,Bike Aggregator Mobile App,Bangalore,Seed Funding,3.97524,battery road digital holdings llc,deshe holdings,2017,September
1128,1128,2017-09-25,Sportobuddy,Consumer Internet,Sports & Sport related equipment portal,Mumbai,Seed Funding,1.413,mehul shah,myntra  mitesh shah finance chief,2017,September
1129,1129,2017-09-26,Credifiable,Consumer Internet,Online consumer lending platform,Bangalore,Private Equity,0.0,kae capital,vc firms india quotient  kae capital,2017,September
1130,1130,2017-09-26,Inclov,Consumer Internet,Matchmaking app for the differently abled,Gurgaon,Seed Funding,0.0,rajan anan,rajan anan from google,2017,September
1131,1131,2017-09-26,Inclov,Consumer Internet,Matchmaking app for the differently abled,Gurgaon,Seed Funding,0.0,jamil khatri,il,2017,September
1132,1132,2017-09-26,Inclov,Consumer Internet,Matchmaking app for the differently abled,Gurgaon,Seed Funding,0.0,ravi iyer,ravi viswanathan,2017,September
1133,1133,2017-09-26,Inclov,Consumer Internet,Matchmaking app for the differently abled,Gurgaon,Seed Funding,0.0,raghav bahl,raghav bahl,2017,September
1134,1134,2017-09-26,Multibhashi,Consumer Internet,Language learning Mobile App,Bangalore,Seed Funding,0.0,aniruddha malpani,dr aniruddha malpani,2017,September
1135,1135,2017-09-26,Multibhashi,Consumer Internet,Language learning Mobile App,Bangalore,Seed Funding,0.0,startup oasis,startup equity partners,2017,September
1136,1136,2017-09-27,Transerve,Technology,Geospatial Technology-based SaaS solutions,Mumbai,Private Equity,15.072,il,axilor ventures,2017,September
1137,1137,2017-09-27,Transerve,Technology,Geospatial Technology-based SaaS solutions,Mumbai,Private Equity,15.072,fs investment managers,alphabets growth investment arm capital g  axis bank,2017,September
1138,1138,2017-09-27,Transerve,Technology,Geospatial Technology-based SaaS solutions,Mumbai,Private Equity,15.072,omidyar network,omidyar networks,2017,September
1139,1139,2017-09-27,Fashalot,Consumer Internet,O2O fashion discovery platform,Gurgaon,Private Equity,0.0,capillary technologies,capillary technologies,2017,September
1140,1140,2017-09-27,Fashalot,Consumer Internet,O2O fashion discovery platform,Gurgaon,Private Equity,0.0,whiteboard capital,lok capital,2017,September
1141,1141,2017-09-27,Fashalot,Consumer Internet,O2O fashion discovery platform,Gurgaon,Private Equity,0.0,yournest angel fund,you,2017,September
1142,1142,2017-09-27,Fashalot,Consumer Internet,O2O fashion discovery platform,Gurgaon,Private Equity,0.0,rajul garg,ps1 venture  globallogic cofounder rajul garg,2017,September
1143,1143,2017-09-27,Pitstop,Consumer Internet,Car repair and Servicing Platform,Bangalore,Private Equity,9.42,blume ventures,blume ventures  rtp global,2017,September
1144,1144,2017-09-27,Pitstop,Consumer Internet,Car repair and Servicing Platform,Bangalore,Private Equity,9.42,goldbell group,manipal education  medical group memg,2017,September
1145,1145,2017-09-27,Pitstop,Consumer Internet,Car repair and Servicing Platform,Bangalore,Private Equity,9.42,anurag srivastava,anuj srivastava,2017,September
1146,1146,2017-09-27,Pitstop,Consumer Internet,Car repair and Servicing Platform,Bangalore,Private Equity,9.42,shailesh rao,il,2017,September
1147,1147,2017-09-27,Pitstop,Consumer Internet,Car repair and Servicing Platform,Bangalore,Private Equity,9.42,amiya pathak,dalip pathak  others,2017,September
1148,1148,2017-09-27,Pitstop,Consumer Internet,Car repair and Servicing Platform,Bangalore,Private Equity,9.42,rajesh yohanan  rahul garg,rahul garg,2017,September
1149,1149,2017-09-27,GoChoppers,Consumer Internet,Luxury Helicopter Tourism Services portal,Gurgaon,Seed Funding,0.0,rivergate capital,tem capital,2017,September
1150,1150,2017-09-27,MyUpchar,Consumer Internet,Local Language Health Information portal,New Delhi,Seed Funding,2.826,letsventure,lets venture,2017,September
1151,1151,2017-09-28,Aadyah,Technology,Defense Tech & Aerospace startup,Bangalore,Private Equity,9.42,keiretsu forum,keiretsu forum,2017,September
1152,1152,2017-08-01,TouchKin,Technology,Predictive Care Platform,Bangalore,Private Equity,12.246,kae capital,vc firms india quotient  kae capital,2017,August
1153,1153,2017-08-02,Ethinos,Technology,Digital Marketing Agency,Mumbai,Private Equity,0.0,triton investment advisors,dig investment ab,2017,August
1154,1154,2017-08-02,Leverage Edu,Consumer Internet,Online platform for Higher Education Services,New Delhi,Seed Funding,0.0,kashyap deorah,kashyap deorah,2017,August
1155,1155,2017-08-02,Leverage Edu,Consumer Internet,Online platform for Higher Education Services,New Delhi,Seed Funding,0.0,an sankeshwar,ping an global voyager fund,2017,August
1156,1156,2017-08-02,Leverage Edu,Consumer Internet,Online platform for Higher Education Services,New Delhi,Seed Funding,0.0,deepak jain,aj ventures  jain international trade organisation jito,2017,August
1157,1157,2017-08-02,Leverage Edu,Consumer Internet,Online platform for Higher Education Services,New Delhi,Seed Funding,0.0,sadashiva nt,sadashiva nt,2017,August
1158,1158,2017-08-02,Leverage Edu,Consumer Internet,Online platform for Higher Education Services,New Delhi,Seed Funding,0.0,arjun mehta,arjun  rohan malhotra,2017,August
1159,1159,2017-08-02,Leverage Edu,Consumer Internet,Online platform for Higher Education Services,New Delhi,Seed Funding,0.0,satish kaul,satish khanna  taparia family office,2017,August
1160,1160,2017-08-02,Leverage Edu,Consumer Internet,Online platform for Higher Education Services,New Delhi,Seed Funding,0.0,anindya ghose,anindya ghose,2017,August
1161,1161,2017-08-02,Zepo,Consumer Internet,DIY Ecommerce platform,Mumbai,Seed Funding,4.71,kunal shah,kunal shah  manish patel,2017,August
1162,1162,2017-08-02,Zepo,Consumer Internet,DIY Ecommerce platform,Mumbai,Seed Funding,4.71,letsventure,lets venture,2017,August
1163,1163,2017-08-02,Zepo,Consumer Internet,DIY Ecommerce platform,Mumbai,Seed Funding,4.71,anupam mittal,ajay relan  vinay mittal,2017,August
1164,1164,2017-08-02,Zepo,Consumer Internet,DIY Ecommerce platform,Mumbai,Seed Funding,4.71,hetal sonpal,hetal sonpal,2017,August
1165,1165,2017-08-02,Click2Clinic,Consumer Internet,healthcare service aggregator,Hyderabad,Seed Funding,8.007,narottam thudi,narottam thudi,2017,August
1166,1166,2017-08-02,Click2Clinic,Consumer Internet,healthcare service aggregator,Hyderabad,Seed Funding,8.007,shireesh palle,shireesh palle,2017,August
1167,1167,2017-08-03,SpeedBox,Logistics,On-Demand Logistics Service provider,Mumbai,Seed Funding,2.826,cismat cargo services pvt ltd,pine labs pte ltd,2017,August
1168,1168,2017-08-03,Skill Connect,Consumer Internet,Recruitment Portal,Jaipur,Seed Funding,0.0,rajasthan angel investor network,rajasthan angel innovators network,2017,August
1169,1169,2017-08-03,Chai Point,Consumer Internet,Tea Delivery Portal & offline stores,Bangalore,Private Equity,0.0,dsg consumer partners,saama capital  dsg consumer partners,2017,August
1170,1170,2017-08-03,Chai Point,Consumer Internet,Tea Delivery Portal & offline stores,Bangalore,Private Equity,0.0,eight roads ventures india,eight roads ventures,2017,August
1171,1171,2017-08-03,Zoctr,Consumer Internet,Health Products & Services Aggregator,Mumbai,Private Equity,0.0,sidbi,sidbi venture capital,2017,August
1172,1172,2017-08-04,Lime Tray,Technology,Restaurant Management Solutions,New Delhi,Private Equity,0.0,jsw ventures,ojas ventures,2017,August
1173,1173,2017-08-04,CoutLoot,eCommerce,Fashion Resale Marketplace,Mumbai,Seed Funding,0.0,anuj puri,anuj srivastava,2017,August
1174,1174,2017-08-04,CoutLoot,eCommerce,Fashion Resale Marketplace,Mumbai,Seed Funding,0.0,redcliffe capital,lok capital,2017,August
1175,1175,2017-08-04,CoutLoot,eCommerce,Fashion Resale Marketplace,Mumbai,Seed Funding,0.0,artha india ventures,india ventures,2017,August
1176,1176,2017-08-04,CoutLoot,eCommerce,Fashion Resale Marketplace,Mumbai,Seed Funding,0.0,siddharth kothari,siddharth kothari,2017,August
1177,1177,2017-08-04,CoutLoot,eCommerce,Fashion Resale Marketplace,Mumbai,Seed Funding,0.0,apoorv ranjan sharma,dr apoorv ranjan sharma,2017,August
1178,1178,2017-08-04,Box My Space,Logistics,Warehouse Aggregator,Mumbai,Seed Funding,0.0,r jayakumar,the oliver r grace,2017,August
1179,1179,2017-08-04,Box My Space,Logistics,Warehouse Aggregator,Mumbai,Seed Funding,0.0,vaibhav vohra,vaibhav vohra,2017,August
1180,1180,2017-08-04,Box My Space,Logistics,Warehouse Aggregator,Mumbai,Seed Funding,0.0,aditya vazirani,aditya vij,2017,August
1181,1181,2017-08-04,Box My Space,Logistics,Warehouse Aggregator,Mumbai,Seed Funding,0.0,rhea vazirani,rhea vazirani,2017,August
1182,1182,2017-08-04,Box My Space,Logistics,Warehouse Aggregator,Mumbai,Seed Funding,0.0,avn business solutions,saxc3xafd business school seed fund,2017,August
1183,1183,2017-08-04,Box My Space,Logistics,Warehouse Aggregator,Mumbai,Seed Funding,0.0,dreamweaver investments,rb investments,2017,August
1184,1184,2017-08-05,Curatio,Healthcare,Skincare Speciality services,Chennai,Private Equity,0.0,anicut capital,amicus capital,2017,August
1185,1185,2017-08-08,New Castle Technologies,Technology,Hospital Management Software,Chennai,Seed Funding,2.28906,undisclosed,undisclosed,2017,August
1186,1186,2017-08-08,My Forex Eye,Consumer Internet,foreign exchange services,New Delhi,Seed Funding,2.0724,rahul dev kumar,kapil dev,2017,August
1187,1187,2017-08-08,My Forex Eye,Consumer Internet,foreign exchange services,New Delhi,Seed Funding,2.0724,rajesh mahajan,rajesh yohanan  rahul garg,2017,August
1188,1188,2017-08-08,My Forex Eye,Consumer Internet,foreign exchange services,New Delhi,Seed Funding,2.0724,ankit sharma  others,others,2017,August
1189,1189,2017-08-09,TruxApp,Logistics,Mobile based Logistics Service,New Delhi,Seed Funding,29.202,venugopal dhoot,xc2xa0 ganapathy venugopal,2017,August
1190,1190,2017-08-09,TruxApp,Logistics,Mobile based Logistics Service,New Delhi,Seed Funding,29.202,ajay bhatia,pidilite industries director ajay parekh,2017,August
1191,1191,2017-08-09,TruxApp,Logistics,Mobile based Logistics Service,New Delhi,Seed Funding,29.202,tarun khelwal,sachin khelwal  others,2017,August
1192,1192,2017-08-09,TruxApp,Logistics,Mobile based Logistics Service,New Delhi,Seed Funding,29.202,ganpat singhvi,ghv,2017,August
1193,1193,2017-08-09,TruxApp,Logistics,Mobile based Logistics Service,New Delhi,Seed Funding,29.202,indian angel network,india quotient  letsventures angel fund,2017,August
1194,1194,2017-08-09,TruxApp,Logistics,Mobile based Logistics Service,New Delhi,Seed Funding,29.202,others,other,2017,August
1195,1195,2017-08-09,CroFarm,Technology,Agriculture Supply Chain solutions,Gurgaon,Seed Funding,7.37586,factore ventures,fao ventures,2017,August
1196,1196,2017-08-09,DoodhWala,Consumer Internet,Online milk delivery,Bangalore,Seed Funding,0.0,tom varkey,tom varkey,2017,August
1197,1197,2017-08-10,Stayabode,Consumer Internet,Co-Living space aggregator,Bangalore,Private Equity,0.0,incubate fund,incubate fund india,2017,August
1198,1198,2017-08-10,Stayabode,Consumer Internet,Co-Living space aggregator,Bangalore,Private Equity,0.0,sanjay shenoy,sanjay shenoy,2017,August
1199,1199,2017-08-10,Stayabode,Consumer Internet,Co-Living space aggregator,Bangalore,Private Equity,0.0,mridul upreti,mridul upreti,2017,August
1200,1200,2017-08-11,Flipkart,eCommerce,Online Marketplace,Bangalore,Private Equity,23550.0,softbank,softbank,2017,August
1201,1201,2017-08-11,Moong Labs,Technology,Mobile games developer,New Delhi,Private Equity,0.0,nazara games,nazara technologies,2017,August
1202,1202,2017-08-11,Ola,Consumer Internet,App based cab aggregation Service,Gurgaon,Private Equity,339.12,tekne capital management,tekne capital management llc,2017,August
1203,1203,2017-08-14,Sports Flashes,Consumer Internet,Sports Content Mobile App,New Delhi,Private Equity,0.0,bennett,bennett coleman  company ltd bccl,2017,August
1204,1204,2017-08-14,Sports Flashes,Consumer Internet,Sports Content Mobile App,New Delhi,Private Equity,0.0,coleman  company ltd bccl,bennett coleman  company ltd bccl,2017,August
1205,1205,2017-08-14,Digilend,Technology,Personal Loans & EMI solutions platform,Mumbai,Seed Funding,2.93904,incred finance,incred,2017,August
1206,1206,2017-08-14,Digilend,Technology,Personal Loans & EMI solutions platform,Mumbai,Seed Funding,2.93904,fullerton india credit company ltd,india quotient,2017,August
1207,1207,2017-08-15,KNAB Finance,Consumer Internet,Unsecured Small Business Loans,Bangalore,Seed Funding,3.6267,incred,incred finance,2017,August
1208,1208,2017-08-15,KNAB Finance,Consumer Internet,Unsecured Small Business Loans,Bangalore,Seed Funding,3.6267,krishnakumar natarajan,krishnakumar nataraj,2017,August
1209,1209,2017-08-15,KNAB Finance,Consumer Internet,Unsecured Small Business Loans,Bangalore,Seed Funding,3.6267,ravi bhardwaj,singularity ventures  ravi dhariwal,2017,August
1210,1210,2017-08-17,Get Simpl,Consumer Internet,Payment Solution Mobile app,Mumbai,Seed Funding,0.0,green visor capital lp ii,sequoia capital,2017,August
1211,1211,2017-08-17,Get Simpl,Consumer Internet,Payment Solution Mobile app,Mumbai,Seed Funding,0.0,ia venture strategies fund ii lp,vertex growth fund,2017,August
1212,1212,2017-08-17,Get Simpl,Consumer Internet,Payment Solution Mobile app,Mumbai,Seed Funding,0.0,boillot family trust,denlow investment trust  beenext,2017,August
1213,1213,2017-08-17,Get Simpl,Consumer Internet,Payment Solution Mobile app,Mumbai,Seed Funding,0.0,russell m byrne,a m siker,2017,August
1214,1214,2017-08-17,Get Simpl,Consumer Internet,Payment Solution Mobile app,Mumbai,Seed Funding,0.0,the oliver r grace,the uks development finance institution  p surendra pai,2017,August
1215,1215,2017-08-17,Get Simpl,Consumer Internet,Payment Solution Mobile app,Mumbai,Seed Funding,0.0,jr millennium trust,denlow investment trust  beenext,2017,August
1216,1216,2017-08-17,Get Simpl,Consumer Internet,Payment Solution Mobile app,Mumbai,Seed Funding,0.0,sf capital investments lp,sequoia capital,2017,August
1217,1217,2017-08-20,Rootefy,eCommerce,Building material online store,New Delhi,Seed Funding,1.76154,abhinav gupta,prashant gupta  others,2017,August
1218,1218,2017-08-21,Uniphore,Technology,speech recognition startup,Chennai,Private Equity,64.056,idg ventures,idg venture,2017,August
1219,1219,2017-08-21,Cerebroz,Consumer Internet,E-Tech platform,Vadodara,Seed Funding,6.91428,undisclosed,undisclosed,2017,August
1220,1220,2017-08-22,Flochat,Consumer Internet,instant messaging platform,Mumbai,Seed Funding,0.0,isquare global,ping an global voyager fund,2017,August
1221,1221,2017-08-22,EasyGov,Consumer Internet,Govt service application portal,Noida,Seed Funding,0.0,social alpha,social alpha  other unnamed angel investors,2017,August
1222,1222,2017-08-22,EasyGov,Consumer Internet,Govt service application portal,Noida,Seed Funding,0.0,rajan anan,rajan anan from google,2017,August
1223,1223,2017-08-22,EasyGov,Consumer Internet,Govt service application portal,Noida,Seed Funding,0.0,rajeev ahuja,rajeev arora  ram ramsundar,2017,August
1224,1224,2017-08-22,EasyGov,Consumer Internet,Govt service application portal,Noida,Seed Funding,0.0,kshitij arora,rajeev arora  ram ramsundar,2017,August
1225,1225,2017-08-23,Milk Basket,Consumer Internet,Online Grocery platform,Gurgaon,Seed Funding,0.0,blume ventures lenovo capital  incubator group lcig,blume ventures,2017,August
1226,1226,2017-08-23,Dhruva,Technology,Cloud data protection and management solutions,Pune,Private Equity,753.6,riverwood capital,lok capital,2017,August
1227,1227,2017-08-23,Dhruva,Technology,Cloud data protection and management solutions,Pune,Private Equity,753.6,sequoia capital,quona capital,2017,August
1228,1228,2017-08-23,Dhruva,Technology,Cloud data protection and management solutions,Pune,Private Equity,753.6,nexus venture partners,norwest venture partners,2017,August
1229,1229,2017-08-23,Dhruva,Technology,Cloud data protection and management solutions,Pune,Private Equity,753.6,tenaya capital,trifecta capital advisors,2017,August
1230,1230,2017-08-23,Bombay Shaving Company,eCommerce,Men Grooming product etailer,New Delhi,Private Equity,21.666,fireside ventures,healthquad  fireside ventures,2017,August
1231,1231,2017-08-23,Awign,Technology,Operations and manpower outsourcing,Bangalore,Seed Funding,0.0,iit ropar,iit ropar,2017,August
1232,1232,2017-08-23,Awign,Technology,Operations and manpower outsourcing,Bangalore,Seed Funding,0.0,imanpreet singh arora,manpreet singh,2017,August
1233,1233,2017-08-23,Awign,Technology,Operations and manpower outsourcing,Bangalore,Seed Funding,0.0,sidharth rozario,sidharth rao,2017,August
1234,1234,2017-08-23,Awign,Technology,Operations and manpower outsourcing,Bangalore,Seed Funding,0.0,saurabh abichani,atul gupta  saurabh rastogi,2017,August
1235,1235,2017-08-23,Awign,Technology,Operations and manpower outsourcing,Bangalore,Seed Funding,0.0,shikhar gupta,prashant gupta  others,2017,August
1236,1236,2017-08-23,Indiez,Technology,Software & Mobile app development platform,Bangalore,Seed Funding,4.71,haresh chawla,haresh chawla,2017,August
1237,1237,2017-08-24,Ezetap,Technology,mPOS solutions provider,Bangalore,Private Equity,150.72,js capital management,js capital,2017,August
1238,1238,2017-08-24,Ezetap,Technology,mPOS solutions provider,Bangalore,Private Equity,150.72,social capital,socialcapital,2017,August
1239,1239,2017-08-24,Ezetap,Technology,mPOS solutions provider,Bangalore,Private Equity,150.72,horizons ventures,sb ventures,2017,August
1240,1240,2017-08-25,Ink Monk,Consumer Internet,Online printing marketplace,Chennai,Seed Funding,7.065,vamm ventures,sutter hill ventures,2017,August
1241,1241,2017-08-25,Ink Monk,Consumer Internet,Online printing marketplace,Chennai,Seed Funding,7.065,raksul,raksul,2017,August
1242,1242,2017-08-25,Ink Monk,Consumer Internet,Online printing marketplace,Chennai,Seed Funding,7.065,dena,dena co,2017,August
1243,1243,2017-08-25,Medinfi,Consumer Internet,Online Doctor Discovery Platform,Bangalore,Seed Funding,1.1775,pbs srinivas,pbs srinivas,2017,August
1244,1244,2017-08-25,Medinfi,Consumer Internet,Online Doctor Discovery Platform,Bangalore,Seed Funding,1.1775,vinod martin,vinod martin,2017,August
1245,1245,2017-08-28,Mobikon,Technology,Restaurant & Hotel CRM platform,Pune,Private Equity,65.94,sistema asia fund,vertex ventures southeast asia sea  india  sistema asia fund,2017,August
1246,1246,2017-08-28,Mobikon,Technology,Restaurant & Hotel CRM platform,Pune,Private Equity,65.94,c31 ventures,rainforest ventures,2017,August
1247,1247,2017-08-28,Mobikon,Technology,Restaurant & Hotel CRM platform,Pune,Private Equity,65.94,qualgro,qualgro,2017,August
1248,1248,2017-08-29,CureFit,Consumer Internet,End to End health and wellness platform.,Bangalore,Private Equity,235.5,accel,accel,2017,August
1249,1249,2017-08-29,CureFit,Consumer Internet,End to End health and wellness platform.,Bangalore,Private Equity,235.5,idg ventures,idg venture,2017,August
1250,1250,2017-08-29,CureFit,Consumer Internet,End to End health and wellness platform.,Bangalore,Private Equity,235.5,kalaari capital,romulus capital  kalaari capital,2017,August
1251,1251,2017-08-29,CureFit,Consumer Internet,End to End health and wellness platform.,Bangalore,Private Equity,235.5,xc2xa0 ucrnt fund,ucrnt fund,2017,August
1252,1252,2017-08-29,Doxper,Technology,Healthtech IoT platform,Mumbai,Seed Funding,7.065,idal health,cmyk health boutique pvt ltd,2017,August
1253,1253,2017-08-29,Doxper,Technology,Healthtech IoT platform,Mumbai,Seed Funding,7.065,growx ventures,growx,2017,August
1254,1254,2017-08-29,Doxper,Technology,Healthtech IoT platform,Mumbai,Seed Funding,7.065,capier investments,burda principal investments,2017,August
1255,1255,2017-08-29,Doxper,Technology,Healthtech IoT platform,Mumbai,Seed Funding,7.065,globevestor,globeinvestor,2017,August
1256,1256,2017-08-29,Doxper,Technology,Healthtech IoT platform,Mumbai,Seed Funding,7.065,others,other,2017,August
1257,1257,2017-08-29,Fieldassist,Technology,SAAS based sales force automation services,Gurgaon,Debt Funding,0.0,small industries development bank of india sidbi,mall industries development bank of india sidbi,2017,August
1258,1258,2017-08-30,Treebo,Consumer Internet,Budget Hotel Aggregator platform,Bangalore,Private Equity,320.28,ward ferry management  karst peak capital,sequoia capital,2017,August
1259,1259,2017-08-30,MedGenome,Technology,Genomics Research and Diagnostics Solutions,Bangalore,Private Equity,282.6,sequoia capital,quona capital,2017,August
1260,1260,2017-08-30,MedGenome,Technology,Genomics Research and Diagnostics Solutions,Bangalore,Private Equity,282.6,sofina sa,sofina,2017,August
1261,1261,2017-08-30,MedGenome,Technology,Genomics Research and Diagnostics Solutions,Bangalore,Private Equity,282.6,zodius capital,trifecta capital advisors,2017,August
1262,1262,2017-08-30,MedGenome,Technology,Genomics Research and Diagnostics Solutions,Bangalore,Private Equity,282.6,kris gopalakrishnan,kris gopalkrishnan,2017,August
1263,1263,2017-08-30,MedGenome,Technology,Genomics Research and Diagnostics Solutions,Bangalore,Private Equity,282.6,lakshmi narayanan,lakshmi narayanan,2017,August
1264,1264,2017-07-01,Billion Loans,Consumer Internet,Peer to Peer Lending platform,Bangalore,Seed Funding,9.42,indian angel network,india quotient  letsventures angel fund,2017,July
1265,1265,2017-07-03,Ecolibriumenergy,Technology,Energy management solutions provider,Ahmedabad,Private Equity,24.492,infuse ventures,infuse ventures fund,2017,July
1266,1266,2017-07-03,Ecolibriumenergy,Technology,Energy management solutions provider,Ahmedabad,Private Equity,24.492,jll,jll,2017,July
1267,1267,2017-07-04,Droom,eCommerce,Online marketplace for automobiles,Gurgaon,Private Equity,188.4,asset management asia ltd,supera pte ltd,2017,July
1268,1268,2017-07-04,Droom,eCommerce,Online marketplace for automobiles,Gurgaon,Private Equity,188.4,digital garage inc,digital garage,2017,July
1269,1269,2017-07-05,Jumbotail,eCommerce,online marketplace for food and grocery,Bangalore,Private Equity,80.07,kalaari capital,romulus capital  kalaari capital,2017,July
1270,1270,2017-07-05,Jumbotail,eCommerce,online marketplace for food and grocery,Bangalore,Private Equity,80.07,nexus venture partners,norwest venture partners,2017,July
1271,1271,2017-07-05,Moglix,eCommerce,B2B marketplace for Industrial products,Noida,Private Equity,113.04,international finance corporation,ss capital  international finance corporation,2017,July
1272,1272,2017-07-05,Moglix,eCommerce,B2B marketplace for Industrial products,Noida,Private Equity,113.04,rocketship,rocketship,2017,July
1273,1273,2017-07-05,Moglix,eCommerce,B2B marketplace for Industrial products,Noida,Private Equity,113.04,accel,accel,2017,July
1274,1274,2017-07-05,Moglix,eCommerce,B2B marketplace for Industrial products,Noida,Private Equity,113.04,jungle ventures,lakestar  jungle ventures,2017,July
1275,1275,2017-07-05,Moglix,eCommerce,B2B marketplace for Industrial products,Noida,Private Equity,113.04,shailesh rao,il,2017,July
1276,1276,2017-07-05,Moglix,eCommerce,B2B marketplace for Industrial products,Noida,Private Equity,113.04,venture highway,y combinator  venture highway,2017,July
1277,1277,2017-07-05,Timesaverz,Consumer Internet,Hyperlocal home services provider,Mumbai,Private Equity,9.42,bccl,coleman  company ltd bccl,2017,July
1278,1278,2017-07-06,Minjar,Technology,Cloud Solutions provider,Bangalore,Seed Funding,0.0,blume ventures,blume ventures  rtp global,2017,July
1279,1279,2017-07-06,Minjar,Technology,Cloud Solutions provider,Bangalore,Seed Funding,0.0,indian angel network,india quotient  letsventures angel fund,2017,July
1280,1280,2017-07-06,Minjar,Technology,Cloud Solutions provider,Bangalore,Seed Funding,0.0,emergent ventures india,emergent ventures,2017,July
1281,1281,2017-07-06,Minjar,Technology,Cloud Solutions provider,Bangalore,Seed Funding,0.0,pallav nadhani,mohas pai pallav nadhani,2017,July
1282,1282,2017-07-06,Minjar,Technology,Cloud Solutions provider,Bangalore,Seed Funding,0.0,ashish gupta,sunil goyal ashish gupta,2017,July
1283,1283,2017-07-06,Minjar,Technology,Cloud Solutions provider,Bangalore,Seed Funding,0.0,sharad sharma,vijay shekhar sharma,2017,July
1284,1284,2017-07-06,Minjar,Technology,Cloud Solutions provider,Bangalore,Seed Funding,0.0,sirion labs,pine labs pte ltd,2017,July
1285,1285,2017-07-06,MyCity4kids,Consumer Internet,parenting blog and kids\\xe2\\x80\\x99 events discovery platform,Gurgaon,Seed Funding,0.0,undisclosed,undisclosed,2017,July
1286,1286,2017-07-07,Clip App,Consumer Internet,Digital Media Video platform,Bangalore,Seed Funding,9.42,india quotient,india quotient  letsventures angel fund,2017,July
1287,1287,2017-07-07,Clip App,Consumer Internet,Digital Media Video platform,Bangalore,Seed Funding,9.42,shunwei capital,omidyar network  shunwei capital,2017,July
1288,1288,2017-07-07,Upwardly.in,Consumer Internet,MF investment platform,Bangalore,Seed Funding,0.0,sreeram iyer,sreeram iyer,2017,July
1289,1289,2017-07-07,Upwardly.in,Consumer Internet,MF investment platform,Bangalore,Seed Funding,0.0,suvo sarkar,suvo sarkar,2017,July
1290,1290,2017-07-07,Upwardly.in,Consumer Internet,MF investment platform,Bangalore,Seed Funding,0.0,anita gupta,ankit gupta,2017,July
1291,1291,2017-07-07,Upwardly.in,Consumer Internet,MF investment platform,Bangalore,Seed Funding,0.0,likemind ventures,sd ventures,2017,July
1292,1292,2017-07-10,Autorox.co,Technology,Workshop Management Software Platform,Hyderabad,Private Equity,28.26,mitsui,m,2017,July
1293,1293,2017-07-10,Autorox.co,Technology,Workshop Management Software Platform,Hyderabad,Private Equity,28.26,co,falcon edge,2017,July
1294,1294,2017-07-11,Fabogo,Consumer Internet,Salon & Spa Aggregation & Discovery platform,Pune,Private Equity,21.195,dunamis ventures pte ltd,axilor ventures,2017,July
1295,1295,2017-07-11,Flickstree,Consumer Internet,Video Content Discovery Platform,Mumbai,Seed Funding,4.37088,venture catalysts,venture catalyst,2017,July
1296,1296,2017-07-11,Flickstree,Consumer Internet,Video Content Discovery Platform,Mumbai,Seed Funding,4.37088,sourav ganguly,sourav ganguly,2017,July
1297,1297,2017-07-11,Flickstree,Consumer Internet,Video Content Discovery Platform,Mumbai,Seed Funding,4.37088,ankit aditya,gaurav suri  ankit kesarwani,2017,July
1298,1298,2017-07-11,Flickstree,Consumer Internet,Video Content Discovery Platform,Mumbai,Seed Funding,4.37088,moksh sports ventures,sb ventures,2017,July
1299,1299,2017-07-11,Design Cafe,Consumer Internet,Online Interior Design platform,Bangalore,Seed Funding,0.0,fireside ventures,healthquad  fireside ventures,2017,July
1300,1300,2017-07-11,Design Cafe,Consumer Internet,Online Interior Design platform,Bangalore,Seed Funding,0.0,apurva salarpuria,apurva salapuria,2017,July
1301,1301,2017-07-11,Design Cafe,Consumer Internet,Online Interior Design platform,Bangalore,Seed Funding,0.0,sidharth pansari,sidharth pansari,2017,July
1302,1302,2017-07-11,Design Cafe,Consumer Internet,Online Interior Design platform,Bangalore,Seed Funding,0.0,sprout capital,sprout venture partners,2017,July
1303,1303,2017-07-12,Innoviti,Technology,Digital payments solutions,Bangalore,Private Equity,174.27,sbifmo fund,ping an global voyager fund,2017,July
1304,1304,2017-07-12,Innoviti,Technology,Digital payments solutions,Bangalore,Private Equity,174.27,bessemer venture partners,bessemer venture partner,2017,July
1305,1305,2017-07-12,Innoviti,Technology,Digital payments solutions,Bangalore,Private Equity,174.27,catamaran ventures,cataraman ventures,2017,July
1306,1306,2017-07-12,VDeliver,Logistics,Door Step Delivery platform,Hyderabad,Private Equity,0.0,corvus ventures,co,2017,July
1307,1307,2017-07-12,VDeliver,Logistics,Door Step Delivery platform,Hyderabad,Private Equity,0.0,mape advisory group,mape advisory,2017,July
1308,1308,2017-07-12,Bottr.me,Technology,Chatbot creation tool,Bangalore,Seed Funding,0.0,500 startups,500 startups,2017,July
1309,1309,2017-07-12,Bottr.me,Technology,Chatbot creation tool,Bangalore,Seed Funding,0.0,purvi capital,trifecta capital advisors,2017,July
1310,1310,2017-07-12,Bottr.me,Technology,Chatbot creation tool,Bangalore,Seed Funding,0.0,rajan anan,rajan anan from google,2017,July
1311,1311,2017-07-12,Bottr.me,Technology,Chatbot creation tool,Bangalore,Seed Funding,0.0,abhishek gupta,prashant gupta  others,2017,July
1312,1312,2017-07-12,Arcatron,Technology,Next Gen Mobility device manufacturer,Pune,Seed Funding,0.0,indian angel network,india quotient  letsventures angel fund,2017,July
1313,1313,2017-07-14,QwikSpec,Technology,Construction site operations and analytics platform,Bangalore,Seed Funding,5.0868,brigade innovations llp,man capital llp,2017,July
1314,1314,2017-07-14,QwikSpec,Technology,Construction site operations and analytics platform,Bangalore,Seed Funding,5.0868,tv mohas pai,t v mohas pai,2017,July
1315,1315,2017-07-14,QwikSpec,Technology,Construction site operations and analytics platform,Bangalore,Seed Funding,5.0868,suhail rahman,il,2017,July
1316,1316,2017-07-14,QwikSpec,Technology,Construction site operations and analytics platform,Bangalore,Seed Funding,5.0868,bobby reddy,amrendra reddy  manish satnaliwala,2017,July
1317,1317,2017-07-14,QwikSpec,Technology,Construction site operations and analytics platform,Bangalore,Seed Funding,5.0868,m george oommen,vivek khare  bijoy george,2017,July
1318,1318,2017-07-14,Chumbak,eCommerce,Designer consumer products Marketplace,Bangalore,Private Equity,16.014,blacksoil capital pvt ltd,blacksoil,2017,July
1319,1319,2017-07-17,Increff,Technology,Sales Solutions for Fashion Brands,Bangalore,Seed Funding,18.84,sequoia capital,quona capital,2017,July
1320,1320,2017-07-17,Increff,Technology,Sales Solutions for Fashion Brands,Bangalore,Seed Funding,18.84,grey orange,grey orange robotics,2017,July
1321,1321,2017-07-17,Increff,Technology,Sales Solutions for Fashion Brands,Bangalore,Seed Funding,18.84,rajesh ramaiah,rajesh yohanan  rahul garg,2017,July
1322,1322,2017-07-17,Increff,Technology,Sales Solutions for Fashion Brands,Bangalore,Seed Funding,18.84,anshuman das,das capital  it farm,2017,July
1323,1323,2017-07-17,Increff,Technology,Sales Solutions for Fashion Brands,Bangalore,Seed Funding,18.84,rishi das,das capital  it farm,2017,July
1324,1324,2017-07-17,Vayana,Technology,Enterprise Banking Solutions,Pune,Private Equity,37.68,idg ventures india advisors,idg ventures,2017,July
1325,1325,2017-07-17,Vayana,Technology,Enterprise Banking Solutions,Pune,Private Equity,37.68,jungle ventures,lakestar  jungle ventures,2017,July
1326,1326,2017-07-18,MObiquest,Technology,Mobile Services & Solutions,Noida,Private Equity,0.0,one97 communication ltd,one97 communications ltd,2017,July
1327,1327,2017-07-18,Ambee,Consumer Internet,Ambulance Aggregation Services,Hyderabad,Seed Funding,0.0,uber technologies inc,inc,2017,July
1328,1328,2017-07-18,Ambee,Consumer Internet,Ambulance Aggregation Services,Hyderabad,Seed Funding,0.0,amaya capital llp,man capital llp,2017,July
1329,1329,2017-07-18,Ideal Insurance,Consumer Internet,Online Insurance platform,Kolkata,Seed Funding,0.0,xelpmoc,m,2017,July
1330,1330,2017-07-18,Hypernova Interactive,Technology,Mobile games creator,Bangalore,Seed Funding,0.0,kae capital,vc firms india quotient  kae capital,2017,July
1331,1331,2017-07-19,Rentomojo,Consumer Internet,Consumer Leasing Platform,Bangalore,Private Equity,94.2,ain capital ventures,grace capital ventures,2017,July
1332,1332,2017-07-19,Rentomojo,Consumer Internet,Consumer Leasing Platform,Bangalore,Private Equity,94.2,renaud laplanche,renaud laplanche,2017,July
1333,1333,2017-07-19,AirCTO,Consumer Internet,AI powered recruitment platform,Bangalore,Seed Funding,0.0,francesco cara,co,2017,July
1334,1334,2017-07-19,Playablo,Technology,Gamified Learning App,Bangalore,Seed Funding,5.652,abishowatech india ltd,bennett coleman  company ltd bccl,2017,July
1335,1335,2017-07-20,Trupay,Technology,Online payments platform,Gurgaon,Seed Funding,6.594,kae capital,vc firms india quotient  kae capital,2017,July
1336,1336,2017-07-20,Trupay,Technology,Online payments platform,Gurgaon,Seed Funding,6.594,m,paytm,2017,July
1337,1337,2017-07-20,Trupay,Technology,Online payments platform,Gurgaon,Seed Funding,6.594,s partners,insignia ventures partners,2017,July
1338,1338,2017-07-21,Brick2Wall,eCommerce,Online Marketplace for Construction Material,Gurgaon,Seed Funding,1.884,subramani somasundaram,subramani somasundaram,2017,July
1339,1339,2017-07-21,Brick2Wall,eCommerce,Online Marketplace for Construction Material,Gurgaon,Seed Funding,1.884,sundeep sahni,sundeep singh sahni,2017,July
1340,1340,2017-07-21,Brick2Wall,eCommerce,Online Marketplace for Construction Material,Gurgaon,Seed Funding,1.884,mayank mittal,ajay relan  vinay mittal,2017,July
1341,1341,2017-07-21,Brick2Wall,eCommerce,Online Marketplace for Construction Material,Gurgaon,Seed Funding,1.884,others,other,2017,July
1342,1342,2017-07-21,FableStreet,eCommerce,Women Work wear etailer,New Delhi,Seed Funding,0.0,harmeet bajaj,harmeet bajaj,2017,July
1343,1343,2017-07-21,FableStreet,eCommerce,Women Work wear etailer,New Delhi,Seed Funding,0.0,pameela p,the uks development finance institution  p surendra pai,2017,July
1344,1344,2017-07-21,FableStreet,eCommerce,Women Work wear etailer,New Delhi,Seed Funding,0.0,fusiontech ventures,fusion tech ventures,2017,July
1345,1345,2017-07-21,FableStreet,eCommerce,Women Work wear etailer,New Delhi,Seed Funding,0.0,others,other,2017,July
1346,1346,2017-07-21,Monsoon Fintech,Technology,Machine Learning Access platform,New Delhi,Seed Funding,0.0,sunil kalra,il,2017,July
1347,1347,2017-07-21,Monsoon Fintech,Technology,Machine Learning Access platform,New Delhi,Seed Funding,0.0,aditya singh,imanpreet singh arora,2017,July
1348,1348,2017-07-21,Monsoon Fintech,Technology,Machine Learning Access platform,New Delhi,Seed Funding,0.0,rishi srivastava,rishi das,2017,July
1349,1349,2017-07-21,Monsoon Fintech,Technology,Machine Learning Access platform,New Delhi,Seed Funding,0.0,rajan anan,rajan anan from google,2017,July
1350,1350,2017-07-21,MonkeyBox,Consumer Internet,Healthy Food Delivery Platform,Bangalore,Seed Funding,0.0,blume ventures,blume ventures  rtp global,2017,July
1351,1351,2017-07-21,MonkeyBox,Consumer Internet,Healthy Food Delivery Platform,Bangalore,Seed Funding,0.0,nb ventures,sb ventures,2017,July
1352,1352,2017-07-21,MonkeyBox,Consumer Internet,Healthy Food Delivery Platform,Bangalore,Seed Funding,0.0,nspira,nspira,2017,July
1353,1353,2017-07-25,Noticeboard,Consumer Internet,Mobile-first Enterprise communication platform,Bangalore,Private Equity,11.304,stellaris venture partners,stellaris venture partners  kalaari capital,2017,July
1354,1354,2017-07-25,BYJU'S,Consumer Internet,Mobile Learning App,Bangalore,Private Equity,329.7,tencent holdings,tencent holdings ltd,2017,July
1355,1355,2017-07-26,Creatorxe2x80x99s Gurukul,Others,Co-Working Space Provider,New Delhi,Seed Funding,0.0,yuvraj singh,imanpreet singh arora,2017,July
1356,1356,2017-07-26,Fab Hotels,Consumer Internet,Budget hotels brand & Aggregator Platform,New Delhi,Private Equity,235.5,goldman sachs,goldman sachs group,2017,July
1357,1357,2017-07-26,ThinkerBell,Consumer Internet,Assisted Learning Startup,Bangalore,Seed Funding,1.884,indian angel network,india quotient  letsventures angel fund,2017,July
1358,1358,2017-07-26,ThinkerBell,Consumer Internet,Assisted Learning Startup,Bangalore,Seed Funding,1.884,an mahindra,mahindra,2017,July
1359,1359,2017-07-27,1mg,eCommerce,Online Pharmacy,Gurgaon,Private Equity,141.3,hbm healthcare investments,maverick capital ltd  hbm healthcare investments ltd,2017,July
1360,1360,2017-07-27,1mg,eCommerce,Online Pharmacy,Gurgaon,Private Equity,141.3,maverick capital ventures,maverick capital,2017,July
1361,1361,2017-07-27,1mg,eCommerce,Online Pharmacy,Gurgaon,Private Equity,141.3,sequoia capital,quona capital,2017,July
1362,1362,2017-07-27,1mg,eCommerce,Online Pharmacy,Gurgaon,Private Equity,141.3,omidyar network  kae capital,omidyar network,2017,July
1363,1363,2017-07-28,Jhakaas,Consumer Internet,App-based Aggregator of Offline Businesses,Mumbai,Seed Funding,0.0,amen dhyllon,amen dhyllon,2017,July
1364,1364,2017-07-28,BigStylist,Consumer Internet,Beauty Services Marketplace,Mumbai,Private Equity,11.775,info edge india ltd,info edge india ltd  temasek,2017,July
1365,1365,2017-07-28,Gympik.com,Consumer Internet,online marketplace for discovering fitness centres,Bangalore,Seed Funding,0.0,roundglass partners,roundglass partners llc,2017,July
1366,1366,2017-06-01,Tripeur,Technology,Mobile based travel ERP platform,Bangalore,Seed Funding,0.0,grace grace techno ventures llp,chiratae ventures,2017,June
1367,1367,2017-06-01,Tripeur,Technology,Mobile based travel ERP platform,Bangalore,Seed Funding,0.0,rajul garg,ps1 venture  globallogic cofounder rajul garg,2017,June
1368,1368,2017-06-01,Tripeur,Technology,Mobile based travel ERP platform,Bangalore,Seed Funding,0.0,undisclosed,undisclosed,2017,June
1369,1369,2017-06-02,RentOnGo,eCommerce,"Online Marketplace for Renting Bikes, Electronics & Appliances",Bangalore,Seed Funding,2.20428,tvs motor company,bennett coleman  company ltd bccl,2017,June
1370,1370,2017-06-05,Goomo,Consumer Internet,Online Travel & Holiday Booking platform,Mumbai,Private Equity,471.0,emerging india,sc gg india mobility holdings llc,2017,June
1371,1371,2017-06-05,MaxMyWealth,Consumer Internet,Online Wealth Management & Savings platform,Mumbai,Private Equity,0.0,lockchain ecosystem global advisors,tiger global,2017,June
1372,1372,2017-06-05,MaxMyWealth,Consumer Internet,Online Wealth Management & Savings platform,Mumbai,Private Equity,0.0,horseferry,horseferry,2017,June
1373,1373,2017-06-06,Spinny,eCommerce,Online Used Car marketplace,Gurgaon,Private Equity,9.42,blume ventures,blume ventures  rtp global,2017,June
1374,1374,2017-06-06,Spinny,eCommerce,Online Used Car marketplace,Gurgaon,Private Equity,9.42,indian angel network,india quotient  letsventures angel fund,2017,June
1375,1375,2017-06-06,Spinny,eCommerce,Online Used Car marketplace,Gurgaon,Private Equity,9.42,kunal shah,kunal shah  manish patel,2017,June
1376,1376,2017-06-06,Spinny,eCommerce,Online Used Car marketplace,Gurgaon,Private Equity,9.42,seep ton,xc2xa0 seep ton,2017,June
1377,1377,2017-06-06,Healthbuds,Consumer Internet,Healthcare Discovery & booking platform,Kolkata,Seed Funding,0.0,arun patodia,arun venkatachalam,2017,June
1378,1378,2017-06-06,Healthbuds,Consumer Internet,Healthcare Discovery & booking platform,Kolkata,Seed Funding,0.0,bharat kedia,bharat kedia,2017,June
1379,1379,2017-06-06,Ftcash,Consumer Internet,Mobile Payments platform,Mumbai,Private Equity,0.0,500 startups,500 startups,2017,June
1380,1380,2017-06-06,Ftcash,Consumer Internet,Mobile Payments platform,Mumbai,Private Equity,0.0,ivycap ventures,ivycamp ventures,2017,June
1381,1381,2017-06-06,BHIVE Workspace,Consumer Internet,co-working spaces,Bangalore,Private Equity,11.304,blume ventures,blume ventures  rtp global,2017,June
1382,1382,2017-06-06,wayForward,Consumer Internet,Mobile app for Mental Health,New Delhi,Seed Funding,9.42,harsh mahajan,harsh mahajan,2017,June
1383,1383,2017-06-06,wayForward,Consumer Internet,Mobile app for Mental Health,New Delhi,Seed Funding,9.42,farhan naqvi,farhan naqvi,2017,June
1384,1384,2017-06-06,wayForward,Consumer Internet,Mobile app for Mental Health,New Delhi,Seed Funding,9.42,sreepathy viswanathan,vishwanathan,2017,June
1385,1385,2017-06-06,GyanDhan,Consumer Internet,Education Marketplace,New Delhi,Private Equity,0.0,sundaram finance holdings,deshe holdings,2017,June
1386,1386,2017-06-06,Hungry Foal,Consumer Internet,For profit Social Venture,Gurgaon,Private Equity,0.0,sbi st up india scheme,india quotient,2017,June
1387,1387,2017-06-07,ZipLoan,Consumer Internet,Online lending platform,New Delhi,Seed Funding,6.123,waterbridge ventures,waterbridge ventures  thinkuvate,2017,June
1388,1388,2017-06-07,GrowFitter,Consumer Internet,health and fitness discovery platform,Mumbai,Seed Funding,5.652,sque capital,quake capital,2017,June
1389,1389,2017-06-08,Stratfit,Consumer Internet,Health coaching programs,Hyderabad,Seed Funding,2.18544,bodhtree consulting limited,makemytrip limited,2017,June
1390,1390,2017-06-08,Multiplier Solutions,Technology,CRM Software for Healthcare space,Hyderabad,Private Equity,14.13,norwest venture partners,rwe,2017,June
1391,1391,2017-06-08,ABI Health,Technology,Unified Digital Health Platform,Bangalore,Private Equity,14.13,norwest venture partners,rwe,2017,June
1392,1392,2017-06-08,Stockal,Consumer Internet,App-based Investment advisory Services,Bangalore,Seed Funding,3.297,mohan alexer,mohan alexer,2017,June
1393,1393,2017-06-08,Stockal,Consumer Internet,App-based Investment advisory Services,Bangalore,Seed Funding,3.297,r natarajan,krishnakumar natarajan,2017,June
1394,1394,2017-06-08,Stockal,Consumer Internet,App-based Investment advisory Services,Bangalore,Seed Funding,3.297,vikrant varshney,vikrant varshney,2017,June
1395,1395,2017-06-08,Stockal,Consumer Internet,App-based Investment advisory Services,Bangalore,Seed Funding,3.297,amit sinha,amit singhal,2017,June
1396,1396,2017-06-09,Guidoo,Consumer Internet,Travel & adventure planning platform,Mumbai,Seed Funding,2.826,pawan borle,pawan borle,2017,June
1397,1397,2017-06-09,Guidoo,Consumer Internet,Travel & adventure planning platform,Mumbai,Seed Funding,2.826,nirmal singh,niraj singh,2017,June
1398,1398,2017-06-09,Guidoo,Consumer Internet,Travel & adventure planning platform,Mumbai,Seed Funding,2.826,manish prasad,amrendra reddy  manish satnaliwala,2017,June
1399,1399,2017-06-09,Guidoo,Consumer Internet,Travel & adventure planning platform,Mumbai,Seed Funding,2.826,vineet varma,vineet varma,2017,June
1400,1400,2017-06-09,Guidoo,Consumer Internet,Travel & adventure planning platform,Mumbai,Seed Funding,2.826,nick haulkoury,nick haulkoury,2017,June
1401,1401,2017-06-09,Guidoo,Consumer Internet,Travel & adventure planning platform,Mumbai,Seed Funding,2.826,abhai s rao,s gopal,2017,June
1402,1402,2017-06-09,eSahai.in,Consumer Internet,ambulance aggregator and medical taxi provider,Hyderabad,Seed Funding,2.355,dr ramesh ayyala,dr aniruddha malpani manish gupta,2017,June
1403,1403,2017-06-09,eSahai.in,Consumer Internet,ambulance aggregator and medical taxi provider,Hyderabad,Seed Funding,2.355,satya muthyala,satya muthyala,2017,June
1404,1404,2017-06-12,Loanmeet,Consumer Internet,Online peer-to-peer lending platform,Bangalore,Seed Funding,0.0,cao yibin,cao yibin,2017,June
1405,1405,2017-06-12,Loanmeet,Consumer Internet,Online peer-to-peer lending platform,Bangalore,Seed Funding,0.0,huang wei,huang wei,2017,June
1406,1406,2017-06-12,Loanmeet,Consumer Internet,Online peer-to-peer lending platform,Bangalore,Seed Funding,0.0,madhusudan e,madhusudan e,2017,June
1407,1407,2017-06-12,LendingKart,Consumer Internet,Online Lending platform,Ahmedabad,Debt Funding,73.476,yes bank,alphabets growth investment arm capital g  axis bank,2017,June
1408,1408,2017-06-12,Boxx.ai,Technology,Artificial Intelligence,Bangalore,Private Equity,4.71,unicorn india ventures,unicorn india ventures  isme ace,2017,June
1409,1409,2017-06-12,Boxx.ai,Technology,Artificial Intelligence,Bangalore,Private Equity,4.71,venky krishnakumar,venk,2017,June
1410,1410,2017-06-12,Boxx.ai,Technology,Artificial Intelligence,Bangalore,Private Equity,4.71,suresh shankar,suresh shankar,2017,June
1411,1411,2017-06-12,Boxx.ai,Technology,Artificial Intelligence,Bangalore,Private Equity,4.71,vivek bhargava,xc2xa0 vivek bhargava,2017,June
1412,1412,2017-06-12,PeeSafe.in,Healthcare,Hygiene care product manufacturer,New Delhi,Private Equity,9.42,venture catalysts,venture catalyst,2017,June
1413,1413,2017-06-12,PeeSafe.in,Healthcare,Hygiene care product manufacturer,New Delhi,Private Equity,9.42,alfa capital,alpha capital,2017,June
1414,1414,2017-06-12,PeeSafe.in,Healthcare,Hygiene care product manufacturer,New Delhi,Private Equity,9.42,green shots capital,lok capital,2017,June
1415,1415,2017-06-12,PeeSafe.in,Healthcare,Hygiene care product manufacturer,New Delhi,Private Equity,9.42,real time ventures,breakthrough energy ventures,2017,June
1416,1416,2017-06-12,Vista Rooms,Consumer Internet,Online rooms aggregation platform,Mumbai,Seed Funding,7.30992,artha india ventures,india ventures,2017,June
1417,1417,2017-06-12,Vista Rooms,Consumer Internet,Online rooms aggregation platform,Mumbai,Seed Funding,7.30992,singularity holdings,sc gg india mobility holdings llc,2017,June
1418,1418,2017-06-12,Vista Rooms,Consumer Internet,Online rooms aggregation platform,Mumbai,Seed Funding,7.30992,rajan anan,rajan anan from google,2017,June
1419,1419,2017-06-12,Vista Rooms,Consumer Internet,Online rooms aggregation platform,Mumbai,Seed Funding,7.30992,girish mathrubootham,girish matrubootham,2017,June
1420,1420,2017-06-12,CoverFox,Consumer Internet,Online insurance brokerage platform,Mumbai,Private Equity,141.3,transamerica,transamerica  others,2017,June
1421,1421,2017-06-13,HyperTrack,Technology,Location tracking solutions,New Delhi,Private Equity,0.0,nexus venture partners,norwest venture partners,2017,June
1422,1422,2017-06-13,HyperTrack,Technology,Location tracking solutions,New Delhi,Private Equity,0.0,founders fund,ping an global voyager fund,2017,June
1423,1423,2017-06-13,Goodera,Technology,CSR and sustainability management platform,Bangalore,Private Equity,51.81,nexus venture partners,norwest venture partners,2017,June
1424,1424,2017-06-13,Goodera,Technology,CSR and sustainability management platform,Bangalore,Private Equity,51.81,omidyar network,omidyar networks,2017,June
1425,1425,2017-06-13,Digit,Technology,Tech driven Insurance platform,Bangalore,Private Equity,0.0,fairfax holdings,fairfax,2017,June
1426,1426,2017-06-14,Ola,Consumer Internet,Cab Aggregation App,Bangalore,Private Equity,471.0,tekne capital management llc,tekne capital management,2017,June
1427,1427,2017-06-14,Vanitycask,Consumer Internet,Beauty products discovery platform,Mumbai,Seed Funding,0.0,rb investments,rb investments pte ltd,2017,June
1428,1428,2017-06-14,MrNeeds,Consumer Internet,Micro Food Delivery platform,Noida,Seed Funding,4.71,undisclosed,undisclosed,2017,June
1429,1429,2017-06-15,MoneyTap,Consumer Internet,Money Lending platform,Bangalore,Private Equity,115.866,sequoia capital,quona capital,2017,June
1430,1430,2017-06-15,MoneyTap,Consumer Internet,Money Lending platform,Bangalore,Private Equity,115.866,nea,nea ventures,2017,June
1431,1431,2017-06-15,MoneyTap,Consumer Internet,Money Lending platform,Bangalore,Private Equity,115.866,prime venture partners,prime venture partners  others,2017,June
1432,1432,2017-06-16,Goodbox,eCommerce,Mobile SAAS\\xc2\\xa0 ECommerce platform for SMEs,Bangalore,Private Equity,9.42,nexus venture partners,norwest venture partners,2017,June
1433,1433,2017-06-16,Goodbox,eCommerce,Mobile SAAS\\xc2\\xa0 ECommerce platform for SMEs,Bangalore,Private Equity,9.42,mekin maheshwari,mekin maheshwar,2017,June
1434,1434,2017-06-16,Fincash,Consumer Internet,Personal Finance platform,Mumbai,Seed Funding,0.942,mohammed khan,mohammed bin abdul rehman al khalifa,2017,June
1435,1435,2017-06-16,Fincash,Consumer Internet,Personal Finance platform,Mumbai,Seed Funding,0.942,sameer narayan,sameer narayan,2017,June
1436,1436,2017-06-16,Fincash,Consumer Internet,Personal Finance platform,Mumbai,Seed Funding,0.942,others,other,2017,June
1437,1437,2017-06-16,PortDesk,Technology,Maritime Solutions,Noida,Seed Funding,18.84,alphard maritime group,times group,2017,June
1438,1438,2017-06-16,EdgeFx,eCommerce,DIY project Kits seller,Hyderabad,Seed Funding,0.0,cross border angels,director at byramjee jeejeebhoy pvt ltd were among the angels,2017,June
1439,1439,2017-06-16,EdgeFx,eCommerce,DIY project Kits seller,Hyderabad,Seed Funding,0.0,experts,experts,2017,June
1440,1440,2017-06-16,EdgeFx,eCommerce,DIY project Kits seller,Hyderabad,Seed Funding,0.0,rajasthan angel innovators network,rajasthan angel investor network,2017,June
1441,1441,2017-06-16,EdgeFx,eCommerce,DIY project Kits seller,Hyderabad,Seed Funding,0.0,the chennai angels,chennai angels,2017,June
1442,1442,2017-06-16,EazyDiner,Consumer Internet,Online Restaurant Reservation Platform,Gurgaon,Seed Funding,0.0,youwecan ventures,yourwecan ventures,2017,June
1443,1443,2017-06-16,HealthIntel,Healthcare,Online Pharmacy,New Delhi,Seed Funding,0.0,blip initiatives,blip initiatives,2017,June
1444,1444,2017-06-19,Unbxd,Technology,Cloud-based product discovery platform,Bangalore,Private Equity,117.75,eight roads ventures,eight road ventures,2017,June
1445,1445,2017-06-19,DarwinBox,Technology,Enterprise human resources management platform,Hyderabad,Private Equity,37.68,lightspeed india partners,lightspeed venture partners india,2017,June
1446,1446,2017-06-19,DarwinBox,Technology,Enterprise human resources management platform,Hyderabad,Private Equity,37.68,endiya partners,endiya partnersnn,2017,June
1447,1447,2017-06-19,DarwinBox,Technology,Enterprise human resources management platform,Hyderabad,Private Equity,37.68,3one4 capital,trifecta capital advisors,2017,June
1448,1448,2017-06-19,DarwinBox,Technology,Enterprise human resources management platform,Hyderabad,Private Equity,37.68,startupxseed ventures llp,startupxseed ventures,2017,June
1449,1449,2017-06-20,ForeverShop,Consumer Internet,Mobile based ecommerce platform,Bangalore,Seed Funding,2.826,91makercom,co,2017,June
1450,1450,2017-06-20,Insider.in,Consumer Internet,Events Ticketing platform,Mumbai,Private Equity,48.984,paytm,m,2017,June
1451,1451,2017-06-21,Fynd,eCommerce,Fashion etailer,Mumbai,Private Equity,22.608,iifl seed ventures,iifl seed ventures fund,2017,June
1452,1452,2017-06-21,Fynd,eCommerce,Fashion etailer,Mumbai,Private Equity,22.608,kae capital,vc firms india quotient  kae capital,2017,June
1453,1453,2017-06-21,Fynd,eCommerce,Fashion etailer,Mumbai,Private Equity,22.608,fj labs,pine labs pte ltd,2017,June
1454,1454,2017-06-21,Fynd,eCommerce,Fashion etailer,Mumbai,Private Equity,22.608,singularity ventures,singularity ventures  ravi dhariwal,2017,June
1455,1455,2017-06-21,Fynd,eCommerce,Fashion etailer,Mumbai,Private Equity,22.608,growx,growx ventures,2017,June
1456,1456,2017-06-21,Fynd,eCommerce,Fashion etailer,Mumbai,Private Equity,22.608,tracxn labs,tracxnlabs,2017,June
1457,1457,2017-06-21,Fynd,eCommerce,Fashion etailer,Mumbai,Private Equity,22.608,axis capital,patni family office  axis capital,2017,June
1458,1458,2017-06-21,Grow Fit,Consumer Internet,Health-Tech platform,Bangalore,Private Equity,42.39,manipal education  medical group memg,cdc group,2017,June
1459,1459,2017-06-21,Grow Fit,Consumer Internet,Health-Tech platform,Bangalore,Private Equity,42.39,sar group,manipal education  medical group memg,2017,June
1460,1460,2017-06-21,Grow Fit,Consumer Internet,Health-Tech platform,Bangalore,Private Equity,42.39,the grover trust,the uks development finance institution  p surendra pai,2017,June
1461,1461,2017-06-21,Fabulyst,Technology,Artificial Intelligence based platform,Hyderabad,Seed Funding,2.0253,ibhubs,ibhubs,2017,June
1462,1462,2017-06-21,mSwipe,Technology,Point-of-Sale services,Mumbai,Private Equity,292.02,ucrnt fund,xc2xa0 ucrnt fund,2017,June
1463,1463,2017-06-21,mSwipe,Technology,Point-of-Sale services,Mumbai,Private Equity,292.02,matrix partner,bessemer venture partner,2017,June
1464,1464,2017-06-21,mSwipe,Technology,Point-of-Sale services,Mumbai,Private Equity,292.02,alcon edge capital,falcon edge capital,2017,June
1465,1465,2017-06-21,mSwipe,Technology,Point-of-Sale services,Mumbai,Private Equity,292.02,dsg consumer partners,saama capital  dsg consumer partners,2017,June
1466,1466,2017-06-21,OneAssist,Consumer Internet,Credit card fraud protection,Mumbai,Private Equity,0.0,sequoia capital,quona capital,2017,June
1467,1467,2017-06-22,Julia Computing,Technology,Open Source Language for Data Science and Machine Learning,Bangalore,Private Equity,43.332,general catalyst,general catalyst partners,2017,June
1468,1468,2017-06-22,Julia Computing,Technology,Open Source Language for Data Science and Machine Learning,Bangalore,Private Equity,43.332,founder collective,innov8 founder ritesh malik,2017,June
1469,1469,2017-06-22,Kissht,Consumer Internet,Consumer Lending platform,Mumbai,Private Equity,18.84,endiya partners,endiya partnersnn,2017,June
1470,1470,2017-06-22,Kissht,Consumer Internet,Consumer Lending platform,Mumbai,Private Equity,18.84,ventureast,ventureeast,2017,June
1471,1471,2017-06-22,Explore Life traveling,Consumer Internet,Local homes booking platform,Bangalore,Seed Funding,4.71,mekin maheshwari,mekin maheshwar,2017,June
1472,1472,2017-06-22,Explore Life traveling,Consumer Internet,Local homes booking platform,Bangalore,Seed Funding,4.71,bharat vijay,vijay shekhar sharma,2017,June
1473,1473,2017-06-22,Explore Life traveling,Consumer Internet,Local homes booking platform,Bangalore,Seed Funding,4.71,krish seshadri,krish seshadri,2017,June
1474,1474,2017-06-22,Explore Life traveling,Consumer Internet,Local homes booking platform,Bangalore,Seed Funding,4.71,amar arsikere,amar arsikere,2017,June
1475,1475,2017-06-23,Loantap,Consumer Internet,Lending platform for salaried professionals,Mumbai,Private Equity,37.68,kae capital,vc firms india quotient  kae capital,2017,June
1476,1476,2017-06-23,Loantap,Consumer Internet,Lending platform for salaried professionals,Mumbai,Private Equity,37.68,india quotient,india quotient  letsventures angel fund,2017,June
1477,1477,2017-06-23,Loantap,Consumer Internet,Lending platform for salaried professionals,Mumbai,Private Equity,37.68,ifmr,ifmr capital,2017,June
1478,1478,2017-06-23,Loantap,Consumer Internet,Lending platform for salaried professionals,Mumbai,Private Equity,37.68,mas financial services ltd,ant financial,2017,June
1479,1479,2017-06-23,Voxweb,Consumer Internet,Mobile based social networking platform,Mumbai,Seed Funding,9.42,undisclosed,undisclosed,2017,June
1480,1480,2017-06-26,HUG Innovations,Technology,Gesture based\\xc2\\xa0 Smartwatch manufacturer,Hyderabad,Private Equity,47.1,mohit srivastav,subhkam ventures  mohit khadaria,2017,June
1481,1481,2017-06-26,HUG Innovations,Technology,Gesture based\\xc2\\xa0 Smartwatch manufacturer,Hyderabad,Private Equity,47.1,kishore ganji,kishor ganji,2017,June
1482,1482,2017-06-26,HUG Innovations,Technology,Gesture based\\xc2\\xa0 Smartwatch manufacturer,Hyderabad,Private Equity,47.1,venkat vallabhaneni,venkat vallabhneni,2017,June
1483,1483,2017-06-26,HUG Innovations,Technology,Gesture based\\xc2\\xa0 Smartwatch manufacturer,Hyderabad,Private Equity,47.1,rajeev menon,rajeev arora  ram ramsundar,2017,June
1484,1484,2017-06-26,Flipkart,eCommerce,Online marketplace,Bangalore,Private Equity,668.82,naspers,nasper,2017,June
1485,1485,2017-06-26,V Resorts,Consumer Internet,Holiday & Vacation resort aggregator,Noida,Private Equity,37.68,seedfund,seedfund,2017,June
1486,1486,2017-06-26,V Resorts,Consumer Internet,Holiday & Vacation resort aggregator,Noida,Private Equity,37.68,rb international,gardx international,2017,June
1487,1487,2017-06-27,Stashfin,Consumer Internet,Personal Finance App,New Delhi,Private Equity,47.1,snow leopard ventures,snow leopard,2017,June
1488,1488,2017-06-27,Stashfin,Consumer Internet,Personal Finance App,New Delhi,Private Equity,47.1,alto partners,axilor partners,2017,June
1489,1489,2017-06-27,Formcept,Consumer Internet,Unified Data Analysis platform,Bangalore,Private Equity,0.0,gujarat venture finance ltd,gujarat venture finance limited gvfl,2017,June
1490,1490,2017-06-27,Spares Hub,eCommerce,Automobile parts marketplace,Pune,Seed Funding,2.92962,the chennai angels,chennai angels,2017,June
1491,1491,2017-06-27,Spares Hub,eCommerce,Automobile parts marketplace,Pune,Seed Funding,2.92962,anthill scale ventures,anthill ventures,2017,June
1492,1492,2017-06-27,Spares Hub,eCommerce,Automobile parts marketplace,Pune,Seed Funding,2.92962,esvee technologies inc,inc,2017,June
1493,1493,2017-06-27,Spares Hub,eCommerce,Automobile parts marketplace,Pune,Seed Funding,2.92962,inc95 consulting,co,2017,June
1494,1494,2017-06-28,FiTraQ,Consumer Internet,Fitness Centre Discovery Platform,New Delhi,Seed Funding,0.0,aparup sengupta,aparup sengupta,2017,June
1495,1495,2017-06-28,FiTraQ,Consumer Internet,Fitness Centre Discovery Platform,New Delhi,Seed Funding,0.0,devendra reddy,amrendra reddy  manish satnaliwala,2017,June
1496,1496,2017-06-28,Rubique,Consumer Internet,Online Marketplace for financial products,Mumbai,Private Equity,28.26,kalaari capital,romulus capital  kalaari capital,2017,June
1497,1497,2017-06-28,Rubique,Consumer Internet,Online Marketplace for financial products,Mumbai,Private Equity,28.26,udayan goyal,sunil goyal ashish gupta,2017,June
1498,1498,2017-06-28,Niki.ai,Consumer Internet,AI Based Personal Assistant,Bangalore,Private Equity,18.84,sapio,sap,2017,June
1499,1499,2017-06-28,Niki.ai,Consumer Internet,AI Based Personal Assistant,Bangalore,Private Equity,18.84,unilazer ventures,unilazer,2017,June
1500,1500,2017-06-29,Fitpass,Consumer Internet,Online Fitness Marketplace,New Delhi,Private Equity,9.42,abhinav bindra,abhinav bindra,2017,June
1501,1501,2017-06-29,Fitpass,Consumer Internet,Online Fitness Marketplace,New Delhi,Private Equity,9.42,gaurav marya,gaurav suri  ankit kesarwani,2017,June
1502,1502,2017-06-29,ZingHR,Technology,"digital employee solutions,",Mumbai,Private Equity,0.0,zeta,zeta,2017,June
1503,1503,2017-06-30,Tagos Design,Technology,in-video discovery platform,Bangalore,Private Equity,47.1,undisclosed,undisclosed,2017,June
1504,1504,2017-06-30,UrbanClap,Consumer Internet,Mobile Services Marketplace,Gurgaon,Private Equity,197.82,vy capital,steadview capital  vy capital,2017,June
1505,1505,2017-06-30,UrbanClap,Consumer Internet,Mobile Services Marketplace,Gurgaon,Private Equity,197.82,saif partners,saif partners  lgt impact ventures,2017,June
1506,1506,2017-06-30,UrbanClap,Consumer Internet,Mobile Services Marketplace,Gurgaon,Private Equity,197.82,accel,accel,2017,June
1507,1507,2017-06-30,UrbanClap,Consumer Internet,Mobile Services Marketplace,Gurgaon,Private Equity,197.82,bessemer venture partners,bessemer venture partner,2017,June
1508,1508,2017-05-01,Ace2three,Consumer Internet,Online Rummy playing Website,Hyderabad,Private Equity,694.254,clairvest group,manipal education  medical group memg,2017,May
1509,1509,2017-05-01,Power2SME,eCommerce,Buying portal for SMEs,Gurgaon,Private Equity,94.2,international finance corporation,ss capital  international finance corporation,2017,May
1510,1510,2017-05-02,Innovapptive,Technology,Enterprise Mobility Solutions,Hyderabad,Seed Funding,14.13,hyderabad angels,hyderabad angels at startup heroes event,2017,May
1511,1511,2017-05-02,4tigo,Logistics,Truck Network company,Bangalore,Private Equity,94.2,accel,accel,2017,May
1512,1512,2017-05-02,4tigo,Logistics,Truck Network company,Bangalore,Private Equity,94.2,nan nilekani,il,2017,May
1513,1513,2017-05-02,SMECorner,Consumer Internet,Online Platform for small business loans,Mumbai,Private Equity,0.0,dutch government fund,a dutch government fund,2017,May
1514,1514,2017-05-02,ZippServe,Consumer Internet,Real estate risk assessment platform,Bangalore,Seed Funding,3.6738,undisclosed,undisclosed,2017,May
1515,1515,2017-05-03,Ola,Consumer Internet,Cab Aggregation App,Bangalore,Private Equity,984.39,falcon edge capital,alcon edge capital,2017,May
1516,1516,2017-05-03,Ola,Consumer Internet,Cab Aggregation App,Bangalore,Private Equity,984.39,xc2xa0 capital advisers,xc2xa0,2017,May
1517,1517,2017-05-03,Sumeru,Technology,Software & Mobile development services,Bangalore,Seed Funding,9.42,undisclosed,undisclosed,2017,May
1518,1518,2017-05-04,Healthians,Consumer Internet,Online Diagnostics and wellness platform,New Delhi,Private Equity,0.0,asuka holdings,asuka,2017,May
1519,1519,2017-05-04,Healthians,Consumer Internet,Online Diagnostics and wellness platform,New Delhi,Private Equity,0.0,youwecan ventures,yourwecan ventures,2017,May
1520,1520,2017-05-04,Healthians,Consumer Internet,Online Diagnostics and wellness platform,New Delhi,Private Equity,0.0,beenext,denlow investment trust  beenext,2017,May
1521,1521,2017-05-04,Healthians,Consumer Internet,Online Diagnostics and wellness platform,New Delhi,Private Equity,0.0,beenos,beenos asia,2017,May
1522,1522,2017-05-04,Healthians,Consumer Internet,Online Diagnostics and wellness platform,New Delhi,Private Equity,0.0,m,paytm,2017,May
1523,1523,2017-05-04,Healthians,Consumer Internet,Online Diagnostics and wellness platform,New Delhi,Private Equity,0.0,s partners,insignia ventures partners,2017,May
1524,1524,2017-05-05,HealthMir,Consumer Internet,AI-based health content platform,New Delhi,Seed Funding,0.0,nimit panigrahi,nimit panigrahi,2017,May
1525,1525,2017-05-05,Uactive,Consumer Internet,Health-based social networking & discovery App,Mumbai,Seed Funding,0.0,hinduja family,il,2017,May
1526,1526,2017-05-05,i-lend,Consumer Internet,Peer-to-peer lending platform,Hyderabad,Seed Funding,0.0,50k ventures,rainforest ventures,2017,May
1527,1527,2017-05-05,Good Methods Global,Technology,Cloud Based Practice Management Software,Trivandrum,Private Equity,0.0,accel,accel,2017,May
1528,1528,2017-05-05,Balance App,Consumer Internet,Money Savings & Management App,Bangalore,Seed Funding,2.19486,rainmatter,rainmatter,2017,May
1529,1529,2017-05-08,YepMe,eCommerce,Private Label Fashion etailer,Gurgaon,Private Equity,6.594,rainbow digital services pvt ltd,pine labs pte ltd,2017,May
1530,1530,2017-05-08,YepMe,eCommerce,Private Label Fashion etailer,Gurgaon,Private Equity,6.594,ilearnfinance academy pvt ltd,pine labs pte ltd,2017,May
1531,1531,2017-05-08,Nightstay,Consumer Internet,Last minute hotel booking mobile app,New Delhi,Seed Funding,0.0,indian angel network,india quotient  letsventures angel fund,2017,May
1532,1532,2017-05-08,Nightstay,Consumer Internet,Last minute hotel booking mobile app,New Delhi,Seed Funding,0.0,letsventure,lets venture,2017,May
1533,1533,2017-05-08,Devourin,Technology,Restaurant Automation Solution,Pune,Seed Funding,0.0,deepak nathani,deepak nathani,2017,May
1534,1534,2017-05-08,MyGreens,Food & Beverage,Cold-press Juices manufacturer,New Delhi,Seed Funding,9.42,ajay relan,ajay relan  vinay mittal,2017,May
1535,1535,2017-05-08,MyGreens,Food & Beverage,Cold-press Juices manufacturer,New Delhi,Seed Funding,9.42,letsventure,lets venture,2017,May
1536,1536,2017-05-08,Ace Turtle,Technology,Omni-Channel Platform,Bangalore,Private Equity,47.1,vertex ventures,vertex ventures southeast asia sea  india  sistema asia fund,2017,May
1537,1537,2017-05-08,Ace Turtle,Technology,Omni-Channel Platform,Bangalore,Private Equity,47.1,c31 ventures,rainforest ventures,2017,May
1538,1538,2017-05-08,CureFit,Technology,Health-Tech Platform,Bangalore,Private Equity,30.144,trifecta capital advisors llp,trifecta capital advisors,2017,May
1539,1539,2017-05-08,CureFit,Technology,Health-Tech Platform,Bangalore,Private Equity,30.144,prathithi investment trust,pratithi investment trust,2017,May
1540,1540,2017-05-08,CureFit,Technology,Health-Tech Platform,Bangalore,Private Equity,30.144,rnt capital,br capital,2017,May
1541,1541,2017-05-08,CureFit,Technology,Health-Tech Platform,Bangalore,Private Equity,30.144,gokul rajaram,gokul rajaram,2017,May
1542,1542,2017-05-08,CureFit,Technology,Health-Tech Platform,Bangalore,Private Equity,30.144,aditya agarwal,aditya aggarwal,2017,May
1543,1543,2017-05-08,CureFit,Technology,Health-Tech Platform,Bangalore,Private Equity,30.144,ruchi sanghvi,ghv,2017,May
1544,1544,2017-05-08,CureFit,Technology,Health-Tech Platform,Bangalore,Private Equity,30.144,others,other,2017,May
1545,1545,2017-05-09,Curie Labs,Technology,Energy Analytics startup,New Delhi,Seed Funding,0.471,satoshi studios,satoshi studios,2017,May
1546,1546,2017-05-09,Uncanny Vision,Technology,Computer Vision on Embedded Systems,Bangalore,Seed Funding,0.0,an chrasekaran,ping an global voyager fund,2017,May
1547,1547,2017-05-09,Anchanto,Technology,Ecommerce Fulfilment and Technology Platform,Pune,Private Equity,0.0,luxasia group,manipal education  medical group memg,2017,May
1548,1548,2017-05-09,Sequretek,Technology,IT Security & Data Management Services,Mumbai,Private Equity,0.0,gvfl,gvfl ltd,2017,May
1549,1549,2017-05-09,Sequretek,Technology,IT Security & Data Management Services,Mumbai,Private Equity,0.0,unicorn india ventures,unicorn india ventures  isme ace,2017,May
1550,1550,2017-05-10,Lucideus,Technology,Cyber Security Startup,New Delhi,Seed Funding,0.0,vellayan subbiah,vellayan subbiah,2017,May
1551,1551,2017-05-10,Lucideus,Technology,Cyber Security Startup,New Delhi,Seed Funding,0.0,jonathan boutelle,jonathan boutelle,2017,May
1552,1552,2017-05-10,Lucideus,Technology,Cyber Security Startup,New Delhi,Seed Funding,0.0,rajan anan,rajan anan from google,2017,May
1553,1553,2017-05-10,Lucideus,Technology,Cyber Security Startup,New Delhi,Seed Funding,0.0,xc2xa0 rahul chawla,xc2xa0,2017,May
1554,1554,2017-05-10,Lucideus,Technology,Cyber Security Startup,New Delhi,Seed Funding,0.0,salil donde,il,2017,May
1555,1555,2017-05-10,Lucideus,Technology,Cyber Security Startup,New Delhi,Seed Funding,0.0,amit ranjan,xc2xa0 amit ranjan,2017,May
1556,1556,2017-05-10,Lucideus,Technology,Cyber Security Startup,New Delhi,Seed Funding,0.0,govind rajan,rajan anan from google,2017,May
1557,1557,2017-05-10,Lucideus,Technology,Cyber Security Startup,New Delhi,Seed Funding,0.0,others,other,2017,May
1558,1558,2017-05-10,Vidooly,Consumer Internet,Video Intelligence platform,Noida,Private Equity,13.188,times internet,times internet ltd,2017,May
1559,1559,2017-05-10,Vidooly,Consumer Internet,Video Intelligence platform,Noida,Private Equity,13.188,gvfl,gvfl ltd,2017,May
1560,1560,2017-05-10,Shopclues,eCommerce,Online marketplace,Gurgaon,Private Equity,72.534,innoven capital,innoven capital india,2017,May
1561,1561,2017-05-10,Fourth Ambit,Consumer Internet,Community Building platform,Bangalore,Seed Funding,5.652,1crowd,1crowd through crowd funding,2017,May
1562,1562,2017-05-10,Chymera VR,Technology,Advertising Platform for Virtual Reality,Bangalore,Seed Funding,0.0,varsha rao,subba rao telidevara,2017,May
1563,1563,2017-05-10,Chymera VR,Technology,Advertising Platform for Virtual Reality,Bangalore,Seed Funding,0.0,surojit chatterjee,surot chatterjee,2017,May
1564,1564,2017-05-10,Chymera VR,Technology,Advertising Platform for Virtual Reality,Bangalore,Seed Funding,0.0,nirav choksi,nirav choksi,2017,May
1565,1565,2017-05-10,Chymera VR,Technology,Advertising Platform for Virtual Reality,Bangalore,Seed Funding,0.0,others,other,2017,May
1566,1566,2017-05-11,Early Salary,Consumer Internet,Online lending platform,Pune,Private Equity,37.68,dg ventures india,idg ventures india,2017,May
1567,1567,2017-05-11,Early Salary,Consumer Internet,Online lending platform,Pune,Private Equity,37.68,dewan housing finance corp,ss capital  international finance corporation,2017,May
1568,1568,2017-05-11,Book My Diamond,eCommerce,Diamond B2B eTailer,Mumbai,Seed Funding,0.0,chirag nikunj sheth,bharat sheth,2017,May
1569,1569,2017-05-11,Book My Diamond,eCommerce,Diamond B2B eTailer,Mumbai,Seed Funding,0.0,others,other,2017,May
1570,1570,2017-05-11,ION Energy,Technology,Clean Tech Startup,Mumbai,Seed Funding,0.0,aakrit vaish,aakrit vaish,2017,May
1571,1571,2017-05-11,ION Energy,Technology,Clean Tech Startup,Mumbai,Seed Funding,0.0,swapan rajdev,swapan rajdev,2017,May
1572,1572,2017-05-11,ION Energy,Technology,Clean Tech Startup,Mumbai,Seed Funding,0.0,sushill jiwarajka,sushill jiwarajka,2017,May
1573,1573,2017-05-12,Legal Raasta,Consumer Internet,Legal Services to SMEs & Individuals,New Delhi,Private Equity,47.1,impanix capital,trifecta capital advisors,2017,May
1574,1574,2017-05-12,Log 9 Materials,Technology,NanoTech product developer,Bangalore,Seed Funding,0.0,gems,gems advisory,2017,May
1575,1575,2017-05-12,Remit Guru,Consumer Internet,Digital money transfer platform,Mumbai,Private Equity,4.38972,infibeam,m,2017,May
1576,1576,2017-05-12,Remit Guru,Consumer Internet,Digital money transfer platform,Mumbai,Private Equity,4.38972,ccavenue,ccavenue,2017,May
1577,1577,2017-05-12,Aequm,eCommerce,Cloud ECommerce platform,Bangalore,Seed Funding,9.42,undisclosed,undisclosed,2017,May
1578,1578,2017-05-15,Zapty,Technology,Project Management tool,Bangalore,Seed Funding,4.71,ideaspring capital,lok capital,2017,May
1579,1579,2017-05-15,Vernacular.ai,Technology,Multi-lingual AI Platform for Businesses,Bangalore,Seed Funding,0.0,kstart capital,trifecta capital advisors,2017,May
1580,1580,2017-05-16,Niki.ai,Technology,AI-based chatbot,Bangalore,Private Equity,0.0,sap,sapio,2017,May
1581,1581,2017-05-16,Telr,Technology,Online Payment Gateway,Mumbai,Private Equity,28.26,innovations east,innovations east,2017,May
1582,1582,2017-05-16,Fynd,eCommerce,Fashion ECommerce Portal,Mumbai,Private Equity,4.71,rocketship,rocketship,2017,May
1583,1583,2017-05-17,Genie,Consumer Internet,hyperlocal delivery and logistics mobile app,Chennai,Seed Funding,2.355,undisclosed,undisclosed,2017,May
1584,1584,2017-05-17,Paysense,Consumer Internet,Online Lending platform,Mumbai,Private Equity,49.926,jungle ventures,lakestar  jungle ventures,2017,May
1585,1585,2017-05-18,The Good Life,ECommerce,Online Luxury Tea etailer,Mumbai,Seed Funding,9.42,ayesha takia azmi,ayesha takia azmi,2017,May
1586,1586,2017-05-18,The Good Life,ECommerce,Online Luxury Tea etailer,Mumbai,Seed Funding,9.42,abu farhan azmi,abu farhan azmi,2017,May
1587,1587,2017-05-18,PumpKart,eCommerce,Online Water Pumps etailer,Chandigarh,Seed Funding,0.0,dr ritesh malik,ritesh malik,2017,May
1588,1588,2017-05-18,Paytm,ECommerce,Mobile Wallet & ECommerce platform,Bangalore,Private Equity,13188.0,softbank,softbank,2017,May
1589,1589,2017-05-19,EzCred,Consumer Internet,Consumer Lending Platform,Bangalore,Seed Funding,9.42,dheeraj pey,dheeraj pey,2017,May
1590,1590,2017-05-19,EzCred,Consumer Internet,Consumer Lending Platform,Bangalore,Seed Funding,9.42,rajesh yohannan,rajesh yohanan  rahul garg,2017,May
1591,1591,2017-05-19,EzCred,Consumer Internet,Consumer Lending Platform,Bangalore,Seed Funding,9.42,akash garg,ps1 venture  globallogic cofounder rajul garg,2017,May
1592,1592,2017-05-19,HealthSutra,Food & Beverage,Health Food Maker,Hyderabad,Seed Funding,0.0,ankur capital,trifecta capital advisors,2017,May
1593,1593,2017-05-19,HealthSutra,Food & Beverage,Health Food Maker,Hyderabad,Seed Funding,0.0,hyderabad angels,hyderabad angels at startup heroes event,2017,May
1594,1594,2017-05-20,YepMe,eCommerce,Private Fashion Brand etailer,New Delhi,Private Equity,0.0,gokaldas exports ltd,bennett coleman  company ltd bccl,2017,May
1595,1595,2017-05-22,Delhivery,Logistics,ECommerce Logistics provider,New Delhi,Private Equity,282.6,fosun international,ss capital  international finance corporation,2017,May
1596,1596,2017-05-22,ZipGrid,Consumer Internet,"Cashless, paperless solutions for Housing societies",Mumbai,Seed Funding,4.71,jll,jll,2017,May
1597,1597,2017-05-22,ZipGrid,Consumer Internet,"Cashless, paperless solutions for Housing societies",Mumbai,Seed Funding,4.71,1crowd,1crowd through crowd funding,2017,May
1598,1598,2017-05-23,TravelSpice,ECommerce,Travel ECommerce portal,Hyderabad,Seed Funding,0.0,eagle10 ventures,breakthrough energy ventures,2017,May
1599,1599,2017-05-23,Magicpin,Consumer Internet,Hyperlocal discovery platform,Gurgaon,Private Equity,62.172,lightspeed venture partners,lightspeed venture partners india,2017,May
1600,1600,2017-05-23,Magicpin,Consumer Internet,Hyperlocal discovery platform,Gurgaon,Private Equity,62.172,vy capital,steadview capital  vy capital,2017,May
1601,1601,2017-05-23,The Print,Consumer Internet,News Portal,New Delhi,Seed Funding,0.0,ratan tata,rata tata,2017,May
1602,1602,2017-05-23,The Print,Consumer Internet,News Portal,New Delhi,Seed Funding,0.0,nan nilekani,il,2017,May
1603,1603,2017-05-23,The Print,Consumer Internet,News Portal,New Delhi,Seed Funding,0.0,uday kotak,kotak mahindra bank,2017,May
1604,1604,2017-05-23,The Print,Consumer Internet,News Portal,New Delhi,Seed Funding,0.0,vijay shekhar sharma,nishit sharma,2017,May
1605,1605,2017-05-23,The Print,Consumer Internet,News Portal,New Delhi,Seed Funding,0.0,kiran mazumdarshaw,kiran shetty,2017,May
1606,1606,2017-05-23,The Print,Consumer Internet,News Portal,New Delhi,Seed Funding,0.0,rajiv c mody,rajiv mody,2017,May
1607,1607,2017-05-23,Box8,Consumer Internet,Food Delivery Platform,Mumbai,Private Equity,9.42,trifecta capital,trifecta capital advisors,2017,May
1608,1608,2017-05-24,GenNext Students,Consumer Internet,Online Tutoring Services,Mumbai,Seed Funding,5.4636,undisclosed,undisclosed,2017,May
1609,1609,2017-05-25,Aye Finance,Finance,Non-Banking Financial Company,Gurgaon,Private Equity,75.36,blue orchard,blueorchard finance ltd,2017,May
1610,1610,2017-05-26,WhatsLoan,Consumer Internet,Online Lending mobile app,Bangalore,Seed Funding,0.0,lahiri musics family office,memg family office,2017,May
1611,1611,2017-05-29,Cube Consumer Services,Consumer Internet,Finance management Mobile app,Mumbai,Seed Funding,0.0,undisclosed,undisclosed,2017,May
1612,1612,2017-05-29,Nivesh,Consumer Internet,Online MF investment platform,Noida,Seed Funding,0.0,pv sahad,pv srinivasan,2017,May
1613,1613,2017-05-29,Nivesh,Consumer Internet,Online MF investment platform,Noida,Seed Funding,0.0,seep shroff,seep mehta family office,2017,May
1614,1614,2017-05-29,Nivesh,Consumer Internet,Online MF investment platform,Noida,Seed Funding,0.0,rahul gupta,rahul gautam,2017,May
1615,1615,2017-05-29,Wowflux,Technology,image Processing solution,New Delhi,Seed Funding,0.0,undisclosed,undisclosed,2017,May
1616,1616,2017-05-29,Collateral Medical,eCommerce,Online Medical equipment supplier,Mumbai,Private Equity,32.97,carpediem capital,tem capital,2017,May
1617,1617,2017-05-30,Loadshare,Logistics,Express Logistics Network,Bangalore,Seed Funding,0.0,matrix partner,bessemer venture partner,2017,May
1618,1618,2017-05-30,SimpliLend,Consumer Internet,Online lending platform,New Delhi,Seed Funding,0.0,undisclosed,undisclosed,2017,May
1619,1619,2017-05-30,Supr Daily,Consumer Internet,Subscription based delivery platform,Mumbai,Private Equity,14.13,soma capital,saama capital,2017,May
1620,1620,2017-05-30,Supr Daily,Consumer Internet,Subscription based delivery platform,Mumbai,Private Equity,14.13,great oaks ventures,sb ventures,2017,May
1621,1621,2017-05-30,Supr Daily,Consumer Internet,Subscription based delivery platform,Mumbai,Private Equity,14.13,122 west ventures,breakthrough energy ventures,2017,May
1622,1622,2017-05-30,Swiggy,Consumer Internet,Online food delivery platform,Bangalore,Private Equity,753.6,nasper,naspers,2017,May
1623,1623,2017-05-30,Swiggy,Consumer Internet,Online food delivery platform,Bangalore,Private Equity,753.6,accel,accel,2017,May
1624,1624,2017-05-30,Swiggy,Consumer Internet,Online food delivery platform,Bangalore,Private Equity,753.6,saif partners,saif partners  lgt impact ventures,2017,May
1625,1625,2017-05-30,Swiggy,Consumer Internet,Online food delivery platform,Bangalore,Private Equity,753.6,bessemer venture partners,bessemer venture partner,2017,May
1626,1626,2017-05-30,Swiggy,Consumer Internet,Online food delivery platform,Bangalore,Private Equity,753.6,harmony partners,y partners,2017,May
1627,1627,2017-05-30,Swiggy,Consumer Internet,Online food delivery platform,Bangalore,Private Equity,753.6,norwest venture partners,rwe,2017,May
1628,1628,2017-05-31,SastaSundar,eCommerce,Online Pharmacy,Kolkata,Private Equity,47.1,rohto pharmaceutical,rohto pharmaceutical,2017,May
1629,1629,2017-05-31,Magicpin,Consumer Internet,Hyperlocal Discovery\\xc2\\xa0 & Rewards platform,Gurgaon,Private Equity,65.94,lightspeed india partners,lightspeed venture partners india,2017,May
1630,1630,2017-05-31,Magicpin,Consumer Internet,Hyperlocal Discovery\\xc2\\xa0 & Rewards platform,Gurgaon,Private Equity,65.94,waterbridge ventures,waterbridge ventures  thinkuvate,2017,May
1631,1631,2017-04-01,Cashe,Consumer Internet,Online & Mobile based Lending platform,Mumbai,Private Equity,35.796,mathew cyriac,mathew cyriac,2017,April
1632,1632,2017-04-01,Cashe,Consumer Internet,Online & Mobile based Lending platform,Mumbai,Private Equity,35.796,florintree advisors,florintree,2017,April
1633,1633,2017-04-03,Eruditus,Education,Executive Education Provider,Mumbai,Private Equity,77.244,bertelsmann india,bertelsmann india investments,2017,April
1634,1634,2017-04-03,TestBook,Consumer Internet,Online Test Preparation Platform,Mumbai,Private Equity,0.0,matrix partner,bessemer venture partner,2017,April
1635,1635,2017-04-03,Healthcare at Home,Healthcare,Home Healthcare Provider,Noida,Private Equity,376.8,quadria capital advisors,sequoia capital,2017,April
1636,1636,2017-04-03,Tyre Express,Technology,Enterprise IoT solutions For Tyre Performance,Mumbai,Seed Funding,0.0,rohitash gupta,rohit,2017,April
1637,1637,2017-04-03,SmartCoin,Consumer Internet,Micro Lending platform,Bangalore,Private Equity,0.0,unicorn india ventures,unicorn india ventures  isme ace,2017,April
1638,1638,2017-04-03,SmartCoin,Consumer Internet,Micro Lending platform,Bangalore,Private Equity,0.0,others,other,2017,April
1639,1639,2017-04-04,WayCool,Food & Beverage,Fresh-Produce Distribution Platform,Chennai,Private Equity,25.434,aspada investments,aspada investment,2017,April
1640,1640,2017-04-04,Perfios,Technology,Fin-Tech Solutions,Bangalore,Private Equity,57.462,bessemer venture partners,bessemer venture partner,2017,April
1641,1641,2017-04-04,Whatfix,Technology,Interactive Tech-Support Guides,Bangalore,Private Equity,34.7598,stellaris venture partners,stellaris venture partners  kalaari capital,2017,April
1642,1642,2017-04-04,Whatfix,Technology,Interactive Tech-Support Guides,Bangalore,Private Equity,34.7598,helion venture partners,helion ventures partners,2017,April
1643,1643,2017-04-04,Whatfix,Technology,Interactive Tech-Support Guides,Bangalore,Private Equity,34.7598,powerhouse ventures,powerhouse ventures usa,2017,April
1644,1644,2017-04-04,Whatfix,Technology,Interactive Tech-Support Guides,Bangalore,Private Equity,34.7598,gokul rajaram,gokul rajaram,2017,April
1645,1645,2017-04-04,Whatfix,Technology,Interactive Tech-Support Guides,Bangalore,Private Equity,34.7598,girish mathrubootham,girish matrubootham,2017,April
1646,1646,2017-04-04,Whatfix,Technology,Interactive Tech-Support Guides,Bangalore,Private Equity,34.7598,aneesh reddy,amrendra reddy  manish satnaliwala,2017,April
1647,1647,2017-04-04,Whatfix,Technology,Interactive Tech-Support Guides,Bangalore,Private Equity,34.7598,vispi daver,vispi daver,2017,April
1648,1648,2017-04-04,ElastiRun,Technology,App based Logistics & Distribution platform,Pune,Private Equity,65.94,kalaari capital,romulus capital  kalaari capital,2017,April
1649,1649,2017-04-04,ElastiRun,Technology,App based Logistics & Distribution platform,Pune,Private Equity,65.94,norwest venture partners,rwe,2017,April
1650,1650,2017-04-04,Trukky,Consumer Internet,Online Truck Aggregator & Booking platform,Ahmedabad,Seed Funding,4.71,keyur joshi,keyur joshi,2017,April
1651,1651,2017-04-04,Trukky,Consumer Internet,Online Truck Aggregator & Booking platform,Ahmedabad,Seed Funding,4.71,pavan bakeri,pavan bakeri,2017,April
1652,1652,2017-04-04,Konsult App,Consumer Internet,App based Doctor Consulting platform,New Delhi,Seed Funding,4.71,koen bouwers,koen bouwers,2017,April
1653,1653,2017-04-04,Konsult App,Consumer Internet,App based Doctor Consulting platform,New Delhi,Seed Funding,4.71,lomesh agarwal,yogesh agarwal,2017,April
1654,1654,2017-04-04,Konsult App,Consumer Internet,App based Doctor Consulting platform,New Delhi,Seed Funding,4.71,jeroen mensen,jeroen mensen,2017,April
1655,1655,2017-04-04,Konsult App,Consumer Internet,App based Doctor Consulting platform,New Delhi,Seed Funding,4.71,pablo van den bosch,van haaren,2017,April
1656,1656,2017-04-04,Konsult App,Consumer Internet,App based Doctor Consulting platform,New Delhi,Seed Funding,4.71,others,other,2017,April
1657,1657,2017-04-05,Credit Sudhaar,Consumer Internet,Credit Score Improvement platform,Mumbai,Seed Funding,0.0,deepak kulkarni,deepak kulkarni,2017,April
1658,1658,2017-04-05,Credit Sudhaar,Consumer Internet,Credit Score Improvement platform,Mumbai,Seed Funding,0.0,seep pangal,seep mehta family office,2017,April
1659,1659,2017-04-05,Fingerlix,Consumer Internet,Food Delivery Platform,Mumbai,Private Equity,28.26,zephyr peacock india,zephyr peacock,2017,April
1660,1660,2017-04-05,DataWeave,Technology,Business Intelligence Solutions,Bangalore,Private Equity,0.0,freakout group,manipal education  medical group memg,2017,April
1661,1661,2017-04-05,DataWeave,Technology,Business Intelligence Solutions,Bangalore,Private Equity,0.0,blume ventures,blume ventures  rtp global,2017,April
1662,1662,2017-04-05,DataWeave,Technology,Business Intelligence Solutions,Bangalore,Private Equity,0.0,herb madan,herb madan,2017,April
1663,1663,2017-04-05,DataWeave,Technology,Business Intelligence Solutions,Bangalore,Private Equity,0.0,waterbridge ventures,waterbridge ventures  thinkuvate,2017,April
1664,1664,2017-04-06,Medwell Ventures,Healthcare,Home-Based Healthcare provider,Bangalore,Private Equity,197.82,mahindra partners,mahindra,2017,April
1665,1665,2017-04-06,Medwell Ventures,Healthcare,Home-Based Healthcare provider,Bangalore,Private Equity,197.82,eight roads ventures,eight road ventures,2017,April
1666,1666,2017-04-06,Medwell Ventures,Healthcare,Home-Based Healthcare provider,Bangalore,Private Equity,197.82,fprime capital partners,sequoia capital,2017,April
1667,1667,2017-04-06,Mech Mocha,Consumer Internet,Mobile gaming startup,Bangalore,Private Equity,47.1,accel,accel,2017,April
1668,1668,2017-04-06,Mech Mocha,Consumer Internet,Mobile gaming startup,Bangalore,Private Equity,47.1,shunwei capital,omidyar network  shunwei capital,2017,April
1669,1669,2017-04-07,Startup Buddy,Consumer Internet,Startup Support Platform,Gurgaon,Seed Funding,0.0,youwecan ventures,yourwecan ventures,2017,April
1670,1670,2017-04-07,QorQI,Healthcare,Online Healthcare provider,Noida,Seed Funding,0.0,paytm,m,2017,April
1671,1671,2017-04-07,Twenty Two Motors,Technology,Smart Scooter manufacturer,Gurgaon,Seed Funding,0.0,ishwar singh,imanpreet singh arora,2017,April
1672,1672,2017-04-07,Twenty Two Motors,Technology,Smart Scooter manufacturer,Gurgaon,Seed Funding,0.0,farhaan shabbir,farhaan shabbir,2017,April
1673,1673,2017-04-07,PharmEasy,eCommerce,Online Pharmacy,Mumbai,Private Equity,169.56,bessemer venture partners,bessemer venture partner,2017,April
1674,1674,2017-04-07,PharmEasy,eCommerce,Online Pharmacy,Mumbai,Private Equity,169.56,orios venture partners,orios ventures partners,2017,April
1675,1675,2017-04-07,PharmEasy,eCommerce,Online Pharmacy,Mumbai,Private Equity,169.56,trifecta capital,trifecta capital advisors,2017,April
1676,1676,2017-04-08,WonderChef,eCommerce,Online marketplace for kitchen products,Mumbai,Private Equity,0.0,labruyere eberlxc3xa9,labruyere eberlxc3xa9,2017,April
1677,1677,2017-04-08,FastFox,Consumer Internet,Online rental discovery platform,Gurgaon,Private Equity,43.332,lightspeed india partners,lightspeed venture partners india,2017,April
1678,1678,2017-04-08,FastFox,Consumer Internet,Online rental discovery platform,Gurgaon,Private Equity,43.332,blume ventures,blume ventures  rtp global,2017,April
1679,1679,2017-04-08,FastFox,Consumer Internet,Online rental discovery platform,Gurgaon,Private Equity,43.332,cyberagent ventures,rps ventures,2017,April
1680,1680,2017-04-08,FastFox,Consumer Internet,Online rental discovery platform,Gurgaon,Private Equity,43.332,growx ventures,growx,2017,April
1681,1681,2017-04-08,FastFox,Consumer Internet,Online rental discovery platform,Gurgaon,Private Equity,43.332,imj investment partners,korea investment partners,2017,April
1682,1682,2017-04-10,Omnify,Technology,SaaS platform for SMEs,Bangalore,Seed Funding,1.413,rajan anan,rajan anan from google,2017,April
1683,1683,2017-04-10,Omnify,Technology,SaaS platform for SMEs,Bangalore,Seed Funding,1.413,ld sharma,vijay shekhar sharma,2017,April
1684,1684,2017-04-10,Omnify,Technology,SaaS platform for SMEs,Bangalore,Seed Funding,1.413,saurabh arora,rajeev arora  ram ramsundar,2017,April
1685,1685,2017-04-10,Capital Float,Consumer Internet,Online Lending Platform for SME,Bangalore,Private Equity,21.666,mahindra  mahindra financial services,mahindra,2017,April
1686,1686,2017-04-11,Ninjacart,eCommerce,B2B agri-marketing platform,Bangalore,Private Equity,51.81,accel,accel,2017,April
1687,1687,2017-04-11,Ninjacart,eCommerce,B2B agri-marketing platform,Bangalore,Private Equity,51.81,nan nilekanis nrjn trust,nan nilekani,2017,April
1688,1688,2017-04-11,Ninjacart,eCommerce,B2B agri-marketing platform,Bangalore,Private Equity,51.81,mistletoe,mistletoe,2017,April
1689,1689,2017-04-11,Ninjacart,eCommerce,B2B agri-marketing platform,Bangalore,Private Equity,51.81,qualcomm ventures,qualcomm venture,2017,April
1690,1690,2017-04-11,Ninjacart,eCommerce,B2B agri-marketing platform,Bangalore,Private Equity,51.81,m,paytm,2017,April
1691,1691,2017-04-11,Ninjacart,eCommerce,B2B agri-marketing platform,Bangalore,Private Equity,51.81,s partners,insignia ventures partners,2017,April
1692,1692,2017-04-11,MergerWare,Technology,Software solutions for M&As,Bangalore,Seed Funding,0.942,philippe bouchet,il,2017,April
1693,1693,2017-04-11,Sports Flashes,Consumer Internet,Online Sports portal & Mobile app,New Delhi,Seed Funding,0.0,sushil kumar,il,2017,April
1694,1694,2017-04-11,Sports Flashes,Consumer Internet,Online Sports portal & Mobile app,New Delhi,Seed Funding,0.0,seep singh,meep singh,2017,April
1695,1695,2017-04-12,Clovia,eCommerce,Online lingerie & Sleepwear etailer,New Delhi,Private Equity,37.68,ivycap ventures advisors,ivycap ventures,2017,April
1696,1696,2017-04-12,Clovia,eCommerce,Online lingerie & Sleepwear etailer,New Delhi,Private Equity,37.68,singularity ventures  ravi dhariwal,singularity ventures,2017,April
1697,1697,2017-04-12,Emiza,Logistics,Third Party Logistics provider,Mumbai,Private Equity,42.39,mayfield,mayfield fund,2017,April
1698,1698,2017-04-12,Emiza,Logistics,Third Party Logistics provider,Mumbai,Private Equity,42.39,nishant rao,subba rao telidevara,2017,April
1699,1699,2017-04-12,Emiza,Logistics,Third Party Logistics provider,Mumbai,Private Equity,42.39,dileep nath,il,2017,April
1700,1700,2017-04-12,HackerEarth,Consumer Internet,Online Skill Assessment Platform,Bangalore,Private Equity,42.39,dhi group inc,inc,2017,April
1701,1701,2017-04-12,HackerEarth,Consumer Internet,Online Skill Assessment Platform,Bangalore,Private Equity,42.39,prime venture partners,prime venture partners  others,2017,April
1702,1702,2017-04-12,HackerEarth,Consumer Internet,Online Skill Assessment Platform,Bangalore,Private Equity,42.39,beenext,denlow investment trust  beenext,2017,April
1703,1703,2017-04-12,HackerEarth,Consumer Internet,Online Skill Assessment Platform,Bangalore,Private Equity,42.39,beenos,beenos asia,2017,April
1704,1704,2017-04-12,HackerEarth,Consumer Internet,Online Skill Assessment Platform,Bangalore,Private Equity,42.39,digital garage,digital garage inc,2017,April
1705,1705,2017-04-12,HackerEarth,Consumer Internet,Online Skill Assessment Platform,Bangalore,Private Equity,42.39,bizreach,bizreach,2017,April
1706,1706,2017-04-12,Squadrun,Technology,Software-As-a-Service Platform,Noida,Private Equity,19.782,blume ventures,blume ventures  rtp global,2017,April
1707,1707,2017-04-12,Squadrun,Technology,Software-As-a-Service Platform,Noida,Private Equity,19.782,indian angel network,india quotient  letsventures angel fund,2017,April
1708,1708,2017-04-12,Squadrun,Technology,Software-As-a-Service Platform,Noida,Private Equity,19.782,91springboard,xc2xa0 91springboard,2017,April
1709,1709,2017-04-12,Squadrun,Technology,Software-As-a-Service Platform,Noida,Private Equity,19.782,emergent ventures,emergent ventures india,2017,April
1710,1710,2017-04-12,Squadrun,Technology,Software-As-a-Service Platform,Noida,Private Equity,19.782,abstract ventures,astarc ventures,2017,April
1711,1711,2017-04-12,Squadrun,Technology,Software-As-a-Service Platform,Noida,Private Equity,19.782,anthill ventures,anthil ventures,2017,April
1712,1712,2017-04-12,Squadrun,Technology,Software-As-a-Service Platform,Noida,Private Equity,19.782,axilor ventures,axilor,2017,April
1713,1713,2017-04-12,Tinmen,Consumer Internet,Food Delivery Platform,Hyderabad,Seed Funding,0.0,mape advisory group,mape advisory,2017,April
1714,1714,2017-04-12,Tinmen,Consumer Internet,Food Delivery Platform,Hyderabad,Seed Funding,0.0,r ramaraj,the oliver r grace,2017,April
1715,1715,2017-04-12,Tinmen,Consumer Internet,Food Delivery Platform,Hyderabad,Seed Funding,0.0,corvus ventures,co,2017,April
1716,1716,2017-04-12,ScoutMyTrip,Consumer Internet,Online Travel planner,Mumbai,Seed Funding,0.0,z nation lab,100 cofounders lab  others,2017,April
1717,1717,2017-04-13,SafetyKart,eCommerce,Safety & Hygiene Products etailer,Gurgaon,Private Equity,0.0,redcliffe capital,lok capital,2017,April
1718,1718,2017-04-13,WeAreHolidays,Consumer Internet,Travel Packages & Planner marketplace,Gurgaon,Private Equity,72.534,urrshila kerkar,il,2017,April
1719,1719,2017-04-14,Ola,Consumer Internet,Cab Aggregator App,Bangalore,Private Equity,2449.2,simi pacific pte,base of pyramid asia bopa pte ltd,2017,April
1720,1720,2017-04-15,Myly,Consumer Internet,Mobile App for Schools,Jaipur,Seed Funding,2.9202,mall industries development bank of india sidbi,small industries development bank of india sidbi,2017,April
1721,1721,2017-04-17,CrediHealth,Consumer Internet,Online Medical Assistance platform,Gurgaon,Private Equity,14.13,tolaram inc,inc,2017,April
1722,1722,2017-04-17,CrediHealth,Consumer Internet,Online Medical Assistance platform,Gurgaon,Private Equity,14.13,mountain pine capital,mountain pain capital,2017,April
1723,1723,2017-04-17,Navia Life Care,Technology,Health Technology platform,New Delhi,Seed Funding,0.0,benori ventures llp,rps ventures,2017,April
1724,1724,2017-04-17,Raw Pressery,Food & Beverages,Raw Pressed Juices manufacturer,Mumbai,Seed Funding,0.0,jacqueline fernez,jacqueline fernez,2017,April
1725,1725,2017-04-17,Snackible,Food & Beverages,Healthy Snacks manufacturer,Mumbai,Seed Funding,1.6485,nibhrant shah,myntra  mitesh shah finance chief,2017,April
1726,1726,2017-04-17,Snackible,Food & Beverages,Healthy Snacks manufacturer,Mumbai,Seed Funding,1.6485,anbir singh,imanpreet singh arora,2017,April
1727,1727,2017-04-17,Snackible,Food & Beverages,Healthy Snacks manufacturer,Mumbai,Seed Funding,1.6485,anirudh sheth,beerud sheth  ravi mantha,2017,April
1728,1728,2017-04-17,Snackible,Food & Beverages,Healthy Snacks manufacturer,Mumbai,Seed Funding,1.6485,pratik singhi,pratik singhi,2017,April
1729,1729,2017-04-17,Snackible,Food & Beverages,Healthy Snacks manufacturer,Mumbai,Seed Funding,1.6485,vikram mehta,bhanu vikram parsotam,2017,April
1730,1730,2017-04-17,Snackible,Food & Beverages,Healthy Snacks manufacturer,Mumbai,Seed Funding,1.6485,murali nair,murali nair,2017,April
1731,1731,2017-04-17,Be U Salons,Consumer Internet,Online Salon discovery & Booking Services,New Delhi,Seed Funding,5.8404,gaurav kachru,gaurav suri  ankit kesarwani,2017,April
1732,1732,2017-04-17,Be U Salons,Consumer Internet,Online Salon discovery & Booking Services,New Delhi,Seed Funding,5.8404,sundeep singh sahni,sundeep sahni,2017,April
1733,1733,2017-04-17,Be U Salons,Consumer Internet,Online Salon discovery & Booking Services,New Delhi,Seed Funding,5.8404,jatin aneja,jatin aneja,2017,April
1734,1734,2017-04-17,Be U Salons,Consumer Internet,Online Salon discovery & Booking Services,New Delhi,Seed Funding,5.8404,arun malhotra,arjun malhotra,2017,April
1735,1735,2017-04-17,Simulanis,Consumer Internet,eLearning & Skills Development plat,New Delhi,Seed Funding,0.0,village capital,il,2017,April
1736,1736,2017-04-17,LendingKart,Consumer Internet,Lending platform for small businesses,Ahmedabad,Private Equity,43.803,anicut capital,amicus capital,2017,April
1737,1737,2017-04-18,Innefu Security Consulting,Technology,Cyber Security solutions using AI,New Delhi,Private Equity,18.84,indian angel network,india quotient  letsventures angel fund,2017,April
1738,1738,2017-04-18,Whodat,Technology,Markerless AR platform,Bangalore,Private Equity,5.652,ideaspring capital,lok capital,2017,April
1739,1739,2017-04-18,Absentia VR,Technology,Virtual Reality Startup,Bangalore,Private Equity,11.775,exfinity venture partners,exfinity venture,2017,April
1740,1740,2017-04-19,IOTrek,Technology,IoT Platform for Bus,New Delhi,Seed Funding,1.4601,undisclosed,undisclosed,2017,April
1741,1741,2017-04-20,Ola,Consumer Internet,Online Food Delivery,Mumbai,Private Equity,28.26,sidbi venture capital ltd,sidbi venture capital,2017,April
1742,1742,2017-04-20,Ola,Consumer Internet,Online Food Delivery,Mumbai,Private Equity,28.26,kalaari capital,romulus capital  kalaari capital,2017,April
1743,1743,2017-04-20,Wooplr,eCommerce,Social Commerce\\xc2\\xa0 Fashion platform,Bangalore,Private Equity,0.0,ankit nagori,gaurav suri  ankit kesarwani,2017,April
1744,1744,2017-04-21,Video Ken,Consumer Internet,Video Based Collaborative Learning,Bangalore,Seed Funding,9.42,ravi garikipati,ravi garkipati,2017,April
1745,1745,2017-04-21,Video Ken,Consumer Internet,Video Based Collaborative Learning,Bangalore,Seed Funding,9.42,surot chatterjee,surojit chatterjee,2017,April
1746,1746,2017-04-21,Video Ken,Consumer Internet,Video Based Collaborative Learning,Bangalore,Seed Funding,9.42,ashish agrawal,ashish ch,2017,April
1747,1747,2017-04-21,Video Ken,Consumer Internet,Video Based Collaborative Learning,Bangalore,Seed Funding,9.42,lg chrasekhar,lg chrasekhar,2017,April
1748,1748,2017-04-21,Video Ken,Consumer Internet,Video Based Collaborative Learning,Bangalore,Seed Funding,9.42,sashi reddi,sashi reddy,2017,April
1749,1749,2017-04-24,Faasos,Food & Beverage,QSR chain and online food delivery,Pune,Private Equity,59.346,ligthbox ventures ii,lightbox ventures,2017,April
1750,1750,2017-04-24,Faasos,Food & Beverage,QSR chain and online food delivery,Pune,Private Equity,59.346,lightbox expansion fund,lightbox,2017,April
1751,1751,2017-04-24,Faasos,Food & Beverage,QSR chain and online food delivery,Pune,Private Equity,59.346,sequoia capital,quona capital,2017,April
1752,1752,2017-04-24,Faasos,Food & Beverage,QSR chain and online food delivery,Pune,Private Equity,59.346,runet south asia,runet,2017,April
1753,1753,2017-04-24,Faasos,Food & Beverage,QSR chain and online food delivery,Pune,Private Equity,59.346,rb investments,rb investments pte ltd,2017,April
1754,1754,2017-04-24,OYO Rooms,Consumer Internet,Branded Budget Hotels Aggregator,Gurgaon,Private Equity,2355.0,softbank,softbank,2017,April
1755,1755,2017-04-24,OYO Rooms,Consumer Internet,Branded Budget Hotels Aggregator,Gurgaon,Private Equity,2355.0,lightspeed venture partners,lightspeed venture partners india,2017,April
1756,1756,2017-04-24,OYO Rooms,Consumer Internet,Branded Budget Hotels Aggregator,Gurgaon,Private Equity,2355.0,sequoia capital,quona capital,2017,April
1757,1757,2017-04-24,OYO Rooms,Consumer Internet,Branded Budget Hotels Aggregator,Gurgaon,Private Equity,2355.0,greenoaks capital partners,greenoaks capital,2017,April
1758,1758,2017-04-24,Toppr,Consumer Internet,Learning mobile app for students,Mumbai,Private Equity,30.144,wgg international,ss capital  international finance corporation,2017,April
1759,1759,2017-04-24,Niramai,Healthcare,Breast Cancer Screening Solutions,Bangalore,Seed Funding,0.0,pi ventures,purvi ventures,2017,April
1760,1760,2017-04-24,Niramai,Healthcare,Breast Cancer Screening Solutions,Bangalore,Seed Funding,0.0,axilor ventures,axilor,2017,April
1761,1761,2017-04-24,Niramai,Healthcare,Breast Cancer Screening Solutions,Bangalore,Seed Funding,0.0,500 startups,500 startups,2017,April
1762,1762,2017-04-24,Niramai,Healthcare,Breast Cancer Screening Solutions,Bangalore,Seed Funding,0.0,binny bansal,bunny bansal,2017,April
1763,1763,2017-04-25,The Office Pass,Consumer Internet,CoWorking Spaces booking platform,Gurgaon,Seed Funding,2.3079,arun tadanki,arun venkatachalam,2017,April
1764,1764,2017-04-25,The Office Pass,Consumer Internet,CoWorking Spaces booking platform,Gurgaon,Seed Funding,2.3079,aditya verma,aditya verma,2017,April
1765,1765,2017-04-25,UrbanClap,Consumer Internet,Mobile Services Marketplace,Gurgaon,Private Equity,29.202,trifecta capital,trifecta capital advisors,2017,April
1766,1766,2017-04-26,Awfis,Consumer Internet,Collaborative co-Working Spaces,Mumbai,Private Equity,188.4,sequoia capital,quona capital,2017,April
1767,1767,2017-04-26,Myra,Consumer Internet,Online Pharmacy,Bangalore,Private Equity,0.0,times internet,times internet ltd,2017,April
1768,1768,2017-04-26,Myra,Consumer Internet,Online Pharmacy,Bangalore,Private Equity,0.0,matrix partner,bessemer venture partner,2017,April
1769,1769,2017-04-26,Flytxt,Technology,Customer data analytics software,Mumbai,Private Equity,103.62,dah beteiligungs gmbh,tm service technology holdings gmbh,2017,April
1770,1770,2017-04-26,Howdy Ventures,Consumer Internet,Public and Private Events creation app,Chennai,Seed Funding,14.13,s xavier britto,s ch group,2017,April
1771,1771,2017-04-26,StalkBuyLove,eCommerce,Online fashion marketplace,New Delhi,Private Equity,9.42,trifecta capital,trifecta capital advisors,2017,April
1772,1772,2017-04-26,ZipGo,Consumer Internet,Bus Pooling services platform,Bangalore,Private Equity,0.0,orios ventures partners,orios venture partners,2017,April
1773,1773,2017-04-26,ZipGo,Consumer Internet,Bus Pooling services platform,Bangalore,Private Equity,0.0,team builder ventures,rps ventures,2017,April
1774,1774,2017-04-26,ZipGo,Consumer Internet,Bus Pooling services platform,Bangalore,Private Equity,0.0,omidyar networks,omidyar network,2017,April
1775,1775,2017-04-27,Scootsy,Consumer Internet,On-Demand Food Delivery,Mumbai,Private Equity,33.912,agnus capital,trifecta capital advisors,2017,April
1776,1776,2017-04-27,Scootsy,Consumer Internet,On-Demand Food Delivery,Mumbai,Private Equity,33.912,khattar holdings,sc gg india mobility holdings llc,2017,April
1777,1777,2017-04-27,Autobix,Technology,Software Solutions for Auto Dealership,Pune,Seed Funding,0.0,gardx international,rb international,2017,April
1778,1778,2017-04-27,eShiksha,Technology,Education Institution Management Solutions,Jaipur,Seed Funding,0.0,cross border angels,director at byramjee jeejeebhoy pvt ltd were among the angels,2017,April
1779,1779,2017-04-27,eShiksha,Technology,Education Institution Management Solutions,Jaipur,Seed Funding,0.0,experts,experts,2017,April
1780,1780,2017-04-27,iNurture,Consumer Internet,Online Educational courses,Bangalore,Private Equity,14.13,blacksoil capital pvt ltd,blacksoil,2017,April
1781,1781,2017-04-28,Sepalika,Consumer Internet,Healthcare related content platform,New Delhi,Seed Funding,7.065,accel,accel,2017,April
1782,1782,2017-04-28,Mintwalk,Consumer Internet,Financial advisory mobile app,Mumbai,Seed Funding,0.0,poshika financial ecosystem,ant financial,2017,April
1783,1783,2017-04-29,Qriyo,Consumer Internet,Tutor Discovery & Booking platform,Jaipur,Private Equity,0.0,nb ventures,sb ventures,2017,April
1784,1784,2017-03-01,Ola,Consumer Internet,App based cab aggregator,Bangalore,Private Equity,3108.6,softbank,softbank,2017,March
1785,1785,2017-03-01,Belong,Consumer Internet,Online Jon Portal,Bangalore,Private Equity,94.2,sequoia capital,quona capital,2017,March
1786,1786,2017-03-01,Seenit,Consumer Internet,AI based Fashion Search Portal,Kolkata,Seed Funding,0.0,calcutta angels network can,calcutta angels network,2017,March
1787,1787,2017-03-01,Seenit,Consumer Internet,AI based Fashion Search Portal,Kolkata,Seed Funding,0.0,augment ventures,breakthrough energy ventures,2017,March
1788,1788,2017-03-01,Paalak,ECommerce,Fresh Produce Selling portal,New Delhi,Seed Funding,0.0,vishwadeep bajaj,vishwadeep bajaj,2017,March
1789,1789,2017-03-01,Paalak,ECommerce,Fresh Produce Selling portal,New Delhi,Seed Funding,0.0,harsh kundra,shilpa shetty kundra,2017,March
1790,1790,2017-03-01,Paalak,ECommerce,Fresh Produce Selling portal,New Delhi,Seed Funding,0.0,nkumar rane,nkumar rane,2017,March
1791,1791,2017-03-01,Paalak,ECommerce,Fresh Produce Selling portal,New Delhi,Seed Funding,0.0,ln buddharaju,ln buddharaju,2017,March
1792,1792,2017-03-01,Paalak,ECommerce,Fresh Produce Selling portal,New Delhi,Seed Funding,0.0,anupam tyagi,anupam tyagi,2017,March
1793,1793,2017-03-02,Celes Care,Consumer Internet,Women Healthcare & Information portal,Hyderabad,Private Equity,14.13,ventureast,ventureeast,2017,March
1794,1794,2017-03-02,Celes Care,Consumer Internet,Women Healthcare & Information portal,Hyderabad,Private Equity,14.13,endiya partners,endiya partnersnn,2017,March
1795,1795,2017-03-02,Celes Care,Consumer Internet,Women Healthcare & Information portal,Hyderabad,Private Equity,14.13,eight roads ventures,eight road ventures,2017,March
1796,1796,2017-03-02,Celes Care,Consumer Internet,Women Healthcare & Information portal,Hyderabad,Private Equity,14.13,fprime capital partners,sequoia capital,2017,March
1797,1797,2017-03-02,Karomi,Technology,Packaging Artwork Management software,Chennai,Seed Funding,4.71,ideaspring capital,lok capital,2017,March
1798,1798,2017-03-02,Red Carpet,Consumer Internet,Micro Lending platform,Gurgaon,Private Equity,23.55,lightspeed venture partners,lightspeed venture partners india,2017,March
1799,1799,2017-03-02,Kreate Konnect,Technology,End-to-End Seller e-commerce solutions Provider,Vadodara,Seed Funding,0.0,langoor,langoor,2017,March
1800,1800,2017-03-02,CreditMantri,Consumer Internet,Online Credit score & lending platform,Chennai,Private Equity,71.592,quona capital,quona capital management,2017,March
1801,1801,2017-03-03,Lets Endorse,Consumer Internet,Online Ecosystem of social innovators,Bangalore,Seed Funding,0.0,chigarh angels network,chigarh angels network can,2017,March
1802,1802,2017-03-03,Lets Endorse,Consumer Internet,Online Ecosystem of social innovators,Bangalore,Seed Funding,0.0,social alpha  other unnamed angel investors,unnamed angel investors,2017,March
1803,1803,2017-03-03,Tydy,Technology,Employee Onboarding and Engagement platform,Bangalore,Seed Funding,2.5905,bhupen shah,myntra  mitesh shah finance chief,2017,March
1804,1804,2017-03-03,Tydy,Technology,Employee Onboarding and Engagement platform,Bangalore,Seed Funding,2.5905,jayesh parekh,pidilite industries director ajay parekh,2017,March
1805,1805,2017-03-03,Tydy,Technology,Employee Onboarding and Engagement platform,Bangalore,Seed Funding,2.5905,sanjay sathe,sanjay nath,2017,March
1806,1806,2017-03-03,Nactus,Consumer Internet,Professional Tutors discovery & booking mobile app,Jaipur,Seed Funding,0.0,seep aggarwal,seep ton,2017,March
1807,1807,2017-03-03,Nactus,Consumer Internet,Professional Tutors discovery & booking mobile app,Jaipur,Seed Funding,0.0,gautam chhaochharia,vipul gautam,2017,March
1808,1808,2017-03-03,Nactus,Consumer Internet,Professional Tutors discovery & booking mobile app,Jaipur,Seed Funding,0.0,r balachar,the oliver r grace,2017,March
1809,1809,2017-03-03,Oho Shop,Technology,eCommerce Mobile App Builder,Ahmedabad,Private Equity,63.114,bennett,bennett coleman  company ltd bccl,2017,March
1810,1810,2017-03-03,Oho Shop,Technology,eCommerce Mobile App Builder,Ahmedabad,Private Equity,63.114,coleman  company ltd,coleman  company ltd bccl,2017,March
1811,1811,2017-03-03,Emojifi,Consumer Internet,Mobile App for live emoji,Hyderabad,Seed Funding,0.0,undisclosed,undisclosed,2017,March
1812,1812,2017-03-03,Paytm,ECommerce,ECommerce Marketplace,Bangalore,Private Equity,1884.0,alibaba,alibaba pictures,2017,March
1813,1813,2017-03-04,iGenetics,Healthcare,Health Diagnostic Solutions,Mumbai,Private Equity,183.69,cdc group plc,cdc group,2017,March
1814,1814,2017-03-06,Juno Clinic,Consumer Internet,Online Counseling Platform,Mumbai,Seed Funding,11.304,atul nishar,atul gupta  saurabh rastogi,2017,March
1815,1815,2017-03-06,Summerlabel,Consumer Internet,Fashion and Lifestyle discovery platform,Gurgaon,Seed Funding,1.413,aneesh seth,aneesh seth,2017,March
1816,1816,2017-03-06,Summerlabel,Consumer Internet,Fashion and Lifestyle discovery platform,Gurgaon,Seed Funding,1.413,tushar mittal,ajay relan  vinay mittal,2017,March
1817,1817,2017-03-06,PickMe,Consumer Internet,Gadget Insurance & Repair Services platform,Mumbai,Private Equity,16.8618,sidbi venture capital fund,sidbi venture capital,2017,March
1818,1818,2017-03-07,Agrostar,Technology,Direct-to-Farmer Mobile-Based Retail platform,Pune,Private Equity,94.2,accel,accel,2017,March
1819,1819,2017-03-07,Zapr,Technology,"DSP, TV Analytics & Cross-Platform advertising",Bangalore,Private Equity,94.2,star india pvt ltd,spring canter investment ltd,2017,March
1820,1820,2017-03-07,Data Resolve,Technology,Cyber Security Solutions,Noida,Private Equity,9.42,idfc parampara early stage opportunities fund,parampara early stage opportunities fund,2017,March
1821,1821,2017-03-07,Book Servicing,Consumer Internet,Online Vehicle Services Booking platform,New Delhi,Seed Funding,0.2826,national science  technology entrepreneurship development board,entrepreneurs,2017,March
1822,1822,2017-03-07,Blowhorn,Consumer Internet,Intra-City Logistics provider,Bangalore,Private Equity,34.383,idg ventures india,dg ventures india,2017,March
1823,1823,2017-03-07,Blowhorn,Consumer Internet,Intra-City Logistics provider,Bangalore,Private Equity,34.383,michael,michael patrick hickey,2017,March
1824,1824,2017-03-07,Blowhorn,Consumer Internet,Intra-City Logistics provider,Bangalore,Private Equity,34.383,susan dell foundation,michael  susan dell foundation,2017,March
1825,1825,2017-03-07,Blowhorn,Consumer Internet,Intra-City Logistics provider,Bangalore,Private Equity,34.383,draper associates,new enterprise associates nea,2017,March
1826,1826,2017-03-07,Blowhorn,Consumer Internet,Intra-City Logistics provider,Bangalore,Private Equity,34.383,unitus seed fund,amit singhal  unitus seed fund,2017,March
1827,1827,2017-03-08,Rivigo,Logistics,Technology Enabled Logistics Company,Gurgaon,Private Equity,141.3,private sector banks debt funding,tiw private equity,2017,March
1828,1828,2017-03-08,PipeCandy,Technology,Intelligent Sales Prospecting Platform,Chennai,Seed Funding,10.362,idg ventures,idg venture,2017,March
1829,1829,2017-03-08,PipeCandy,Technology,Intelligent Sales Prospecting Platform,Chennai,Seed Funding,10.362,axilor ventures,axilor,2017,March
1830,1830,2017-03-08,PipeCandy,Technology,Intelligent Sales Prospecting Platform,Chennai,Seed Funding,10.362,emergent ventures,emergent ventures india,2017,March
1831,1831,2017-03-08,PipeCandy,Technology,Intelligent Sales Prospecting Platform,Chennai,Seed Funding,10.362,indian angel network,india quotient  letsventures angel fund,2017,March
1832,1832,2017-03-08,Supr Daily,Consumer Internet,Subscription based Home Delivery Platform,Mumbai,Seed Funding,1.1304,y combinator,ycombinator,2017,March
1833,1833,2017-03-08,Parentune,Consumer Internet,Online Community for Parents,Gurgaon,Private Equity,0.0,kae capital,vc firms india quotient  kae capital,2017,March
1834,1834,2017-03-08,Parentune,Consumer Internet,Online Community for Parents,Gurgaon,Private Equity,0.0,segnel ventures,segnel venture,2017,March
1835,1835,2017-03-09,AppBrowzer,Consumer Internet,Instant Mobile Apps Store,Bangalore,Seed Funding,4.71,deepak gurnani,deepak gurnani,2017,March
1836,1836,2017-03-09,MagicBricks,Consumer Internet,Online Real Estate Portal,Mumbai,Private Equity,42.39,times internet ltd,times internet,2017,March
1837,1837,2017-03-10,PeeBuddy,Healthcare,Female Hygiene product manufacturer,New Delhi,Seed Funding,4.17306,indian angel network,india quotient  letsventures angel fund,2017,March
1838,1838,2017-03-10,iOrderFresh,ECommerce,Online fresh fruits and grocery store,New Delhi,Seed Funding,0.0,singapore angel network,singapore angels network,2017,March
1839,1839,2017-03-10,Lavelle Networks,Technology,SDN Solutions,Bangalore,Seed Funding,5.652,ideaspring capital,lok capital,2017,March
1840,1840,2017-03-10,PropertyShare,Consumer Internet,Fractional Proerty Ownership & Rental platform,Bangalore,Seed Funding,0.0,asuka,asuka holdings,2017,March
1841,1841,2017-03-10,PropertyShare,Consumer Internet,Fractional Proerty Ownership & Rental platform,Bangalore,Seed Funding,0.0,pravega ventures,pravega ventures  beenext,2017,March
1842,1842,2017-03-10,PropertyShare,Consumer Internet,Fractional Proerty Ownership & Rental platform,Bangalore,Seed Funding,0.0,beenext,denlow investment trust  beenext,2017,March
1843,1843,2017-03-14,MyDermacy,Consumer Internet,Online Dermatology consultation platform,New Delhi,Private Equity,0.0,cyber carrier,cyber carrier vc,2017,March
1844,1844,2017-03-15,LatestOne,eCommerce,Tech Accessories e-tailer,Hyderabad,Private Equity,31.557,florintree,florintree advisors,2017,March
1845,1845,2017-03-15,LatestOne,eCommerce,Tech Accessories e-tailer,Hyderabad,Private Equity,31.557,mathew cyriac,mathew cyriac,2017,March
1846,1846,2017-03-15,LatestOne,eCommerce,Tech Accessories e-tailer,Hyderabad,Private Equity,31.557,chidambaram palaniappan,chidambaram palaniappan,2017,March
1847,1847,2017-03-15,LatestOne,eCommerce,Tech Accessories e-tailer,Hyderabad,Private Equity,31.557,bharat sheth,chirag nikunj sheth,2017,March
1848,1848,2017-03-15,Frapperz,Consumer Internet,On-demand home services provider,Kolkata,Seed Funding,0.942,undisclosed,undisclosed,2017,March
1849,1849,2017-03-16,mPaani,Consumer Internet,Loyalty rewards app,Mumbai,Private Equity,12.717,idg ventures,idg venture,2017,March
1850,1850,2017-03-16,mPaani,Consumer Internet,Loyalty rewards app,Mumbai,Private Equity,12.717,blume ventures,blume ventures  rtp global,2017,March
1851,1851,2017-03-16,mPaani,Consumer Internet,Loyalty rewards app,Mumbai,Private Equity,12.717,saha fund,the saha fund,2017,March
1852,1852,2017-03-16,ShilpMIS,Technology,Virtual Reality platform,Surat,Seed Funding,0.0,puneet gupta,puneet gupta  pradeep k jaisingh,2017,March
1853,1853,2017-03-16,ShilpMIS,Technology,Virtual Reality platform,Surat,Seed Funding,0.0,nimitt desai,rohan desai  paras patel,2017,March
1854,1854,2017-03-16,ShilpMIS,Technology,Virtual Reality platform,Surat,Seed Funding,0.0,others,other,2017,March
1855,1855,2017-03-16,POPxo,Consumer Internet,Digital Media publication for women,New Delhi,Private Equity,29.202,gree ventures,gree ventures  summit media,2017,March
1856,1856,2017-03-16,POPxo,Consumer Internet,Digital Media publication for women,New Delhi,Private Equity,29.202,kalaari capital  idg ventures india,kalaari capital,2017,March
1857,1857,2017-03-16,POPxo,Consumer Internet,Digital Media publication for women,New Delhi,Private Equity,29.202,summit media,gree ventures  summit media,2017,March
1858,1858,2017-03-16,POPxo,Consumer Internet,Digital Media publication for women,New Delhi,Private Equity,29.202,atul goel,ecity ventures atul goel,2017,March
1859,1859,2017-03-16,POPxo,Consumer Internet,Digital Media publication for women,New Delhi,Private Equity,29.202,gurpreet singh,imanpreet singh arora,2017,March
1860,1860,2017-03-16,Fitso,Consumer Internet,Fitness Mobile App,Gurgaon,Seed Funding,1.884,sujeet kumar,subho ray  samir kumar,2017,March
1861,1861,2017-03-16,Fitso,Consumer Internet,Fitness Mobile App,Gurgaon,Seed Funding,1.884,bhupender singh,seep singh,2017,March
1862,1862,2017-03-16,Fitso,Consumer Internet,Fitness Mobile App,Gurgaon,Seed Funding,1.884,yashish dhaiya,yashish dhaiya,2017,March
1863,1863,2017-03-17,FarMart,Technology,Farming rental equipment provider,Gurgaon,Seed Funding,0.0,indian angel network,india quotient  letsventures angel fund,2017,March
1864,1864,2017-03-21,Flipkart,eCommerce,ECommerce Marketplace,Bangalore,Private Equity,13188.0,microsoft,microsoft,2017,March
1865,1865,2017-03-21,Flipkart,eCommerce,ECommerce Marketplace,Bangalore,Private Equity,13188.0,ebay,ebay,2017,March
1866,1866,2017-03-21,Flipkart,eCommerce,ECommerce Marketplace,Bangalore,Private Equity,13188.0,tencent holdings,tencent holdings ltd,2017,March
1867,1867,2017-03-21,Airpay,Technology,Online payment Gateway,Mumbai,Private Equity,34.5714,kalaari capital,romulus capital  kalaari capital,2017,March
1868,1868,2017-03-21,Airpay,Technology,Online payment Gateway,Mumbai,Private Equity,34.5714,rakesh  rajesh jhunjhunwala,rakesh jhunjhunwala,2017,March
1869,1869,2017-03-21,MyGlamm,Consumer Internet,On-Demand Beauty Services,Mumbai,Private Equity,49.926,loccitane,loccitane,2017,March
1870,1870,2017-03-22,The Mons Co.,eCommerce,Pregnancy & Baby Care etailer,New Delhi,Seed Funding,0.0,shripad nadkarni,shripad nadkarni,2017,March
1871,1871,2017-03-22,The Mons Co.,eCommerce,Pregnancy & Baby Care etailer,New Delhi,Seed Funding,0.0,nu nkishore,doreswamy nkishore,2017,March
1872,1872,2017-03-22,Haqdarshak,Consumer Internet,Tech-Enabled Social Enterprise,Bangalore,Seed Funding,1.79922,ravi saxena,xc2xa0 ravi saxena,2017,March
1873,1873,2017-03-22,Haqdarshak,Consumer Internet,Tech-Enabled Social Enterprise,Bangalore,Seed Funding,1.79922,seep raju,xc2xa0 seep ton,2017,March
1874,1874,2017-03-23,Ixigo,Consumer Internet,Online Travel Search Engine,Gurgaon,Private Equity,141.3,sequoia capital,quona capital,2017,March
1875,1875,2017-03-23,Ixigo,Consumer Internet,Online Travel Search Engine,Gurgaon,Private Equity,141.3,kinzon capital,trifecta capital advisors,2017,March
1876,1876,2017-03-23,Markets and Markets,Technology,Marketing Research Company,Pune,Private Equity,527.52,ftv capital,vy capital,2017,March
1877,1877,2017-03-23,Markets and Markets,Technology,Marketing Research Company,Pune,Private Equity,527.52,zodius capital,trifecta capital advisors,2017,March
1878,1878,2017-03-24,Bizom,Technology,supply chain automation platform,Bangalore,Seed Funding,3.59844,ojas ventures,jsw ventures,2017,March
1879,1879,2017-03-24,BabyonBoard,Consumer Internet,Parenting Mobile App,Bangalore,Seed Funding,0.0,mahavir sharma,navneet education  mahavir agency,2017,March
1880,1880,2017-03-24,BabyonBoard,Consumer Internet,Parenting Mobile App,Bangalore,Seed Funding,0.0,vishal jain,aj ventures  jain international trade organisation jito,2017,March
1881,1881,2017-03-24,BabyonBoard,Consumer Internet,Parenting Mobile App,Bangalore,Seed Funding,0.0,rohit sethi,rohit,2017,March
1882,1882,2017-03-24,BabyonBoard,Consumer Internet,Parenting Mobile App,Bangalore,Seed Funding,0.0,gaurav luniya,gaurav suri  ankit kesarwani,2017,March
1883,1883,2017-03-24,Delhivery,Technology,Tech enabled Fulfilment & Logistics Solutions,New Delhi,Private Equity,942.0,carlyle group,manipal education  medical group memg,2017,March
1884,1884,2017-03-24,Delhivery,Technology,Tech enabled Fulfilment & Logistics Solutions,New Delhi,Private Equity,942.0,tiger global,ping an global voyager fund,2017,March
1885,1885,2017-03-27,Sport Flashes,Consumer Internet,Sports Based Online Media portal,New Delhi,Seed Funding,0.0,vikas bajaj,xc2xa0 vikas malpani,2017,March
1886,1886,2017-03-27,Sport Flashes,Consumer Internet,Sports Based Online Media portal,New Delhi,Seed Funding,0.0,amit kharba,amit singhal  unitus seed fund,2017,March
1887,1887,2017-03-28,Fynd,ECommerce,Online fashion marketplace,Mumbai,Private Equity,4.71,venture catalysts,venture catalyst,2017,March
1888,1888,2017-03-28,Wigzo,Technology,Enterprise Automation suite,New Delhi,Private Equity,0.0,3one4 capital,trifecta capital advisors,2017,March
1889,1889,2017-03-28,DoneThing,Consumer Internet,On-demand Personal Assistant service,Gurgaon,Private Equity,2.826,br capital,b capital,2017,March
1890,1890,2017-03-29,Zapyle,ECommerce,Luxury Fashion Marketplace,Bangalore,Seed Funding,0.0,undisclosed,undisclosed,2017,March
1891,1891,2017-03-29,Ithaka,Consumer Internet,Vacation Trip Planning platform,Mumbai,Seed Funding,3.0615,ankit gupta,anita gupta,2017,March
1892,1892,2017-03-29,Ithaka,Consumer Internet,Vacation Trip Planning platform,Mumbai,Seed Funding,3.0615,puneet motihar,puneet gupta  pradeep k jaisingh,2017,March
1893,1893,2017-03-29,perpule,eCommerce,Self-Checkout ECommerce App,Bangalore,Seed Funding,6.123,kstart capital,trifecta capital advisors,2017,March
1894,1894,2017-03-29,BYJU'S,Consumer Internet,Online Education Platform,Bangalore,Private Equity,0.0,verlinvest,verlinvest sa,2017,March
1895,1895,2017-03-29,Licious,ECommerce,Online Meat Ordering platform,Bangalore,Private Equity,94.2,mayfield india,mayfield,2017,March
1896,1896,2017-03-29,Licious,ECommerce,Online Meat Ordering platform,Bangalore,Private Equity,94.2,3one4 capital,trifecta capital advisors,2017,March
1897,1897,2017-03-29,Licious,ECommerce,Online Meat Ordering platform,Bangalore,Private Equity,94.2,sistema asia fund,vertex ventures southeast asia sea  india  sistema asia fund,2017,March
1898,1898,2017-03-29,Licious,ECommerce,Online Meat Ordering platform,Bangalore,Private Equity,94.2,neoplux technology fund,neoplux,2017,March
1899,1899,2017-03-29,Medinfi,Consumer Internet,Doctor & Hospital search Platform,Bangalore,Seed Funding,0.471,vinod martin,vinod martin,2017,March
1900,1900,2017-03-29,Medinfi,Consumer Internet,Doctor & Hospital search Platform,Bangalore,Seed Funding,0.471,hemant kaul,hemant kaul,2017,March
1901,1901,2017-03-29,Medinfi,Consumer Internet,Doctor & Hospital search Platform,Bangalore,Seed Funding,0.471,prof ram kumar kakani,ram kumar kakani,2017,March
1902,1902,2017-03-29,Medinfi,Consumer Internet,Doctor & Hospital search Platform,Bangalore,Seed Funding,0.471,others,other,2017,March
1903,1903,2017-03-30,Indus OS,Technology,Mobile OS creator,Mumbai,Private Equity,0.0,jsw ventures,ojas ventures,2017,March
1904,1904,2017-03-30,Indus OS,Technology,Mobile OS creator,Mumbai,Private Equity,0.0,ventureast,ventureeast,2017,March
1905,1905,2017-03-30,Emflux Motors,Technology,Electric Motorcycle manufacturer,Bangalore,Seed Funding,0.0,meher roy,meher roy,2017,March
1906,1906,2017-03-30,Emflux Motors,Technology,Electric Motorcycle manufacturer,Bangalore,Seed Funding,0.0,nikhil arora,il,2017,March
1907,1907,2017-03-30,Emflux Motors,Technology,Electric Motorcycle manufacturer,Bangalore,Seed Funding,0.0,meet kanodia,meet kanodia,2017,March
1908,1908,2017-03-30,Emflux Motors,Technology,Electric Motorcycle manufacturer,Bangalore,Seed Funding,0.0,krit sankalp,krit sankalp,2017,March
1909,1909,2017-03-30,Emflux Motors,Technology,Electric Motorcycle manufacturer,Bangalore,Seed Funding,0.0,nitish singh,imanpreet singh arora,2017,March
1910,1910,2017-03-30,Emflux Motors,Technology,Electric Motorcycle manufacturer,Bangalore,Seed Funding,0.0,risabh gupta,rishi gupta,2017,March
1911,1911,2017-03-30,Klinic App,Consumer Internet,Pathology & Diagnostic Tests Portal,Gurgaon,Seed Funding,0.0,om chaudhry,om chaudhry,2017,March
1912,1912,2017-03-31,Jhakaas,Consumer Internet,Offline Business Aggregator App,Mumbai,Seed Funding,1.4601,malini patel,kunal shah  manish patel,2017,March
1913,1913,2017-03-31,Jhakaas,Consumer Internet,Offline Business Aggregator App,Mumbai,Seed Funding,1.4601,stelcore management services,kalaari capital  private equity firm multiples alternate asset management,2017,March
1914,1914,2017-03-31,Jhakaas,Consumer Internet,Offline Business Aggregator App,Mumbai,Seed Funding,1.4601,anjani prasad,nagendra prasad bhanuprakash,2017,March
1915,1915,2017-03-31,Ola,Technology,Turnkey Solar Solutions,Mumbai,Private Equity,28.26,samridhi fund,ping an global voyager fund,2017,March
1916,1916,2017-03-31,BigBasket,ECommerce,Online Grocer,Bangalore,Private Equity,65.94,trifecta capital,trifecta capital advisors,2017,March
1917,1917,2017-03-31,Rooter,Consumer Internet,Sports engagement platform,New Delhi,Private Equity,0.0,intex technologies,nazara technologies pvt ltd,2017,March
1918,1918,2017-03-31,FalconBrick,Technology,Real-Estate Workflow mobile app,Bangalore,Seed Funding,0.0,satveer thakral,satveer thakral,2017,March
1919,1919,2017-03-31,FalconBrick,Technology,Real-Estate Workflow mobile app,Bangalore,Seed Funding,0.0,letsventure,lets venture,2017,March
1920,1920,2017-03-31,FalconBrick,Technology,Real-Estate Workflow mobile app,Bangalore,Seed Funding,0.0,mumbai angels,mumbai angel,2017,March
1921,1921,2017-03-31,Icertis,Technology,ERP solutions provider,Pune,Private Equity,235.5,b capital group,sf capital group,2017,March
1922,1922,2017-03-31,Icertis,Technology,ERP solutions provider,Pune,Private Equity,235.5,ignition partners,stellaris venture partners,2017,March
1923,1923,2017-03-31,Icertis,Technology,ERP solutions provider,Pune,Private Equity,235.5,greycroft,greycroft partners,2017,March
1924,1924,2017-03-31,Icertis,Technology,ERP solutions provider,Pune,Private Equity,235.5,eventures,evc ventures,2017,March
1925,1925,2017-03-31,Icertis,Technology,ERP solutions provider,Pune,Private Equity,235.5,xc2xa0 eight roads ventures,eight roads ventures,2017,March
1926,1926,2017-02-02,Clodura,Technology,Intelligent Sales Assistant,Pune,Seed Funding,0.0,undisclosed,undisclosed,2017,February
1927,1927,2017-02-03,Stockroom.io,Consumer Internet,Curated Platform for Developers,Hyderabad,Seed Funding,0.0,satya d sinha,dr pramath raj sinha,2017,February
1928,1928,2017-02-03,Stockroom.io,Consumer Internet,Curated Platform for Developers,Hyderabad,Seed Funding,0.0,gyanendra singh,seep singh,2017,February
1929,1929,2017-02-06,Capital Float,Consumer Internet,Online lending platform,Bangalore,Private Equity,23.55,ifmr capital finance,ifmr capital,2017,February
1930,1930,2017-02-06,iManageMyHotel,Technology,Hotel Management Solution,Kolkata,Seed Funding,0.0,accel,accel,2017,February
1931,1931,2017-02-07,Inner Hour,Consumer Internet,Online Counselling Platform,Mumbai,Seed Funding,4.239,batlivala,batlivala,2017,February
1932,1932,2017-02-07,Inner Hour,Consumer Internet,Online Counselling Platform,Mumbai,Seed Funding,4.239,karani securities,karani securities,2017,February
1933,1933,2017-02-07,Inner Hour,Consumer Internet,Online Counselling Platform,Mumbai,Seed Funding,4.239,venture works,sprout venture partners,2017,February
1934,1934,2017-02-07,Travel Triangle,Consumer Internet,Online travel agent marketplace,Noida,Private Equity,94.2,rb investments,rb investments pte ltd,2017,February
1935,1935,2017-02-07,Travel Triangle,Consumer Internet,Online travel agent marketplace,Noida,Private Equity,94.2,saif partners,saif partners  lgt impact ventures,2017,February
1936,1936,2017-02-07,Travel Triangle,Consumer Internet,Online travel agent marketplace,Noida,Private Equity,94.2,bessemer venture partners,bessemer venture partner,2017,February
1937,1937,2017-02-08,Wandertrails,Consumer Internet,"Online Travel, Adventure & Activities Portal",Bangalore,Seed Funding,9.42,earlsfield capital,lok capital,2017,February
1938,1938,2017-02-08,Zenatix,Technology,IoT Based Energy Monitoring & Control,Gurgaon,Private Equity,11.304,pi ventures,purvi ventures,2017,February
1939,1939,2017-02-08,Zenatix,Technology,IoT Based Energy Monitoring & Control,Gurgaon,Private Equity,11.304,blume ventures,blume ventures  rtp global,2017,February
1940,1940,2017-02-08,Cartrade,Consumer Internet,Automobile Classifieds Portal,Mumbai,Private Equity,518.1,temasek holdings,temasek,2017,February
1941,1941,2017-02-08,MindYourFleet,Technology,Car Rental Software Solutions,Noida,Seed Funding,0.0,japan vyas,japan,2017,February
1942,1942,2017-02-08,MindYourFleet,Technology,Car Rental Software Solutions,Noida,Seed Funding,0.0,tarun adlakha,professor tarun khanna,2017,February
1943,1943,2017-02-08,Edurev,Consumer Internet,Online Education Portal,Gurgaon,Seed Funding,0.3768,facebook fb start programme,facebook fbstart,2017,February
1944,1944,2017-02-09,Voonik,ECommerce,Women Apparel & Lifestyle etailer,Bangalore,Private Equity,56.52,rb investments,rb investments pte ltd,2017,February
1945,1945,2017-02-09,Voonik,ECommerce,Women Apparel & Lifestyle etailer,Bangalore,Private Equity,56.52,sequoia capital,quona capital,2017,February
1946,1946,2017-02-09,1Crowd,Finance,Startup Crowd-funding platform,Mumbai,Seed Funding,0.0,ganesh natarajan,r natarajan,2017,February
1947,1947,2017-02-09,Wooplr,ECommerce,Women Fashion Portal,Bangalore,Private Equity,75.36,sistema asia fund,vertex ventures southeast asia sea  india  sistema asia fund,2017,February
1948,1948,2017-02-09,Wooplr,ECommerce,Women Fashion Portal,Bangalore,Private Equity,75.36,amereus group,manipal education  medical group memg,2017,February
1949,1949,2017-02-09,Wooplr,ECommerce,Women Fashion Portal,Bangalore,Private Equity,75.36,helion ventures,helion venture,2017,February
1950,1950,2017-02-10,48East,ECommerce,Online Food Delivery Platform,Bangalore,Private Equity,4.71,al dhaheri family,al nour international holdings  mark v investments,2017,February
1951,1951,2017-02-10,Redesyn,Consumer Internet,Tech Enabler for Artists,Mumbai,Seed Funding,0.0,thinqbate,thinqbate,2017,February
1952,1952,2017-02-13,Sigtuple,Technology,Medical Automation platform,Bangalore,Private Equity,54.636,accel,accel,2017,February
1953,1953,2017-02-13,Sigtuple,Technology,Medical Automation platform,Bangalore,Private Equity,54.636,idg ventures,idg venture,2017,February
1954,1954,2017-02-13,Sigtuple,Technology,Medical Automation platform,Bangalore,Private Equity,54.636,endiya partners,endiya partnersnn,2017,February
1955,1955,2017-02-13,Sigtuple,Technology,Medical Automation platform,Bangalore,Private Equity,54.636,pi ventures,purvi ventures,2017,February
1956,1956,2017-02-13,Sigtuple,Technology,Medical Automation platform,Bangalore,Private Equity,54.636,vh capital,vy capital,2017,February
1957,1957,2017-02-13,Sigtuple,Technology,Medical Automation platform,Bangalore,Private Equity,54.636,axilor partners,axilor,2017,February
1958,1958,2017-02-13,Flutura,Technology,Decision Sciences Analytics Solutions,Bangalore,Private Equity,70.65,vertex ventures,vertex ventures southeast asia sea  india  sistema asia fund,2017,February
1959,1959,2017-02-13,Flutura,Technology,Decision Sciences Analytics Solutions,Bangalore,Private Equity,70.65,lumis partners,xc2xa0 lumis partners,2017,February
1960,1960,2017-02-13,Wassup,Consumer Internet,On Demand Laundry & Dry Cleaning Services,Chennai,Private Equity,30.144,anil jain,il,2017,February
1961,1961,2017-02-13,Wassup,Consumer Internet,On Demand Laundry & Dry Cleaning Services,Chennai,Private Equity,30.144,other hnis,other,2017,February
1962,1962,2017-02-13,Better Mortgage,Consumer Internet,Mortgage Offering Platform,Gurgaon,Private Equity,141.3,kleiner perkins,kleiner perkins,2017,February
1963,1963,2017-02-13,Better Mortgage,Consumer Internet,Mortgage Offering Platform,Gurgaon,Private Equity,141.3,goldman sachs,goldman sachs group,2017,February
1964,1964,2017-02-13,Better Mortgage,Consumer Internet,Mortgage Offering Platform,Gurgaon,Private Equity,141.3,pine brook,pine labs pte ltd,2017,February
1965,1965,2017-02-13,Nurturey,Consumer Internet,Parenting Mobile App,New Delhi,Seed Funding,3.1086,mohit joshi,subhkam ventures  mohit khadaria,2017,February
1966,1966,2017-02-13,Nurturey,Consumer Internet,Parenting Mobile App,New Delhi,Seed Funding,3.1086,others,other,2017,February
1967,1967,2017-02-13,Fyle,Technology,Expense Management Solution,Bangalore,Seed Funding,3.768,pravega ventures,pravega ventures  beenext,2017,February
1968,1968,2017-02-14,GoBumpr,Consumer Internet,Online Bike & Car Services provider,Chennai,Seed Funding,2.826,mahalingam k,puneet gupta  pradeep k jaisingh,2017,February
1969,1969,2017-02-14,GoBumpr,Consumer Internet,Online Bike & Car Services provider,Chennai,Seed Funding,2.826,girish mathrubootham,girish matrubootham,2017,February
1970,1970,2017-02-14,CCAvenue,Consumer Internet,Online Payment Gateway,Mumbai,Private Equity,211.008,infibeam,m,2017,February
1971,1971,2017-02-14,Connaizen,Technology,Data Analytics platform,New Delhi,Seed Funding,0.0,vikram sud,vikram lakhotia,2017,February
1972,1972,2017-02-15,Innov8,Consumer Internet,Co-Working Space Platform,New Delhi,Seed Funding,0.0,vijay shekhar sharma,nishit sharma,2017,February
1973,1973,2017-02-15,Innov8,Consumer Internet,Co-Working Space Platform,New Delhi,Seed Funding,0.0,rajan anan,rajan anan from google,2017,February
1974,1974,2017-02-15,Innov8,Consumer Internet,Co-Working Space Platform,New Delhi,Seed Funding,0.0,kunal shah,kunal shah  manish patel,2017,February
1975,1975,2017-02-15,Innov8,Consumer Internet,Co-Working Space Platform,New Delhi,Seed Funding,0.0,girish mathrubootham,girish matrubootham,2017,February
1976,1976,2017-02-15,Innov8,Consumer Internet,Co-Working Space Platform,New Delhi,Seed Funding,0.0,punit soni,punit soni,2017,February
1977,1977,2017-02-15,Innov8,Consumer Internet,Co-Working Space Platform,New Delhi,Seed Funding,0.0,an chrasekaran,ping an global voyager fund,2017,February
1978,1978,2017-02-15,Innov8,Consumer Internet,Co-Working Space Platform,New Delhi,Seed Funding,0.0,sunil kalra,il,2017,February
1979,1979,2017-02-15,Innov8,Consumer Internet,Co-Working Space Platform,New Delhi,Seed Funding,0.0,utsav somani,utsav somani,2017,February
1980,1980,2017-02-15,Innov8,Consumer Internet,Co-Working Space Platform,New Delhi,Seed Funding,0.0,vishal gondal,vishal gondal,2017,February
1981,1981,2017-02-15,Innov8,Consumer Internet,Co-Working Space Platform,New Delhi,Seed Funding,0.0,vikram limaye,bhanu vikram parsotam,2017,February
1982,1982,2017-02-15,ZestMoney,Consumer Internet,Online Consumer Lending platform,Bangalore,Private Equity,61.23,payu,amrish rau from payu india,2017,February
1983,1983,2017-02-15,ZestMoney,Consumer Internet,Online Consumer Lending platform,Bangalore,Private Equity,61.23,ribbit capital,ribbit capital  omidyar network,2017,February
1984,1984,2017-02-15,ZestMoney,Consumer Internet,Online Consumer Lending platform,Bangalore,Private Equity,61.23,omidyar network,omidyar networks,2017,February
1985,1985,2017-02-15,AirZaar,Technology,Drone operations management platform,Missourie,Seed Funding,3.297,quake capital,sque capital,2017,February
1986,1986,2017-02-16,Truebil,Consumer Internet,Online Marketplace for Used Cars,Mumbai,Private Equity,28.26,shunwei capital,omidyar network  shunwei capital,2017,February
1987,1987,2017-02-16,YourStory,Consumer Internet,Online Media,Bangalore,Private Equity,28.26,kalaari capital partners,saif partners  kalaari capital,2017,February
1988,1988,2017-02-16,YourStory,Consumer Internet,Online Media,Bangalore,Private Equity,28.26,qualcomm,qualcomm venture,2017,February
1989,1989,2017-02-16,YourStory,Consumer Internet,Online Media,Bangalore,Private Equity,28.26,3one4 capital,trifecta capital advisors,2017,February
1990,1990,2017-02-16,YourStory,Consumer Internet,Online Media,Bangalore,Private Equity,28.26,ucrnt,xc2xa0 ucrnt fund,2017,February
1991,1991,2017-02-17,Imaginate,Technology,AR & VR platform,Hyderabad,Seed Funding,4.71,sri capital,br capital,2017,February
1992,1992,2017-02-17,The Ken,Consumer Internet,Online Media Platform,Bangalore,Seed Funding,3.768,aprameya radhakrishna,aprameya radhakrishnan,2017,February
1993,1993,2017-02-17,The Ken,Consumer Internet,Online Media Platform,Bangalore,Seed Funding,3.768,deepak natraj,deepak natraj,2017,February
1994,1994,2017-02-17,The Ken,Consumer Internet,Online Media Platform,Bangalore,Seed Funding,3.768,girish mathrubootham,girish matrubootham,2017,February
1995,1995,2017-02-17,The Ken,Consumer Internet,Online Media Platform,Bangalore,Seed Funding,3.768,mahesh murthy,mahesh murthy,2017,February
1996,1996,2017-02-17,The Ken,Consumer Internet,Online Media Platform,Bangalore,Seed Funding,3.768,pallav nadhani,mohas pai pallav nadhani,2017,February
1997,1997,2017-02-17,The Ken,Consumer Internet,Online Media Platform,Bangalore,Seed Funding,3.768,pavan ongole,pavan ongole,2017,February
1998,1998,2017-02-17,The Ken,Consumer Internet,Online Media Platform,Bangalore,Seed Funding,3.768,seep mathur,seep mehta family office,2017,February
1999,1999,2017-02-17,The Ken,Consumer Internet,Online Media Platform,Bangalore,Seed Funding,3.768,vijay shekhar sharma,nishit sharma,2017,February
2000,2000,2017-02-17,The Ken,Consumer Internet,Online Media Platform,Bangalore,Seed Funding,3.768,others,other,2017,February
2001,2001,2017-02-17,Urban Ladder,ECommerce,Online Furniture Store,Bangalore,Private Equity,143.184,kalaari capital,romulus capital  kalaari capital,2017,February
2002,2002,2017-02-17,Urban Ladder,ECommerce,Online Furniture Store,Bangalore,Private Equity,143.184,saif partners,saif partners  lgt impact ventures,2017,February
2003,2003,2017-02-17,Urban Ladder,ECommerce,Online Furniture Store,Bangalore,Private Equity,143.184,steadview capital,steadview capital  vy capital,2017,February
2004,2004,2017-02-17,Urban Ladder,ECommerce,Online Furniture Store,Bangalore,Private Equity,143.184,sequoia capital,quona capital,2017,February
2005,2005,2017-02-17,Aisle,Consumer Internet,Online match-making app,Bangalore,Seed Funding,0.0,konglo ventures,konly venture,2017,February
2006,2006,2017-02-17,Aisle,Consumer Internet,Online match-making app,Bangalore,Seed Funding,0.0,white unicorn ventures,unicorn ventures,2017,February
2007,2007,2017-02-17,Aisle,Consumer Internet,Online match-making app,Bangalore,Seed Funding,0.0,letsventure,lets venture,2017,February
2008,2008,2017-02-17,TownScript,Consumer Internet,DIY event registration and ticketing portal,Pune,Private Equity,0.0,bookmyshow,bookmyshow,2017,February
2009,2009,2017-02-17,Leopetra,eCommerce,Solution provider for pet needs,Mumbai,Seed Funding,0.3768,facebook fbstart,facebook fb start programme,2017,February
2010,2010,2017-02-18,Blood n Care,Consumer Internet,First Aid care app,Gurgaon,Seed Funding,0.3768,facebook fbstart,facebook fb start programme,2017,February
2011,2011,2017-02-20,Flipkart,eCommerce,Online Marketplace,Bangalore,Private Equity,364.554,bennett,bennett coleman  company ltd bccl,2017,February
2012,2012,2017-02-20,Flipkart,eCommerce,Online Marketplace,Bangalore,Private Equity,364.554,coleman  co ltd bccl,bccl,2017,February
2013,2013,2017-02-21,True Balance,Consumer Internet,Mobile balance Checking App,Gurgaon,Private Equity,141.3,softbank,softbank,2017,February
2014,2014,2017-02-21,True Balance,Consumer Internet,Mobile balance Checking App,Gurgaon,Private Equity,141.3,imm investment,spring canter investment ltd,2017,February
2015,2015,2017-02-22,Vebbler,Consumer Internet,Photo Sharing for Groups,Bangalore,Seed Funding,0.3768,facebook fbstart,facebook fb start programme,2017,February
2016,2016,2017-02-23,Get My Parking,Consumer Internet,Smart Parking Platform,New Delhi,Private Equity,10.362,indian angel network,india quotient  letsventures angel fund,2017,February
2017,2017,2017-02-23,Get My Parking,Consumer Internet,Smart Parking Platform,New Delhi,Private Equity,10.362,beenext,denlow investment trust  beenext,2017,February
2018,2018,2017-02-23,Get My Parking,Consumer Internet,Smart Parking Platform,New Delhi,Private Equity,10.362,the chennai angels,chennai angels,2017,February
2019,2019,2017-02-23,Get My Parking,Consumer Internet,Smart Parking Platform,New Delhi,Private Equity,10.362,sunil munjal,sunil kant munjal,2017,February
2020,2020,2017-02-23,Lets Reap,Consumer Internet,B2B Mobile App for Pharmacies,Mumbai,Seed Funding,0.0,kunal shah,kunal shah  manish patel,2017,February
2021,2021,2017-02-23,Lets Reap,Consumer Internet,B2B Mobile App for Pharmacies,Mumbai,Seed Funding,0.0,seep ton,xc2xa0 seep ton,2017,February
2022,2022,2017-02-23,Lets Reap,Consumer Internet,B2B Mobile App for Pharmacies,Mumbai,Seed Funding,0.0,nitin saluja,nitin saluja,2017,February
2023,2023,2017-02-23,Lets Reap,Consumer Internet,B2B Mobile App for Pharmacies,Mumbai,Seed Funding,0.0,gagan goyal,sunil goyal ashish gupta,2017,February
2024,2024,2017-02-24,Oglas,Consumer Internet,Mobile Advertising App,Noida,Seed Funding,0.0,pankaj rungta,pankaj rungta,2017,February
2025,2025,2017-02-24,Oglas,Consumer Internet,Mobile Advertising App,Noida,Seed Funding,0.0,yogesh agarwal,lomesh agarwal,2017,February
2026,2026,2017-02-27,Staydobe,Consumer Internet,Co-Living Spaces Aggregator,Bangalore,Seed Funding,0.0,ishan manaktala,ishan manaktala,2017,February
2027,2027,2017-02-27,Biryani By Kilo,Consumer Internet,Online Food Ordering & Delivery Portal,Gurgaon,Seed Funding,3.5325,chigarh angels,chigarh angels network,2017,February
2028,2028,2017-02-27,Biryani By Kilo,Consumer Internet,Online Food Ordering & Delivery Portal,Gurgaon,Seed Funding,3.5325,ashish gupta,sunil goyal ashish gupta,2017,February
2029,2029,2017-02-27,Biryani By Kilo,Consumer Internet,Online Food Ordering & Delivery Portal,Gurgaon,Seed Funding,3.5325,rohit,rohit bansal,2017,February
2030,2030,2017-02-27,Biryani By Kilo,Consumer Internet,Online Food Ordering & Delivery Portal,Gurgaon,Seed Funding,3.5325,ashish ch,ashish kacholi,2017,February
2031,2031,2017-02-27,Biryani By Kilo,Consumer Internet,Online Food Ordering & Delivery Portal,Gurgaon,Seed Funding,3.5325,sunil singh,il,2017,February
2032,2032,2017-02-27,Biryani By Kilo,Consumer Internet,Online Food Ordering & Delivery Portal,Gurgaon,Seed Funding,3.5325,others,other,2017,February
2033,2033,2017-02-27,Johari Shop,ECommerce,Online Jewellery etailer,Bangalore,Seed Funding,0.88548,undisclosed,undisclosed,2017,February
2034,2034,2017-02-28,NeoStencil,Consumer Internet,Live Online Coaching Classes,New Delhi,Private Equity,9.42,br capital,b capital,2017,February
2035,2035,2017-02-28,NeoStencil,Consumer Internet,Live Online Coaching Classes,New Delhi,Private Equity,9.42,paragon trust,prasid uno family trust,2017,February
2036,2036,2017-02-28,Blackbuck,Logistics,Online freight aggregator,Bangalore,Private Equity,659.4,ss capital,ss capital  international finance corporation,2017,February
2037,2037,2017-02-28,Blackbuck,Logistics,Online freight aggregator,Bangalore,Private Equity,659.4,ifc,ifc everstone group,2017,February
2038,2038,2017-02-28,Blackbuck,Logistics,Online freight aggregator,Bangalore,Private Equity,659.4,accel,accel,2017,February
2039,2039,2017-02-28,Blackbuck,Logistics,Online freight aggregator,Bangalore,Private Equity,659.4,flipkart,flipkart logistics pvt ltd,2017,February
2040,2040,2017-02-28,Blackbuck,Logistics,Online freight aggregator,Bangalore,Private Equity,659.4,sanjiv rangrass,sanjiv rai,2017,February
2041,2041,2017-01-02,TaxSutra,Consumer Internet,Online Tax Filing platform,Pune,Seed Funding,3.44772,tv mohas pai,t v mohas pai,2017,January
2042,2042,2017-01-02,TaxSutra,Consumer Internet,Online Tax Filing platform,Pune,Seed Funding,3.44772,v balakrishnan,al nour international holdings  mark v investments,2017,January
2043,2043,2017-01-02,TaxSutra,Consumer Internet,Online Tax Filing platform,Pune,Seed Funding,3.44772,pv srinivasan,pv sahad,2017,January
2044,2044,2017-01-03,TempoGo,Technology,IoT & SAAS Solutions for Transportation Industry,Panaji,Seed Funding,7.7715,k2 capital,lok capital,2017,January
2045,2045,2017-01-03,GoFynd,ecommerce,Fashion ecommerce portal,Mumbai,Seed Funding,0.0,an chrasekaran,ping an global voyager fund,2017,January
2046,2046,2017-01-03,GoFynd,ecommerce,Fashion ecommerce portal,Mumbai,Seed Funding,0.0,rajiv mehta,seep mehta family office,2017,January
2047,2047,2017-01-03,GoFynd,ecommerce,Fashion ecommerce portal,Mumbai,Seed Funding,0.0,ramakant sharma,ld sharma,2017,January
2048,2048,2017-01-03,Vow Car Clinic,Consumer Internet,Online/App Based Car cleaning service provider,Gurgaon,Seed Funding,0.0,vishal malik,vishal bali,2017,January
2049,2049,2017-01-04,LearnTron,Technology,Blended Learning Delivery App for Schools & Corporates,Chennai,Seed Funding,0.0,kae capital,vc firms india quotient  kae capital,2017,January
2050,2050,2017-01-05,MobiDent,Consumer Internet,Dentist Appointments booking platform,Bangalore,Private Equity,0.0,dangold investment corp,alphabets growth investment arm capital g  axis bank,2017,January
2051,2051,2017-01-05,Yostra,Technology,Healthcare Technology Solutions,Bangalore,Private Equity,0.0,marico innovation foundation mif,bharat innovation,2017,January
2052,2052,2017-01-05,Yostra,Technology,Healthcare Technology Solutions,Bangalore,Private Equity,0.0,villgro,il,2017,January
2053,2053,2017-01-06,Leap India,Logistics,Supply Chain Solutions Provider,Mumbai,Private Equity,122.46,india nivesh growth fund,india quotient,2017,January
2054,2054,2017-01-06,Leap India,Logistics,Supply Chain Solutions Provider,Mumbai,Private Equity,122.46,sixth sense,sixth sense ventures,2017,January
2055,2055,2017-01-06,Leap India,Logistics,Supply Chain Solutions Provider,Mumbai,Private Equity,122.46,tci ventures,citi ventures,2017,January
2056,2056,2017-01-07,FreeCharge,Consumer Internet,Mobile Wallet,Mumbai,Private Equity,536.94,jasper infotech pvt ltd,supera pte ltd,2017,January
2057,2057,2017-01-09,TicketNew,Consumer Internet,Movie Ticket Booking platform,Chennai,Private Equity,329.7,alibaba pictures,alibaba,2017,January
2058,2058,2017-01-10,Intelligence Node,Technology,SAAS Based Retail Analytics Solutions,Mumbai,Private Equity,7.536,blacksoil capital pvt ltd,blacksoil,2017,January
2059,2059,2017-01-10,Securens,Technology,e-surveillance services provider,Mumbai,Private Equity,47.1,mayfield india,mayfield,2017,January
2060,2060,2017-01-10,Securens,Technology,e-surveillance services provider,Mumbai,Private Equity,47.1,trifecta capital,trifecta capital advisors,2017,January
2061,2061,2017-01-10,Loan Frame,Consumer Internet,Small Business Loans Marketplace platform,Gurgaon,Private Equity,21.195,vedanta capital,trifecta capital advisors,2017,January
2062,2062,2017-01-10,Loan Frame,Consumer Internet,Small Business Loans Marketplace platform,Gurgaon,Private Equity,21.195,william campbell,il,2017,January
2063,2063,2017-01-10,Loan Frame,Consumer Internet,Small Business Loans Marketplace platform,Gurgaon,Private Equity,21.195,toos n daruvala,n squared management llc,2017,January
2064,2064,2017-01-10,DriveSkool,Consumer Internet,online marketplace for driving schools,Bangalore,Seed Funding,0.0,aavya ventures,naya ventures,2017,January
2065,2065,2017-01-10,Medinfi,Consumer Internet,Doctor & Clinic Discovery portal,Bangalore,Seed Funding,0.942,vinod martin,vinod martin,2017,January
2066,2066,2017-01-10,Medinfi,Consumer Internet,Doctor & Clinic Discovery portal,Bangalore,Seed Funding,0.942,evan lim,m,2017,January
2067,2067,2017-01-10,Medinfi,Consumer Internet,Doctor & Clinic Discovery portal,Bangalore,Seed Funding,0.942,kanchan ghoshal,kanchan ghoshal,2017,January
2068,2068,2017-01-10,Medinfi,Consumer Internet,Doctor & Clinic Discovery portal,Bangalore,Seed Funding,0.942,ram kumar kakani,prof ram kumar kakani,2017,January
2069,2069,2017-01-10,LensKart,eCommerce,Online eyewear retailer,Bangalore,Private Equity,32.97,ronnie screwvala,ronnie screwvala,2017,January
2070,2070,2017-01-11,InstaOffice,Consumer Internet,CoWorking Spaces booking platform,Gurgaon,Seed Funding,0.0,zishaan hayath,zishan hayath,2017,January
2071,2071,2017-01-11,InstaOffice,Consumer Internet,CoWorking Spaces booking platform,Gurgaon,Seed Funding,0.0,karan chellani,karan chellani,2017,January
2072,2072,2017-01-11,InstaOffice,Consumer Internet,CoWorking Spaces booking platform,Gurgaon,Seed Funding,0.0,mohit satyan,subhkam ventures  mohit khadaria,2017,January
2073,2073,2017-01-12,Hansel.io,Consumer Internet,Real-time Mobile App Management Platform,Bangalore,Private Equity,12.717,idg ventures,idg venture,2017,January
2074,2074,2017-01-12,Hansel.io,Consumer Internet,Real-time Mobile App Management Platform,Bangalore,Private Equity,12.717,endiya partners,endiya partnersnn,2017,January
2075,2075,2017-01-12,Square Yards,Consumer Internet,Property Search Aggregator platform,Gurgaon,Private Equity,94.2,lohia group,manipal education  medical group memg,2017,January
2076,2076,2017-01-12,Square Yards,Consumer Internet,Property Search Aggregator platform,Gurgaon,Private Equity,94.2,andre hoffman,andre hoffman,2017,January
2077,2077,2017-01-13,Roambee,Technology,IoT smart Logistics and Asset Management Company,Mumbai,Private Equity,38.622,deutsche telekom strategic investments,deutsche telekom strategic investments dtsi,2017,January
2078,2078,2017-01-13,Roambee,Technology,IoT smart Logistics and Asset Management Company,Mumbai,Private Equity,38.622,others,other,2017,January
2079,2079,2017-01-13,PaisaWapas,Consumer Internet,Cashback & Coupons platform,Bangalore,Seed Funding,0.0,vividhity ventures,breakthrough energy ventures,2017,January
2080,2080,2017-01-13,iService,Consumer Internet,Gadgets Repair & Service Booking platform,Bangalore,Seed Funding,4.1448,blume ventures,blume ventures  rtp global,2017,January
2081,2081,2017-01-13,iService,Consumer Internet,Gadgets Repair & Service Booking platform,Bangalore,Seed Funding,4.1448,girish mathrubootham,girish matrubootham,2017,January
2082,2082,2017-01-13,iService,Consumer Internet,Gadgets Repair & Service Booking platform,Bangalore,Seed Funding,4.1448,aprameya radhakrishna,aprameya radhakrishnan,2017,January
2083,2083,2017-01-14,Unacademy,Consumer Internet,Online learning platform,Bangalore,Private Equity,42.39,nexus venture partners,norwest venture partners,2017,January
2084,2084,2017-01-14,Unacademy,Consumer Internet,Online learning platform,Bangalore,Private Equity,42.39,blume ventures,blume ventures  rtp global,2017,January
2085,2085,2017-01-14,SecururAX,Technology,Cloud-based solutions provider,Bangalore,Private Equity,0.0,axilor ventures,axilor,2017,January
2086,2086,2017-01-14,SecururAX,Technology,Cloud-based solutions provider,Bangalore,Private Equity,0.0,parampara early stage opportunities fund,idfc parampara early stage opportunities fund,2017,January
2087,2087,2017-01-14,SecururAX,Technology,Cloud-based solutions provider,Bangalore,Private Equity,0.0,others,other,2017,January
2088,2088,2017-01-16,Leadburg,Consumer Internet,Personality Development Mobile App,Bangalore,Seed Funding,0.0,harsh v pant,al nour international holdings  mark v investments,2017,January
2089,2089,2017-01-16,Leadburg,Consumer Internet,Personality Development Mobile App,Bangalore,Seed Funding,0.0,ratheesh raveendran,ratheesh raveendran,2017,January
2090,2090,2017-01-16,ZoloStays,Consumer Internet,Branded PG Accomodation booking platform,Bangalore,Private Equity,47.1,nexus venture partners,norwest venture partners,2017,January
2091,2091,2017-01-16,ZoloStays,Consumer Internet,Branded PG Accomodation booking platform,Bangalore,Private Equity,47.1,innoven capital,innoven capital india,2017,January
2092,2092,2017-01-16,Oi Media,Technology,SAAS Based Media Marketing platform,New Delhi,Seed Funding,0.0,quarizon,quarizon consultancy services llp,2017,January
2093,2093,2017-01-16,HipCouch,Consumer Internet,Custom & Modular Furniture platform,Mumbai,Seed Funding,6.594,undisclosed,undisclosed,2017,January
2094,2094,2017-01-17,Curiositi,Consumer Internet,Online Learning Platform,Bangalore,Private Equity,7.536,menterra social impact fund,vertex growth fund,2017,January
2095,2095,2017-01-17,Curiositi,Consumer Internet,Online Learning Platform,Bangalore,Private Equity,7.536,unitus seed fund,amit singhal  unitus seed fund,2017,January
2096,2096,2017-01-17,TinyStep,Consumer Internet,Parenting Info & Social Network,Bangalore,Private Equity,18.84,flipkart,flipkart logistics pvt ltd,2017,January
2097,2097,2017-01-17,Practo,Consumer Internet,Online Healthcare platform,Bangalore,Private Equity,518.1,tencent,tencent holdings ltd,2017,January
2098,2098,2017-01-17,Practo,Consumer Internet,Online Healthcare platform,Bangalore,Private Equity,518.1,xc2xa0 runet,runet,2017,January
2099,2099,2017-01-17,Practo,Consumer Internet,Online Healthcare platform,Bangalore,Private Equity,518.1,rsi fund,ping an global voyager fund,2017,January
2100,2100,2017-01-17,Practo,Consumer Internet,Online Healthcare platform,Bangalore,Private Equity,518.1,thrive capital,trifecta capital advisors,2017,January
2101,2101,2017-01-17,Ketchupp,Consumer Internet,Food Discovery Platform,New Delhi,Seed Funding,4.15422,india quotient  others,india quotient,2017,January
2102,2102,2017-01-17,Hoopy,Consumer Internet,Online Car Service Platform,Gwalior,Seed Funding,4.71,undisclosed,undisclosed,2017,January
2103,2103,2017-01-17,Ezytruk,Consumer Internet,Logistics and truck aggregator platform,Bangalore,Seed Funding,1.38474,ajith nair,ajith sukumaran,2017,January
2104,2104,2017-01-17,Ezytruk,Consumer Internet,Logistics and truck aggregator platform,Bangalore,Seed Funding,1.38474,anish k,manish kheterpal,2017,January
2105,2105,2017-01-18,Kratikal,Technology,Cyber Security Solution provider,New Delhi,Seed Funding,0.0,amajit gupta,amit gupta,2017,January
2106,2106,2017-01-18,Kratikal,Technology,Cyber Security Solution provider,New Delhi,Seed Funding,0.0,praveen dubey,mr praveen someshwar,2017,January
2107,2107,2017-01-18,Kratikal,Technology,Cyber Security Solution provider,New Delhi,Seed Funding,0.0,jp bhatt,dileep bhatt,2017,January
2108,2108,2017-01-18,Direct Create,eCommerce,B2B Marketplace for Handicrafts,Gurgaon,Seed Funding,0.0,rajasthan venture capital fund,hcs venture capital fund,2017,January
2109,2109,2017-01-18,Vahdam Teas,eCommerce,Online Tea etailer,New Delhi,Seed Funding,6.123,mumbai angels network,mumbai angels,2017,January
2110,2110,2017-01-18,Vahdam Teas,eCommerce,Online Tea etailer,New Delhi,Seed Funding,6.123,fireside ventures,healthquad  fireside ventures,2017,January
2111,2111,2017-01-18,Vahdam Teas,eCommerce,Online Tea etailer,New Delhi,Seed Funding,6.123,singapore angel network,singapore angels network,2017,January
2112,2112,2017-01-18,Qwikspec,Technology,Cloud-based construction,Bangalore,Seed Funding,2.826,undisclosed,undisclosed,2017,January
2113,2113,2017-01-19,PParke,Consumer Internet,Parking Solutions mobile app,Bangalore,Seed Funding,0.0,sb ventures,nb ventures,2017,January
2114,2114,2017-01-19,Weddingz.in,Consumer Internet,Online Marketplace for Wedding Venues and vendors,Mumbai,Private Equity,9.42,singularity ventures,singularity ventures  ravi dhariwal,2017,January
2115,2115,2017-01-19,Native Special,eCommerce,Indian Sweets & Snacks etailer,Karur,Seed Funding,0.0,indian angel network,india quotient  letsventures angel fund,2017,January
2116,2116,2017-01-19,Native Special,eCommerce,Indian Sweets & Snacks etailer,Karur,Seed Funding,0.0,native angels network,mumbai angels,2017,January
2117,2117,2017-01-19,Fitnapp,Consumer Internet,Fitness Mobile App,Noida,Private Equity,0.0,sd group,s7 group,2017,January
2118,2118,2017-01-20,Ethosh,Technology,Visual and Interactive communications Solutions,Pune,Seed Funding,0.0,deepak nathani,deepak nathani,2017,January
2119,2119,2017-01-20,Wydr,eCommerce,B2B Wholesale Marketplace in India,Gurgaon,Private Equity,0.0,bessemer venture partners,bessemer venture partner,2017,January
2120,2120,2017-01-20,Wydr,eCommerce,B2B Wholesale Marketplace in India,Gurgaon,Private Equity,0.0,stellaris venture partners,stellaris venture partners  kalaari capital,2017,January
2121,2121,2017-01-20,Wydr,eCommerce,B2B Wholesale Marketplace in India,Gurgaon,Private Equity,0.0,jungle venture partners,jungle ventures,2017,January
2122,2122,2017-01-20,Wydr,eCommerce,B2B Wholesale Marketplace in India,Gurgaon,Private Equity,0.0,axis capital,patni family office  axis capital,2017,January
2123,2123,2017-01-20,Tyre Express,Technology,IoT platform for Tyre Performance management & tracking,Mumbai,Seed Funding,0.0,ivycamp ventures,ivycap ventures,2017,January
2124,2124,2017-01-20,Connaizen,Technology,Data Analytics platform,New Delhi,Seed Funding,0.0,umang moondra,umang moondra,2017,January
2125,2125,2017-01-22,MessaGif,Consumer Internet,social messaging platform,New Delhi,Seed Funding,0.471,undisclosed,undisclosed,2017,January
2126,2126,2017-01-23,SmartHi,Technology,Audit automation Solutions,Pune,Seed Funding,0.0,singapore based investor,singapore,2017,January
2127,2127,2017-01-23,CRON Systems,Technology,Border Intrusion Alert Solutions,New Delhi,Seed Funding,0.0,yournest fund ii,you,2017,January
2128,2128,2017-01-23,CueMath,Technology,Maths Learning program,New Delhi,Private Equity,141.3,capitalg,capitalg,2017,January
2129,2129,2017-01-23,CueMath,Technology,Maths Learning program,New Delhi,Private Equity,141.3,sequoia capital,quona capital,2017,January
2130,2130,2017-01-23,ChipperSage,Technology,Online learning platform,Bangalore,Seed Funding,0.0,india educational investment fund,vertex growth fund,2017,January
2131,2131,2017-01-24,SelectJobs,Consumer Internet,Online Job portal,Mumbai,Seed Funding,0.0,india educational investment fund,vertex growth fund,2017,January
2132,2132,2017-01-24,Khel Now,Consumer Internet,Mobile-based Social Platform for Sports,Bangalore,Private Equity,4.71,indochine international,ss capital  international finance corporation,2017,January
2133,2133,2017-01-24,NowFloats,Consumer Internet,Platform to take businesses online,Hyderabad,Private Equity,94.2,iron pillar  iifl,iron pillar,2017,January
2134,2134,2017-01-24,NowFloats,Consumer Internet,Platform to take businesses online,Hyderabad,Private Equity,94.2,blume ventures,blume ventures  rtp global,2017,January
2135,2135,2017-01-24,NowFloats,Consumer Internet,Platform to take businesses online,Hyderabad,Private Equity,94.2,omidyar network,omidyar networks,2017,January
2136,2136,2017-01-24,Lets Transport,Consumer Internet,Online transport vehicle booking platform,Bangalore,Private Equity,37.68,gmo japan,japan,2017,January
2137,2137,2017-01-24,Lets Transport,Consumer Internet,Online transport vehicle booking platform,Bangalore,Private Equity,37.68,neelesh bhatnagar,neelesh bhatnagar,2017,January
2138,2138,2017-01-24,BetaOut,Technology,ECommerce Marketing Software,Noida,Private Equity,0.0,east ventures,nea ventures,2017,January
2139,2139,2017-01-24,BetaOut,Technology,ECommerce Marketing Software,Noida,Private Equity,0.0,others,other,2017,January
2140,2140,2017-01-25,Wishberry,Consumer Internet,Crowdfunding Platform,Mumbai,Seed Funding,0.0,sharad sharma,vijay shekhar sharma,2017,January
2141,2141,2017-01-25,Wishberry,Consumer Internet,Crowdfunding Platform,Mumbai,Seed Funding,0.0,rajan anan,rajan anan from google,2017,January
2142,2142,2017-01-25,Wishberry,Consumer Internet,Crowdfunding Platform,Mumbai,Seed Funding,0.0,xc2xa0 amit ranjan,amit ranjan,2017,January
2143,2143,2017-01-25,Wishberry,Consumer Internet,Crowdfunding Platform,Mumbai,Seed Funding,0.0,alok mittal,alok mittal  sachin bhatia,2017,January
2144,2144,2017-01-25,Wishberry,Consumer Internet,Crowdfunding Platform,Mumbai,Seed Funding,0.0,others,other,2017,January
2145,2145,2017-01-25,RML Agtech,Technology,Agri Decision Support Solution for farmers,Pune,Private Equity,37.68,ivycap ventures,ivycamp ventures,2017,January
2146,2146,2017-01-25,LoyaltyPrime,Technology,Loyalty program management solutions,New Delhi,Private Equity,0.0,senovo,senovo,2017,January
2147,2147,2017-01-25,LoyaltyPrime,Technology,Loyalty program management solutions,New Delhi,Private Equity,0.0,unternehmertum venture capital,sequoia capital,2017,January
2148,2148,2017-01-25,LoyaltyPrime,Technology,Loyalty program management solutions,New Delhi,Private Equity,0.0,alexer bruehl,alexer bruehl,2017,January
2149,2149,2017-01-25,InstaSafe,Technology,Security-as-a-Service solution provider,Bangalore,Private Equity,20.724,abm knowledgeware,abm knowledgeware,2017,January
2150,2150,2017-01-25,Infibeam,eCommerce,eCommerce Marketplace,Ahmedabad,Private Equity,82.896,bennett,bennett coleman  company ltd bccl,2017,January
2151,2151,2017-01-25,Infibeam,eCommerce,eCommerce Marketplace,Ahmedabad,Private Equity,82.896,coleman  company ltd,coleman  company ltd bccl,2017,January
2152,2152,2017-01-02,99Games,Technology,Mobile Game Developer Studio,Udupi,Seed Funding,0.0,dream incubator,inc,2017,January
2153,2153,2017-01-26,AirMed Labs,Consumer Internet,Health Tests Booking platform & ePharmacy,Ahmedabad,Private Equity,13.188,br capital,b capital,2017,January
2154,2154,2017-01-26,99PerHour,Consumer Internet,Hyper-local Handyman Service provider,Chennai,Seed Funding,2.826,v aan r,al nour international holdings  mark v investments,2017,January
2155,2155,2017-01-26,Kochi Post,Consumer Internet,English Online News portal,Kochi,Seed Funding,0.0,rajesh yohannan,rajesh yohanan  rahul garg,2017,January
2156,2156,2017-01-26,Kochi Post,Consumer Internet,English Online News portal,Kochi,Seed Funding,0.0,puthen,puthen,2017,January
2157,2157,2017-01-26,Kochi Post,Consumer Internet,English Online News portal,Kochi,Seed Funding,0.0,cole,coleman  company ltd bccl,2017,January
2158,2158,2017-01-30,Intuit Things,Technology,IoT solutions for home automation applications,Mumbai,Seed Funding,0.99852,sanjay mehta,seep mehta family office,2017,January
2159,2159,2017-01-30,Intuit Things,Technology,IoT solutions for home automation applications,Mumbai,Seed Funding,0.99852,others  the ten minute million,the ten minute million,2017,January
2160,2160,2017-01-30,Cloudrino,Technology,Cloud based Virtual Servers,New Delhi,Seed Funding,0.21195,the ten minute million,others  the ten minute million,2017,January
2161,2161,2017-01-30,FabX,eCommerce,Used Furniture Marketplace,Mumbai,Seed Funding,0.64056,the ten minute million,others  the ten minute million,2017,January
2162,2162,2017-01-30,Maptags,Consumer Internet,Smart Online address tags,Bangalore,Seed Funding,0.16956,the ten minute million,others  the ten minute million,2017,January
2163,2163,2017-01-30,YOLO Health,Consumer Internet,Online Healthcare platform,Mumbai,Seed Funding,0.0,chigarh angels network can,chigarh angel network can,2017,January
2164,2164,2017-01-31,Heads Up For Tails,eCommerce,Online Pet Products Store,New Delhi,Private Equity,18.84,undisclosed,undisclosed,2017,January
2165,2165,2017-01-31,Register My Marriage,Consumer Internet,Online Marriage Registration services,New Delhi,Seed Funding,0.0,mumbai angels,mumbai angel,2017,January
2166,2166,2016-12-01,SidQam,Technology,Healthcare Software System,Noida,Private Equity,11.304,sque capital,quake capital,2016,December
2167,2167,2016-12-01,SidQam,Technology,Healthcare Software System,Noida,Private Equity,11.304,grace capital ventures,ain capital ventures,2016,December
2168,2168,2016-12-01,SidQam,Technology,Healthcare Software System,Noida,Private Equity,11.304,soham vencaps,soham vencaps,2016,December
2169,2169,2016-12-01,India Lends,Consumer Internet,Online Instant personal Loan provider,New Delhi,Private Equity,37.68,dsg consumer partners,saama capital  dsg consumer partners,2016,December
2170,2170,2016-12-01,India Lends,Consumer Internet,Online Instant personal Loan provider,New Delhi,Private Equity,37.68,american express ventures,american express,2016,December
2171,2171,2016-12-01,India Lends,Consumer Internet,Online Instant personal Loan provider,New Delhi,Private Equity,37.68,cyber carrier vc,cyber carrier,2016,December
2172,2172,2016-12-01,India Lends,Consumer Internet,Online Instant personal Loan provider,New Delhi,Private Equity,37.68,advantedge partners,advantedge,2016,December
2173,2173,2016-12-01,Slide App,Consumer Internet,Lock screen Rewards mobile app,New Delhi,Private Equity,33.912,songhyun investment,alphabets growth investment arm capital g  axis bank,2016,December
2174,2174,2016-12-02,Badiyajobs,Consumer Internet,Entry-Level job Seekers platform,New Delhi,Seed Funding,0.942,undisclosed,undisclosed,2016,December
2175,2175,2016-12-02,Streo,Consumer Internet,Live Music Streaming App,Bangalore,Seed Funding,0.0,gems advisory,gems,2016,December
2176,2176,2016-12-02,Streo,Consumer Internet,Live Music Streaming App,Bangalore,Seed Funding,0.0,quarizon,quarizon consultancy services llp,2016,December
2177,2177,2016-12-02,TYGR,Technology,Transport and logistics mobile App,Mumbai,Private Equity,28.26,franchise india,franchise india brs,2016,December
2178,2178,2016-12-05,Mr Hot Foods,Consumer Internet,Online Food Ordering & Delivery Portal,Indore,Seed Funding,0.0,ivycamp ventures,ivycap ventures,2016,December
2179,2179,2016-12-05,UrDoorStep,eCommerce,Online Grocery Store,Bangalore,Private Equity,13.188,lakshmi vilas bank,alphabets growth investment arm capital g  axis bank,2016,December
2180,2180,2016-12-05,UrDoorStep,eCommerce,Online Grocery Store,Bangalore,Private Equity,13.188,undisclosed,undisclosed,2016,December
2181,2181,2016-12-05,ONN Bikes,eCommerce,"On-demand, self-drive bike rental platform",Mumbai,Seed Funding,0.0,grace capital ventures,ain capital ventures,2016,December
2182,2182,2016-12-06,Diro Labs,Consumer Internet,Mobile Contacts Management app,New Delhi,Seed Funding,1.38474,info edge india,info edge india ltd,2016,December
2183,2183,2016-12-06,THB,Technology,Clinical research and data analytics,Gurgaon,Seed Funding,0.0,ajith sukumaran,ajith nair,2016,December
2184,2184,2016-12-06,THB,Technology,Clinical research and data analytics,Gurgaon,Seed Funding,0.0,currae healthtech fund,india quotient  letsventures angel fund,2016,December
2185,2185,2016-12-07,LookAtMe,Consumer Internet,Mobile App based Fashion Network,Singapore,Seed Funding,0.0,eros labs,pine labs pte ltd,2016,December
2186,2186,2016-12-07,Netree,eCommerce,Mobile-only Retailers Engagement Solution,New Delhi,Seed Funding,0.0,the chennai angels,chennai angels,2016,December
2187,2187,2016-12-07,Netree,eCommerce,Mobile-only Retailers Engagement Solution,New Delhi,Seed Funding,0.0,letsventure,lets venture,2016,December
2188,2188,2016-12-07,BookEventz,Consumer Internet,"Venue, Events Booking platform",Mumbai,Seed Funding,0.0,investors from mumbai angels,mumbai angels,2016,December
2189,2189,2016-12-07,BookEventz,Consumer Internet,"Venue, Events Booking platform",Mumbai,Seed Funding,0.0,letsventure,lets venture,2016,December
2190,2190,2016-12-07,Tailslife,Consumer Internet,Pet Parenting mobile app,Bangalore,Seed Funding,0.0,mohan kumar,subho ray  samir kumar,2016,December
2191,2191,2016-12-07,Tailslife,Consumer Internet,Pet Parenting mobile app,Bangalore,Seed Funding,0.0,v balakrishnan,al nour international holdings  mark v investments,2016,December
2192,2192,2016-12-07,Revv,Consumer Internet,Self-Driven Car Services booking portal,New Delhi,Private Equity,84.78,edelweiss private equity,fs private equity,2016,December
2193,2193,2016-12-07,WealthApp,Consumer Internet,Online Investment Advisory platform,Bangalore,Seed Funding,4.1448,venk krishnan,venk krishna,2016,December
2194,2194,2016-12-07,WealthApp,Consumer Internet,Online Investment Advisory platform,Bangalore,Seed Funding,4.1448,mj aravind,mj aravind,2016,December
2195,2195,2016-12-07,WealthApp,Consumer Internet,Online Investment Advisory platform,Bangalore,Seed Funding,4.1448,vikram kotak,kotak mahindra bank,2016,December
2196,2196,2016-12-07,WealthApp,Consumer Internet,Online Investment Advisory platform,Bangalore,Seed Funding,4.1448,jayant davar,jayant davar,2016,December
2197,2197,2016-12-07,WealthApp,Consumer Internet,Online Investment Advisory platform,Bangalore,Seed Funding,4.1448,xc2xa0 ramkumar nishtal,xc2xa0,2016,December
2198,2198,2016-12-07,WealthApp,Consumer Internet,Online Investment Advisory platform,Bangalore,Seed Funding,4.1448,arjun sharmaa,arjun  rohan malhotra,2016,December
2199,2199,2016-12-07,Vehico,Technology,Connected Transportation solutions,Bangalore,Seed Funding,0.0,calcutta angel network,calcutta angels network,2016,December
2200,2200,2016-12-07,Vehico,Technology,Connected Transportation solutions,Bangalore,Seed Funding,0.0,appliyifi,applyifi,2016,December
2201,2201,2016-12-08,Zest Money,Consumer Internet,Online Consumer Lending platform,Mumbai,Private Equity,61.23,payu,amrish rau from payu india,2016,December
2202,2202,2016-12-08,GoMechanic,Consumer Internet,Online Car servicing Booking platform,Gurgaon,Seed Funding,2.355,venture catalysts,venture catalyst,2016,December
2203,2203,2016-12-09,Stalk Buy Love,eCommerce,Fashion Apparel eTailer,New Delhi,Private Equity,56.52,kalaari capital,romulus capital  kalaari capital,2016,December
2204,2204,2016-12-09,Nykaa,eCommerce,Beauty Products etailer,Mumbai,Private Equity,0.0,max ventures  industries,axilor ventures,2016,December
2205,2205,2016-12-09,Wittyparot,Technology,Content Management & Productivity platform,Bangalore,Seed Funding,4.239,mumbai angels,mumbai angel,2016,December
2206,2206,2016-12-09,NeuroEquilibrium,Technology,Health-Tech platform,Jaipur,Seed Funding,2.355,unicorn india ventures,unicorn india ventures  isme ace,2016,December
2207,2207,2016-12-12,Xseed Education,Technology,Education & learning Tech platform,Bangalore,Private Equity,94.2,verlinvest sa,verlinvest,2016,December
2208,2208,2016-12-12,Rupaiya Exchange,Consumer Internet,P2P Lending platform,New Delhi,Seed Funding,1.884,undisclosed,undisclosed,2016,December
2209,2209,2016-12-12,Doctor Insta,Consumer Internet,Online Doctor Consulting platform,Gurgaon,Private Equity,18.84,roundglass partners,roundglass partners llc,2016,December
2210,2210,2016-12-12,UrbanPiper,Consumer Internet,Self-Branded Websites & Apps for Ecommerce,Bangalore,Seed Funding,0.0,axilor,axilor ventures,2016,December
2211,2211,2016-12-12,UrbanPiper,Consumer Internet,Self-Branded Websites & Apps for Ecommerce,Bangalore,Seed Funding,0.0,undisclosed,undisclosed,2016,December
2212,2212,2016-12-12,Fresh Food Concepts,Food & Beverage,Cold Press Juice manufacturer & seller,New Delhi,Seed Funding,18.84,siddhartha gupta,atul gupta  saurabh rastogi,2016,December
2213,2213,2016-12-12,Fresh Food Concepts,Food & Beverage,Cold Press Juice manufacturer & seller,New Delhi,Seed Funding,18.84,ashvin chadha,ashvin chadha,2016,December
2214,2214,2016-12-13,Indifi,Consumer Internet,Online lending platform,Gurgaon,Private Equity,94.2,omidyar network,omidyar networks,2016,December
2215,2215,2016-12-13,GoComet,Logistics,Marketplace for International Freight,Mumbai,Seed Funding,0.0,india quotient,india quotient  letsventures angel fund,2016,December
2216,2216,2016-12-13,GoComet,Logistics,Marketplace for International Freight,Mumbai,Seed Funding,0.0,rajul garg,ps1 venture  globallogic cofounder rajul garg,2016,December
2217,2217,2016-12-13,GoComet,Logistics,Marketplace for International Freight,Mumbai,Seed Funding,0.0,rajesh yabaji,rajesh yohanan  rahul garg,2016,December
2218,2218,2016-12-13,GoComet,Logistics,Marketplace for International Freight,Mumbai,Seed Funding,0.0,chanakya hridaya,chanakya hridaya,2016,December
2219,2219,2016-12-13,GoComet,Logistics,Marketplace for International Freight,Mumbai,Seed Funding,0.0,ramasubramaniam b,b capital,2016,December
2220,2220,2016-12-13,GoComet,Logistics,Marketplace for International Freight,Mumbai,Seed Funding,0.0,vishwanathan,sreepathy viswanathan,2016,December
2221,2221,2016-12-13,GoComet,Logistics,Marketplace for International Freight,Mumbai,Seed Funding,0.0,nobel house,green house ventures ghv,2016,December
2222,2222,2016-12-13,GoComet,Logistics,Marketplace for International Freight,Mumbai,Seed Funding,0.0,sunstone capital,trifecta capital advisors,2016,December
2223,2223,2016-12-13,OfBusiness,eCommerce,Online business-to-business (B2B) marketplace,Gurgaon,Private Equity,104.562,zodius technology opportunities fund,vertex growth fund,2016,December
2224,2224,2016-12-13,OfBusiness,eCommerce,Online business-to-business (B2B) marketplace,Gurgaon,Private Equity,104.562,matrix partner,bessemer venture partner,2016,December
2225,2225,2016-12-14,Fitmein,Consumer Internet,Fitness Discovery & Booking platform,New Delhi,Seed Funding,0.0,finc,inc,2016,December
2226,2226,2016-12-14,Fitmein,Consumer Internet,Fitness Discovery & Booking platform,New Delhi,Seed Funding,0.0,ghv,vir sanghvi,2016,December
2227,2227,2016-12-14,Qacco,Consumer Internet,Hotel Booking platform,Gurgaon,Seed Funding,1.413,lead angels network,lead angel network,2016,December
2228,2228,2016-12-14,Qacco,Consumer Internet,Hotel Booking platform,Gurgaon,Seed Funding,1.413,indian angel network,india quotient  letsventures angel fund,2016,December
2229,2229,2016-12-14,Qacco,Consumer Internet,Hotel Booking platform,Gurgaon,Seed Funding,1.413,prabhakar mr,sreevathsa prabhakar,2016,December
2230,2230,2016-12-14,Qacco,Consumer Internet,Hotel Booking platform,Gurgaon,Seed Funding,1.413,others,other,2016,December
2231,2231,2016-12-14,Fitpass,Consumer Internet,Fitness center aggregator & Booking mobile app,New Delhi,Seed Funding,9.42,mumbai angels,mumbai angel,2016,December
2232,2232,2016-12-14,MoEngage,Technology,User analytics and engagement platform,Bangalore,Seed Funding,0.0,an chrasekaran,ping an global voyager fund,2016,December
2233,2233,2016-12-14,Ten3t Health,Technology,medical grade wearable patch maker,Bangalore,Seed Funding,0.0,v krishna prasad,al nour international holdings  mark v investments,2016,December
2234,2234,2016-12-14,Ten3t Health,Technology,medical grade wearable patch maker,Bangalore,Seed Funding,0.0,bhupen shah,myntra  mitesh shah finance chief,2016,December
2235,2235,2016-12-14,Ten3t Health,Technology,medical grade wearable patch maker,Bangalore,Seed Funding,0.0,others,other,2016,December
2236,2236,2016-12-14,Trading Bells,Consumer Internet,Online Share & Commodity Broking platform,Indore,Seed Funding,2.79774,swastika investmart ltd,swastika,2016,December
2237,2237,2016-12-15,SERVxe2x80x99D,Consumer Internet,Financial Services For Unorganized Workforce,Pune,Seed Funding,0.942,digital financial service lab,ant financial,2016,December
2238,2238,2016-12-15,IdeaForge,Technology,Drone Manufacturing,Mumbai,Private Equity,94.2,wrv capital  indusage partners,indusage partners,2016,December
2239,2239,2016-12-15,IdeaForge,Technology,Drone Manufacturing,Mumbai,Private Equity,94.2,infosys innovation fund,infosys,2016,December
2240,2240,2016-12-15,Amagi Media Labs,Technology,Media Technology Solutions,Mumbai,Private Equity,329.7,emerald media,gree ventures  summit media,2016,December
2241,2241,2016-12-15,Amagi Media Labs,Technology,Media Technology Solutions,Mumbai,Private Equity,329.7,premji invest,premjiinvest,2016,December
2242,2242,2016-12-15,Pocket Aces,Technology,Digital Entertainment Company,Mumbai,Private Equity,28.26,sequoia capital,quona capital,2016,December
2243,2243,2016-12-15,Pocket Aces,Technology,Digital Entertainment Company,Mumbai,Private Equity,28.26,north base media,base of pyramid asia bopa pte ltd,2016,December
2244,2244,2016-12-15,Pocket Aces,Technology,Digital Entertainment Company,Mumbai,Private Equity,28.26,aarin capital,xc2xa0 aarin capital,2016,December
2245,2245,2016-12-15,Pocket Aces,Technology,Digital Entertainment Company,Mumbai,Private Equity,28.26,3one4 capital,trifecta capital advisors,2016,December
2246,2246,2016-12-15,Pocket Aces,Technology,Digital Entertainment Company,Mumbai,Private Equity,28.26,axilor ventures,axilor,2016,December
2247,2247,2016-12-15,Pocket Aces,Technology,Digital Entertainment Company,Mumbai,Private Equity,28.26,kunal shah,kunal shah  manish patel,2016,December
2248,2248,2016-12-15,Pocket Aces,Technology,Digital Entertainment Company,Mumbai,Private Equity,28.26,seep ton,xc2xa0 seep ton,2016,December
2249,2249,2016-12-16,Pi Data Centers,Technology,Cloud Data Center Solutions provider,Hyderabad,Private Equity,216.66,epsilon venture partners,helion venture partners,2016,December
2250,2250,2016-12-16,TripShelf,Consumer Internet,Holiday Packages provider,New Delhi,Seed Funding,1.15866,gems advisory,gems,2016,December
2251,2251,2016-12-16,TripShelf,Consumer Internet,Holiday Packages provider,New Delhi,Seed Funding,1.15866,quarizon,quarizon consultancy services llp,2016,December
2252,2252,2016-12-19,Events High,Consumer Internet,Events & Activities Marketplace,Bangalore,Private Equity,0.0,axilor ventures,axilor,2016,December
2253,2253,2016-12-19,NoBroker,Consumer Internet,Rental property search portal,Bangalore,Private Equity,69.708,ktb network,indian angel network,2016,December
2254,2254,2016-12-19,NoBroker,Consumer Internet,Rental property search portal,Bangalore,Private Equity,69.708,saif partners,saif partners  lgt impact ventures,2016,December
2255,2255,2016-12-19,NoBroker,Consumer Internet,Rental property search portal,Bangalore,Private Equity,69.708,beenext,denlow investment trust  beenext,2016,December
2256,2256,2016-12-19,NoBroker,Consumer Internet,Rental property search portal,Bangalore,Private Equity,69.708,digital garage,digital garage inc,2016,December
2257,2257,2016-12-20,VivoCarat,eCommerce,Online jewellery marketplace,Mumbai,Seed Funding,0.471,undisclosed,undisclosed,2016,December
2258,2258,2016-12-20,Tiyo,Consumer Internet,Doctor Search Mobile App,Kolkata,Seed Funding,0.0,ajith nair,ajith sukumaran,2016,December
2259,2259,2016-12-20,Zoomcar,Consumer Internet,Self-Driven Cab booking platform,Bangalore,Private Equity,0.0,cyber carrier cl,cyber carrier,2016,December
2260,2260,2016-12-20,BYJU'S,Consumer Internet,Online Learning platform,Bangalore,Private Equity,141.3,international financial corporation,international finance corporation,2016,December
2261,2261,2016-12-21,Supr Daily,Consumer Internet,Daily Subscription based Delivery service,Mumbai,Seed Funding,0.0,dr apoorv ranjan sharma,apoorv ranjan sharma,2016,December
2262,2262,2016-12-21,Supr Daily,Consumer Internet,Daily Subscription based Delivery service,Mumbai,Seed Funding,0.0,anil jain,il,2016,December
2263,2263,2016-12-21,Supr Daily,Consumer Internet,Daily Subscription based Delivery service,Mumbai,Seed Funding,0.0,anuj golecha,anuj golecha,2016,December
2264,2264,2016-12-21,Supr Daily,Consumer Internet,Daily Subscription based Delivery service,Mumbai,Seed Funding,0.0,krishna jhunjhunwala,krishna jhunjhunwaala,2016,December
2265,2265,2016-12-21,Supr Daily,Consumer Internet,Daily Subscription based Delivery service,Mumbai,Seed Funding,0.0,anirudh damani,radhakrishan damani  rakesh jhunjhunwala,2016,December
2266,2266,2016-12-21,The BlueBook,Consumer Internet,online to offline marketing platform,Bangalore,Seed Funding,4.71,indian angel network,india quotient  letsventures angel fund,2016,December
2267,2267,2016-12-21,The BlueBook,Consumer Internet,online to offline marketing platform,Bangalore,Seed Funding,4.71,lets venture,letsventure,2016,December
2268,2268,2016-12-21,MamaEarth,eCommerce,Babycare Products seller,New Delhi,Seed Funding,0.0,fireside ventures,healthquad  fireside ventures,2016,December
2269,2269,2016-12-21,MamaEarth,eCommerce,Babycare Products seller,New Delhi,Seed Funding,0.0,others,other,2016,December
2270,2270,2016-12-21,Vegetall,eCommerce,Online Vegetable eTailer,Chennai,Seed Funding,1.52604,the chennai angels,chennai angels,2016,December
2271,2271,2016-12-22,Innoplexus,Technology,Data as a Service Provider,Pune,Private Equity,0.0,hcs venture capital fund,sidbi venture capital fund,2016,December
2272,2272,2016-12-22,Mindler,Consumer Internet,Career Planning & Assessment platform,New Delhi,Seed Funding,3.05208,taxmann,m,2016,December
2273,2273,2016-12-22,MCaffeine,eCommerce,Personal care product etailer,Bangalore,Seed Funding,2.826,kaushal agarwal,akash agarwal,2016,December
2274,2274,2016-12-22,MCaffeine,eCommerce,Personal care product etailer,Bangalore,Seed Funding,2.826,harminder sahani,harminder sahni,2016,December
2275,2275,2016-12-22,MCaffeine,eCommerce,Personal care product etailer,Bangalore,Seed Funding,2.826,kk mehra,m,2016,December
2276,2276,2016-12-22,MCaffeine,eCommerce,Personal care product etailer,Bangalore,Seed Funding,2.826,pranay jivrajka,pranay jivrajka,2016,December
2277,2277,2016-12-22,MCaffeine,eCommerce,Personal care product etailer,Bangalore,Seed Funding,2.826,navjot saini,navjot saini,2016,December
2278,2278,2016-12-23,enKast,Technology,Cloud based CRM for Agencies,Bangalore,Private Equity,18.84,ivy league alumni angel network,indian angel network,2016,December
2279,2279,2016-12-23,ShopKirana,eCommerce,B2B platform for Merchants & Retailers,Indore,Private Equity,0.0,incubate fund,incubate fund india,2016,December
2280,2280,2016-12-23,ShopKirana,eCommerce,B2B platform for Merchants & Retailers,Indore,Private Equity,0.0,lead angels group,lead angels,2016,December
2281,2281,2016-12-23,ShopKirana,eCommerce,B2B platform for Merchants & Retailers,Indore,Private Equity,0.0,others,other,2016,December
2282,2282,2016-12-23,MyAdvo,Consumer Internet,Legal Advice Platform,New Delhi,Seed Funding,0.0,pradyumna dalmia,pradyumna dalmia,2016,December
2283,2283,2016-12-23,MyAdvo,Consumer Internet,Legal Advice Platform,New Delhi,Seed Funding,0.0,s somasegar,s gopal,2016,December
2284,2284,2016-12-23,MyAdvo,Consumer Internet,Legal Advice Platform,New Delhi,Seed Funding,0.0,others,other,2016,December
2285,2285,2016-12-23,Asocon,Technology,Process management startup,Noida,Seed Funding,0.0,quarizon,quarizon consultancy services llp,2016,December
2286,2286,2016-12-23,LexComply,Consumer Internet,Compliance Management Software,New Delhi,Seed Funding,0.0,ajay relan,ajay relan  vinay mittal,2016,December
2287,2287,2016-12-26,The Postbox,eCommerce,Art & Lifestyle ECommerce Store,Chennai,Seed Funding,0.0,the chennai angels,chennai angels,2016,December
2288,2288,2016-12-26,The Postbox,eCommerce,Art & Lifestyle ECommerce Store,Chennai,Seed Funding,0.0,ritesh mehta,innov8 founder ritesh malik,2016,December
2289,2289,2016-12-26,The Postbox,eCommerce,Art & Lifestyle ECommerce Store,Chennai,Seed Funding,0.0,aruna ganesh ram,rajeev arora  ram ramsundar,2016,December
2290,2290,2016-12-26,Pandorum Technologies,Technology,3D printed experimental Human Liver tissue creator,Bangalore,Seed Funding,0.0,sachin bansal,axilor ventures  binny bansal,2016,December
2291,2291,2016-12-26,Pandorum Technologies,Technology,3D printed experimental Human Liver tissue creator,Bangalore,Seed Funding,0.0,binny bansal,bunny bansal,2016,December
2292,2292,2016-12-26,Dekkho,Consumer Internet,Video Streaming platform,Mumbai,Seed Funding,11.304,undisclosed,undisclosed,2016,December
2293,2293,2016-12-26,Shadowfox,Logistics,On-Demand Delivery Service,Gurgaon,Private Equity,94.2,eight roads ventures,eight road ventures,2016,December
2294,2294,2016-12-27,ShopX,eCommerce,SAAS ECommerce Retail app,Bangalore,Private Equity,47.1,nan nilekani,il,2016,December
2295,2295,2016-12-28,BookEventz,Consumer Internet,Online event-booking platform,Mumbai,Seed Funding,0.0,lead angels,lead angels network,2016,December
2296,2296,2016-12-28,BookEventz,Consumer Internet,Online event-booking platform,Mumbai,Seed Funding,0.0,mumbai angels,mumbai angel,2016,December
2297,2297,2016-12-28,BookEventz,Consumer Internet,Online event-booking platform,Mumbai,Seed Funding,0.0,letsventure,lets venture,2016,December
2298,2298,2016-12-28,BookEventz,Consumer Internet,Online event-booking platform,Mumbai,Seed Funding,0.0,girish mathrubootham,girish matrubootham,2016,December
2299,2299,2016-12-28,BookEventz,Consumer Internet,Online event-booking platform,Mumbai,Seed Funding,0.0,indian angel network,india quotient  letsventures angel fund,2016,December
2300,2300,2016-12-29,Healthifyme,Consumer Internet,Fitness Mobile App,Bangalore,Private Equity,9.42,nb ventures,sb ventures,2016,December
2301,2301,2016-12-29,LetsMD,Consumer Internet,Healthcare plan comparison platform,New Delhi,Seed Funding,0.0,waterbridge ventures,waterbridge ventures  thinkuvate,2016,December
2302,2302,2016-12-29,Justbooks,Consumer Internet,Library Chain Aggregator,Bangalore,Seed Funding,0.0,cocreate ventures,breakthrough energy ventures,2016,December
2303,2303,2016-12-30,InstantPay,Consumer Internet,Digital payments & recharge platform,New Delhi,Private Equity,0.0,rb investments,rb investments pte ltd,2016,December
2304,2304,2016-12-30,InstantPay,Consumer Internet,Digital payments & recharge platform,New Delhi,Private Equity,0.0,xc2xa0 kaleden holdings,xc2xa0,2016,December
2305,2305,2016-11-01,PickMyLaundry,Consumer Internet,On-Demand Washing & Dry Cleaning Services,New Delhi,Seed Funding,1.884,kedar lele,kedar lele,2016,November
2306,2306,2016-11-01,PickMyLaundry,Consumer Internet,On-Demand Washing & Dry Cleaning Services,New Delhi,Seed Funding,1.884,accel,accel,2016,November
2307,2307,2016-11-02,FreshDesk,Consumer Internet,SAAS Based HelpDesk Services,Chennai,Private Equity,518.1,sequoia capital,quona capital,2016,November
2308,2308,2016-11-02,FreshDesk,Consumer Internet,SAAS Based HelpDesk Services,Chennai,Private Equity,518.1,accel,accel,2016,November
2309,2309,2016-11-02,LaundryAnna,Consumer Internet,On-Demand Washing & Dry Cleaning Services,Bangalore,Seed Funding,1.413,undisclosed,undisclosed,2016,November
2310,2310,2016-11-02,LetsMD,Consumer Internet,Healthcare Services Comparison Platform,New Delhi,Seed Funding,0.0,calcutta angels network,calcutta angel network,2016,November
2311,2311,2016-11-02,LetsMD,Consumer Internet,Healthcare Services Comparison Platform,New Delhi,Seed Funding,0.0,letsventure,lets venture,2016,November
2312,2312,2016-11-02,LetsMD,Consumer Internet,Healthcare Services Comparison Platform,New Delhi,Seed Funding,0.0,anupam mittal,ajay relan  vinay mittal,2016,November
2313,2313,2016-11-02,LetsMD,Consumer Internet,Healthcare Services Comparison Platform,New Delhi,Seed Funding,0.0,currae healthtech fund,india quotient  letsventures angel fund,2016,November
2314,2314,2016-11-02,Sattviko,Food & Beverage,Health Food Restaurant Chain,New Delhi,Seed Funding,0.0,raman roy,raman roy,2016,November
2315,2315,2016-11-02,Sattviko,Food & Beverage,Health Food Restaurant Chain,New Delhi,Seed Funding,0.0,ashish gupta,sunil goyal ashish gupta,2016,November
2316,2316,2016-11-02,Sattviko,Food & Beverage,Health Food Restaurant Chain,New Delhi,Seed Funding,0.0,yogesh andlay,yogesh andlay,2016,November
2317,2317,2016-11-02,Sattviko,Food & Beverage,Health Food Restaurant Chain,New Delhi,Seed Funding,0.0,vaibhav jain,aj ventures  jain international trade organisation jito,2016,November
2318,2318,2016-11-03,Zarget,Technology,SaaS-based web optimisation and marketing platform,Chennai,Private Equity,56.52,sequoia capital,quona capital,2016,November
2319,2319,2016-11-03,DoSelect,Consumer Internet,Skill Showcasing platform,Bangalore,Seed Funding,0.0,3one4 capital,trifecta capital advisors,2016,November
2320,2320,2016-11-03,DoSelect,Consumer Internet,Skill Showcasing platform,Bangalore,Seed Funding,0.0,mumbai angels,mumbai angel,2016,November
2321,2321,2016-11-03,DoSelect,Consumer Internet,Skill Showcasing platform,Bangalore,Seed Funding,0.0,aarin capital,xc2xa0 aarin capital,2016,November
2322,2322,2016-11-03,EasyPolicy,Consumer Internet,Online insurance Portal,Noida,Private Equity,94.2,unilazer ventures,unilazer,2016,November
2323,2323,2016-11-04,Browntape,Technology,cloud-based software solutions company,Goa,Private Equity,0.0,gati ltd,spring canter investment ltd,2016,November
2324,2324,2016-11-04,Connect India,Logistics,Last mile Delivery Network,Bangalore,Private Equity,9.42,aavishkaar venture management,aavishkaar,2016,November
2325,2325,2016-11-04,Corseco,Technology,AI-based Software as a Service Solution provider,New Delhi,Seed Funding,1.413,ameera shah,myntra  mitesh shah finance chief,2016,November
2326,2326,2016-11-04,Corseco,Technology,AI-based Software as a Service Solution provider,New Delhi,Seed Funding,1.413,vivek bhargava,xc2xa0 vivek bhargava,2016,November
2327,2327,2016-11-04,vImmune,Consumer Internet,Immunisation Management Platform,Bangalore,Seed Funding,0.0,undisclosed,undisclosed,2016,November
2328,2328,2016-11-04,The Gourmet Jar,eCommerce,Gourmet Food etailer,Noida,Seed Funding,0.0,chigarh angels network,chigarh angels network can,2016,November
2329,2329,2016-11-05,Medzin,eCommerce,Online ordering & Delivery of medicines,New Delhi,Seed Funding,0.4239,a m siker,a dutch government fund,2016,November
2330,2330,2016-11-05,Bizongo,eCommerce,Packaging Material Marketplace,Mumbai,Private Equity,28.26,idg ventures,idg venture,2016,November
2331,2331,2016-11-05,Bizongo,eCommerce,Packaging Material Marketplace,Mumbai,Private Equity,28.26,accel,accel,2016,November
2332,2332,2016-11-07,Rivigo,Technology,Technology based Logistics platform,Gurgaon,Private Equity,706.5,warburg pincus,wargburg pincus,2016,November
2333,2333,2016-11-07,JustRide,Consumer Internet,Online Car Sharing platform,Mumbai,Private Equity,28.26,justin kan,justin kan,2016,November
2334,2334,2016-11-07,JustRide,Consumer Internet,Online Car Sharing platform,Mumbai,Private Equity,28.26,qasar younis,you,2016,November
2335,2335,2016-11-07,JustRide,Consumer Internet,Online Car Sharing platform,Mumbai,Private Equity,28.26,paul bucche,josh talks founders supriya paul  shobha banga,2016,November
2336,2336,2016-11-07,JustRide,Consumer Internet,Online Car Sharing platform,Mumbai,Private Equity,28.26,susa ventures,usa,2016,November
2337,2337,2016-11-07,JustRide,Consumer Internet,Online Car Sharing platform,Mumbai,Private Equity,28.26,kima ventures,kemark ventures,2016,November
2338,2338,2016-11-07,JustRide,Consumer Internet,Online Car Sharing platform,Mumbai,Private Equity,28.26,axan venture,sprout venture partners,2016,November
2339,2339,2016-11-07,JustRide,Consumer Internet,Online Car Sharing platform,Mumbai,Private Equity,28.26,scm holdings,sc gg india mobility holdings llc,2016,November
2340,2340,2016-11-09,IIM Jobs,Consumer Internet,Online Job Portal,New Delhi,Private Equity,18.84,india quotient,india quotient  letsventures angel fund,2016,November
2341,2341,2016-11-09,Square Yards,Consumer Internet,Online Property Search Portal,Gurgaon,Private Equity,113.04,indian angel network,india quotient  letsventures angel fund,2016,November
2342,2342,2016-11-10,GolfLAN,Consumer Internet,Golf Session Online Bookings platform,New Delhi,Private Equity,9.42,yournest angel fund,you,2016,November
2343,2343,2016-11-10,GolfLAN,Consumer Internet,Golf Session Online Bookings platform,New Delhi,Private Equity,9.42,ison,ison,2016,November
2344,2344,2016-11-10,Yottaasys,Technology,Data Sciences platform,Bangalore,Private Equity,0.0,gleevoaz ventures,breakthrough energy ventures,2016,November
2345,2345,2016-11-10,Tone Tag,Technology,Contactless Payment Solution,Bangalore,Private Equity,0.0,arun seth,arun venkatachalam,2016,November
2346,2346,2016-11-10,Tone Tag,Technology,Contactless Payment Solution,Bangalore,Private Equity,0.0,tv mohas pai,t v mohas pai,2016,November
2347,2347,2016-11-10,Tone Tag,Technology,Contactless Payment Solution,Bangalore,Private Equity,0.0,an chrasekaran,ping an global voyager fund,2016,November
2348,2348,2016-11-10,Tone Tag,Technology,Contactless Payment Solution,Bangalore,Private Equity,0.0,deepak ghaisas,deepak ghaisas,2016,November
2349,2349,2016-11-11,Life in Control,Consumer Internet,Online Diabetes Management platform,Gurgaon,Private Equity,0.0,roundglass partners,roundglass partners llc,2016,November
2350,2350,2016-11-14,Active.ai,Technology,Banking & Fintech Platform,Singapore,Private Equity,28.26,kalaari capital,romulus capital  kalaari capital,2016,November
2351,2351,2016-11-14,Active.ai,Technology,Banking & Fintech Platform,Singapore,Private Equity,28.26,idg ventures india,dg ventures india,2016,November
2352,2352,2016-11-14,ElasticRun,Technology,Tech driven Logistic & distribution platform,Pune,Private Equity,18.84,kalaari capital,romulus capital  kalaari capital,2016,November
2353,2353,2016-11-14,ElasticRun,Technology,Tech driven Logistic & distribution platform,Pune,Private Equity,18.84,norwest venture partners,rwe,2016,November
2354,2354,2016-11-15,NoBroker,Consumer Internet,Online Rental discovery,Bangalore,Seed Funding,0.0,vijay shekhar sharma,nishit sharma,2016,November
2355,2355,2016-11-15,Zefo,eCommerce,Used Furniture & Appliances Marketplace,Bangalore,Private Equity,56.52,sequoia capital,quona capital,2016,November
2356,2356,2016-11-15,Zefo,eCommerce,Used Furniture & Appliances Marketplace,Bangalore,Private Equity,56.52,beenext,denlow investment trust  beenext,2016,November
2357,2357,2016-11-15,Zefo,eCommerce,Used Furniture & Appliances Marketplace,Bangalore,Private Equity,56.52,helion ventures,helion venture,2016,November
2358,2358,2016-11-15,PlaySimple,Technology,Mobile Gaming portal,Bangalore,Private Equity,37.68,saif partners,saif partners  lgt impact ventures,2016,November
2359,2359,2016-11-15,PlaySimple,Technology,Mobile Gaming portal,Bangalore,Private Equity,37.68,idg ventures india,dg ventures india,2016,November
2360,2360,2016-11-16,Stasis Labs,Technology,Cloud based\\xc2\\xa0 health monitoring platform,Bangalore,Private Equity,47.1,rtphc,rtphc,2016,November
2361,2361,2016-11-16,Stasis Labs,Technology,Cloud based\\xc2\\xa0 health monitoring platform,Bangalore,Private Equity,47.1,wonder ventures,breakthrough energy ventures,2016,November
2362,2362,2016-11-16,Stasis Labs,Technology,Cloud based\\xc2\\xa0 health monitoring platform,Bangalore,Private Equity,47.1,techstars ventures,techstars,2016,November
2363,2363,2016-11-16,Stasis Labs,Technology,Cloud based\\xc2\\xa0 health monitoring platform,Bangalore,Private Equity,47.1,others,other,2016,November
2364,2364,2016-11-17,Scienaptic,Technology,Data Analytics platform,Bangalore,Seed Funding,0.0,pramod bhasin,pramod bhasin,2016,November
2365,2365,2016-11-17,Koovs,eCommerce,Fashion eTailer,New Delhi,Private Equity,127.17,times of india group,manipal education  medical group memg,2016,November
2366,2366,2016-11-17,Koovs,eCommerce,Fashion eTailer,New Delhi,Private Equity,127.17,existing investors,valpro capital  existing investors,2016,November
2367,2367,2016-11-17,Lawrato,Consumer Internet,Free Legal Advice,New Delhi,Seed Funding,0.0,indian angel network,india quotient  letsventures angel fund,2016,November
2368,2368,2016-11-17,Trip Tap Toe,Consumer Internet,Online Travel Portal,Gurgaon,Seed Funding,0.0,rs sharma,vijay shekhar sharma,2016,November
2369,2369,2016-11-17,Pictor Imaging,Consumer Internet,Product Photography Mobile App,Mumbai,Seed Funding,1.38474,quarizon,quarizon consultancy services llp,2016,November
2370,2370,2016-11-18,GramCover,Finance,Insurance Marketplace for the Rural Sector,New Delhi,Seed Funding,9.42,omnivore capital,omnivore,2016,November
2371,2371,2016-11-18,AerMed,eCommerce,Online Pharmacy,Mumbai,Seed Funding,0.0,hitesh windlass,hitesh windlass,2016,November
2372,2372,2016-11-18,WorkIndia,Consumer Internet,Job Board for Clue Collar Jobs,Mumbai,Seed Funding,0.0,asuka holdings,asuka,2016,November
2373,2373,2016-11-21,Bats on delivery,Consumer Internet,"Online food, Grocery ordering & Delivery",Gurgaon,Seed Funding,0.8478,devdeep singh,imanpreet singh arora,2016,November
2374,2374,2016-11-21,numberz.in,Technology,Cash Flow Management Solution for Businesses,Gurgaon,Seed Funding,6.123,kae capital,vc firms india quotient  kae capital,2016,November
2375,2375,2016-11-21,numberz.in,Technology,Cash Flow Management Solution for Businesses,Gurgaon,Seed Funding,6.123,khosla impact,saif partners  lgt impact ventures,2016,November
2376,2376,2016-11-22,Housing.com,Consumer Internet,Real Estate Portal,Mumbai,Private Equity,47.1,softbank,softbank,2016,November
2377,2377,2016-11-22,Awesummly,Consumer Internet,Short News Mobile App,Bangalore,Seed Funding,1.38474,vivek bhargava,xc2xa0 vivek bhargava,2016,November
2378,2378,2016-11-22,Awesummly,Consumer Internet,Short News Mobile App,Bangalore,Seed Funding,1.38474,ameera shah,myntra  mitesh shah finance chief,2016,November
2379,2379,2016-11-22,VoLT,Consumer Internet,Ed-Tech Platform,Mumbai,Seed Funding,0.0,yms mobitech,yms mobitech,2016,November
2380,2380,2016-11-22,Vymo,Technology,SaaS-based predictive analytics platform,Bangalore,Private Equity,47.1,sequoia capital,quona capital,2016,November
2381,2381,2016-11-22,ShubhLoans,Technology,Consumer Finance & Credit Score platform,Bangalore,Seed Funding,0.0,sanjai vohra,sanjai vohra,2016,November
2382,2382,2016-11-22,ShubhLoans,Technology,Consumer Finance & Credit Score platform,Bangalore,Seed Funding,0.0,v bunty bohra,al nour international holdings  mark v investments,2016,November
2383,2383,2016-11-22,Noddapp,Consumer Internet,App based networking platform,Mumbai,Seed Funding,1.38474,undisclosed,undisclosed,2016,November
2384,2384,2016-11-23,Knowlarity,Consumer Internet,Cloud Telephony Platform,Bangalore,Private Equity,188.4,delta partners,sprout venture partners,2016,November
2385,2385,2016-11-23,Knowlarity,Consumer Internet,Cloud Telephony Platform,Bangalore,Private Equity,188.4,sequoia capital,quona capital,2016,November
2386,2386,2016-11-23,Knowlarity,Consumer Internet,Cloud Telephony Platform,Bangalore,Private Equity,188.4,xc2xa0 mayfield,mayfield,2016,November
2387,2387,2016-11-23,Knowlarity,Consumer Internet,Cloud Telephony Platform,Bangalore,Private Equity,188.4,blacksoil,il,2016,November
2388,2388,2016-11-23,Knowlarity,Consumer Internet,Cloud Telephony Platform,Bangalore,Private Equity,188.4,trifecta capital,trifecta capital advisors,2016,November
2389,2389,2016-11-23,Infisecure,Technology,Bot Protection Solutions,Mumbai,Seed Funding,5.652,idg ventures,idg venture,2016,November
2390,2390,2016-11-23,Infisecure,Technology,Bot Protection Solutions,Mumbai,Seed Funding,5.652,axilor ventures,axilor,2016,November
2391,2391,2016-11-23,Udaan,eCommerce,B2B Marketplace,Bangalore,Private Equity,94.2,lightspeed venture partners india,lightspeed india partners,2016,November
2392,2392,2016-11-23,Udaan,eCommerce,B2B Marketplace,Bangalore,Private Equity,94.2,lightspeed us,lightspeed,2016,November
2393,2393,2016-11-24,OYO Rooms,Consumer Internet,Fitness Discovery Platform,Indore,Seed Funding,0.0,dr pooja ghi,dr aniruddha malpani,2016,November
2394,2394,2016-11-24,Betterplace,Consumer Internet,Background Verification Services,Bangalore,Seed Funding,0.0,venture highway,y combinator  venture highway,2016,November
2395,2395,2016-11-24,ShareChat,Consumer Internet,Local Language Social Networking Platform,Mumbai,Private Equity,37.68,lightspeed india partners,lightspeed venture partners india,2016,November
2396,2396,2016-11-24,ShareChat,Consumer Internet,Local Language Social Networking Platform,Mumbai,Private Equity,37.68,saif partners,saif partners  lgt impact ventures,2016,November
2397,2397,2016-11-24,ShareChat,Consumer Internet,Local Language Social Networking Platform,Mumbai,Private Equity,37.68,india quotient,india quotient  letsventures angel fund,2016,November
2398,2398,2016-11-24,ShareChat,Consumer Internet,Local Language Social Networking Platform,Mumbai,Private Equity,37.68,venture highway,y combinator  venture highway,2016,November
2399,2399,2016-11-24,UClean,Consumer Internet,Tech Enabled Laundry Service Provider,Gurgaon,Private Equity,0.0,franchise india,franchise india brs,2016,November
2400,2400,2016-11-24,Servify,Consumer Internet,Personal Device Assistant App,Mumbai,Private Equity,0.0,blume ventures,blume ventures  rtp global,2016,November
2401,2401,2016-11-24,Servify,Consumer Internet,Personal Device Assistant App,Mumbai,Private Equity,0.0,beenext,denlow investment trust  beenext,2016,November
2402,2402,2016-11-24,Servify,Consumer Internet,Personal Device Assistant App,Mumbai,Private Equity,0.0,barkawi holdings gmbh,sc gg india mobility holdings llc,2016,November
2403,2403,2016-11-24,Servify,Consumer Internet,Personal Device Assistant App,Mumbai,Private Equity,0.0,tm service technology holdings gmbh,deshe holdings,2016,November
2404,2404,2016-11-24,Servify,Consumer Internet,Personal Device Assistant App,Mumbai,Private Equity,0.0,sreevathsa prabhakar,prabhakar mr,2016,November
2405,2405,2016-11-25,Hubilo,Consumer Internet,End-to-end Event Organizers Solutions,Ahmedabad,Seed Funding,0.0,girish mathrubootham,girish matrubootham,2016,November
2406,2406,2016-11-25,Hubilo,Consumer Internet,End-to-end Event Organizers Solutions,Ahmedabad,Seed Funding,0.0,vc karthic,vc samsung next,2016,November
2407,2407,2016-11-25,Hubilo,Consumer Internet,End-to-end Event Organizers Solutions,Ahmedabad,Seed Funding,0.0,miten mehta,seep mehta family office,2016,November
2408,2408,2016-11-25,Hubilo,Consumer Internet,End-to-end Event Organizers Solutions,Ahmedabad,Seed Funding,0.0,umasankar nistala,umasankar nistala,2016,November
2409,2409,2016-11-25,Hubilo,Consumer Internet,End-to-end Event Organizers Solutions,Ahmedabad,Seed Funding,0.0,rakesh patel,kunal shah  manish patel,2016,November
2410,2410,2016-11-25,Hubilo,Consumer Internet,End-to-end Event Organizers Solutions,Ahmedabad,Seed Funding,0.0,akash bhavsar,akash bhavsar,2016,November
2411,2411,2016-11-25,Hubilo,Consumer Internet,End-to-end Event Organizers Solutions,Ahmedabad,Seed Funding,0.0,jeevanhan rajagopal,jeevanhan rajagopal,2016,November
2412,2412,2016-11-25,Hubilo,Consumer Internet,End-to-end Event Organizers Solutions,Ahmedabad,Seed Funding,0.0,vikas chadha,s ch,2016,November
2413,2413,2016-11-25,Hubilo,Consumer Internet,End-to-end Event Organizers Solutions,Ahmedabad,Seed Funding,0.0,others,other,2016,November
2414,2414,2016-11-25,FunOnGo,Consumer Internet,Digital Media Content and Distribution platform,Mumbai,Private Equity,0.0,indian angel network,india quotient  letsventures angel fund,2016,November
2415,2415,2016-11-25,121Policy,Consumer Internet,Online Insurance Platform,Kolkata,Seed Funding,0.0,xelpmoc,m,2016,November
2416,2416,2016-11-26,TapChief,Consumer Internet,Professional Expert Advice Platform,Bangalore,Seed Funding,0.0,paytm,m,2016,November
2417,2417,2016-11-26,TapChief,Consumer Internet,Professional Expert Advice Platform,Bangalore,Seed Funding,0.0,aprameya radhakrishna,aprameya radhakrishnan,2016,November
2418,2418,2016-11-26,TapChief,Consumer Internet,Professional Expert Advice Platform,Bangalore,Seed Funding,0.0,subramanya venkat,venk,2016,November
2419,2419,2016-11-26,TapChief,Consumer Internet,Professional Expert Advice Platform,Bangalore,Seed Funding,0.0,venk krishnan,venk krishna,2016,November
2420,2420,2016-11-28,Kloseby,Consumer Internet,proximity based\\xc2\\xa0 Rewards platform,Bangalore,Seed Funding,0.942,undisclosed,undisclosed,2016,November
2421,2421,2016-11-28,WholeSaleBox,eCommerce,B2B Wholesale Apparel Marketplace,Jaipur,Private Equity,18.84,manish maheshwari,amrendra reddy  manish satnaliwala,2016,November
2422,2422,2016-11-28,WholeSaleBox,eCommerce,B2B Wholesale Apparel Marketplace,Jaipur,Private Equity,18.84,indian angel network,india quotient  letsventures angel fund,2016,November
2423,2423,2016-11-29,Crossahead,Consumer Internet,Creative Artists Discovery & Booking platform,Noida,Seed Funding,0.0,mohit sharma,vijay shekhar sharma,2016,November
2424,2424,2016-11-29,Affordplan,Consumer Internet,Savings platform for Medical Expenses,New Delhi,Private Equity,28.26,prime venture partners,prime venture partners  others,2016,November
2425,2425,2016-11-29,Affordplan,Consumer Internet,Savings platform for Medical Expenses,New Delhi,Private Equity,28.26,kalaari capital,romulus capital  kalaari capital,2016,November
2426,2426,2016-11-30,HandyTrain,Consumer Internet,Mobile App for SAAS based Training,Goa,Private Equity,9.42,silver range investments,rb investments,2016,November
2427,2427,2016-11-30,HandyTrain,Consumer Internet,Mobile App for SAAS based Training,Goa,Private Equity,9.42,lumina datamatics,lumina datamatics,2016,November
2428,2428,2016-11-30,HandyTrain,Consumer Internet,Mobile App for SAAS based Training,Goa,Private Equity,9.42,shun yoshida,shun yoshida,2016,November
2429,2429,2016-11-30,HandyTrain,Consumer Internet,Mobile App for SAAS based Training,Goa,Private Equity,9.42,others,other,2016,November
2430,2430,2016-11-30,ShopsUp,eCommerce,Hyperlocal Shopping App,Bangalore,Seed Funding,9.07146,an sankeshwar,ping an global voyager fund,2016,November
2431,2431,2016-11-30,ShopsUp,eCommerce,Hyperlocal Shopping App,Bangalore,Seed Funding,9.07146,yang shu,sequoia  jerry yang,2016,November
2432,2432,2016-11-30,Indofash,eCommerce,Ethnic Indian Fashion Marketplace,Bangalore,Seed Funding,1.413,shekhar sahu,vijay shekhar sharma,2016,November
2433,2433,2016-11-30,Indofash,eCommerce,Ethnic Indian Fashion Marketplace,Bangalore,Seed Funding,1.413,nitesh pant,nitesh pant,2016,November
2434,2434,2016-11-30,Entropika,Technology,"AI, Machine learning Solutions",Bangalore,Seed Funding,1.884,dileep bhatt,il,2016,November
2435,2435,2016-11-30,Entropika,Technology,"AI, Machine learning Solutions",Bangalore,Seed Funding,1.884,milind chaudhary,il,2016,November
2436,2436,2016-11-30,MarianaIQ,Technology,AI-driven B2B marketing platform,Bangalore,Private Equity,18.84,exfinity venture partners,exfinity venture,2016,November
2437,2437,2016-11-30,Chai Thela,Food & Beverage,Quick Service Restaurants,Noida,Seed Funding,2.05356,quarizon,quarizon consultancy services llp,2016,November
2438,2438,2016-11-30,Interviewpad,Technology,Engineering Interview facilitation platform,Pune,Seed Funding,0.942,krishna rokhale,xc2xa0 balamurali krishna,2016,November
2439,2439,2016-11-30,Math Buddy,Consumer Internet,Online Math Learn,Vadodara,Seed Funding,4.1448,menterra social impact fund,vertex growth fund,2016,November
2440,2440,2016-11-30,Pulse,Consumer Internet,Campus Social Networking App,Bangalore,Private Equity,4.71,saif partners,saif partners  lgt impact ventures,2016,November
2441,2441,2016-11-30,MonkeyBox,Consumer Internet,Healthy Food Delivery platform,Bangalore,Seed Funding,0.0,blume ventures,blume ventures  rtp global,2016,November
2442,2442,2016-11-30,MonkeyBox,Consumer Internet,Healthy Food Delivery platform,Bangalore,Seed Funding,0.0,others,other,2016,November
2443,2443,2016-11-30,Carcrew.in,Consumer Internet,Online Car repair Marketplace,Mumbai,Seed Funding,4.71,tvs group,manipal education  medical group memg,2016,November
2444,2444,2016-10-03,MeraKisan,eCommerce,Fruit & vegetable eTailer,Bangalore,Seed Funding,0.0,mahindra univeg,mahindra,2016,October
2445,2445,2016-10-03,Mystifly,Consumer Internet,Airline Ticket Aggregator,Bangalore,Private Equity,47.1,recruit holdings,sc gg india mobility holdings llc,2016,October
2446,2446,2016-10-03,HelpChat,Consumer Internet,AI Powered Content & Commerce platform,Bangalore,Private Equity,0.0,american express ventures,american express,2016,October
2447,2447,2016-10-03,HelpChat,Consumer Internet,AI Powered Content & Commerce platform,Bangalore,Private Equity,0.0,sequoia capital,quona capital,2016,October
2448,2448,2016-10-03,Uniphore,Technology,Speech Recognition Solutions,Chennai,Private Equity,18.84,idg ventures,idg venture,2016,October
2449,2449,2016-10-03,Uniphore,Technology,Speech Recognition Solutions,Chennai,Private Equity,18.84,indian angel network,india quotient  letsventures angel fund,2016,October
2450,2450,2016-10-03,Uniphore,Technology,Speech Recognition Solutions,Chennai,Private Equity,18.84,yournest angel fund,you,2016,October
2451,2451,2016-10-03,World Art Community,eCommerce,Art & Craft Marketplace,Gurgaon,Seed Funding,1.884,viraj tyagi,viraj tyagi,2016,October
2452,2452,2016-10-03,World Art Community,eCommerce,Art & Craft Marketplace,Gurgaon,Seed Funding,1.884,others,other,2016,October
2453,2453,2016-10-04,Giftxoxo,eCommerce,Online Gifting platform,Bangalore,Private Equity,4.239,mahindra holidays,mahindra,2016,October
2454,2454,2016-10-04,Giftxoxo,eCommerce,Online Gifting platform,Bangalore,Private Equity,4.239,resorts india ltd,spring canter investment ltd,2016,October
2455,2455,2016-10-04,Bharat Bazaar,eCommerce,Online B2B Marketplace,Mumbai,Seed Funding,0.0,beenext,denlow investment trust  beenext,2016,October
2456,2456,2016-10-04,Bharat Bazaar,eCommerce,Online B2B Marketplace,Mumbai,Seed Funding,0.0,tv mohas pai,t v mohas pai,2016,October
2457,2457,2016-10-04,Bharat Bazaar,eCommerce,Online B2B Marketplace,Mumbai,Seed Funding,0.0,kunal shah,kunal shah  manish patel,2016,October
2458,2458,2016-10-04,Bharat Bazaar,eCommerce,Online B2B Marketplace,Mumbai,Seed Funding,0.0,seep ton,xc2xa0 seep ton,2016,October
2459,2459,2016-10-04,GOQii,Consumer Internet,Health & Fitness Wearable Device,Mumbai,Private Equity,0.0,ratan tata,rata tata,2016,October
2460,2460,2016-10-04,India Gifts Portal,eCommerce,Online Gifting platform,Noida,Private Equity,18.84,naveen arya,naveen arya,2016,October
2461,2461,2016-10-04,India Gifts Portal,eCommerce,Online Gifting platform,Noida,Private Equity,18.84,tarun joshi,professor tarun khanna,2016,October
2462,2462,2016-10-04,Moglix,eCommerce,Industrial & Home products marketplace,Noida,Private Equity,39.564,accel,accel,2016,October
2463,2463,2016-10-04,Moglix,eCommerce,Industrial & Home products marketplace,Noida,Private Equity,39.564,jungle ventures,lakestar  jungle ventures,2016,October
2464,2464,2016-10-04,Moglix,eCommerce,Industrial & Home products marketplace,Noida,Private Equity,39.564,seedplus,seedplus,2016,October
2465,2465,2016-10-04,NetLinx,Consumer Internet,Internet Service Provider,Hyderabad,Private Equity,28.26,xchange investors nv,lasmer nv,2016,October
2466,2466,2016-10-04,NetLinx,Consumer Internet,Internet Service Provider,Hyderabad,Private Equity,28.26,transglobal fzc,transglobal fzc,2016,October
2467,2467,2016-10-04,Scandid,Consumer Internet,Product Shopping Comparison App,Pune,Private Equity,0.0,3one4 capital,trifecta capital advisors,2016,October
2468,2468,2016-10-04,Remitr,Consumer Internet,Foreign Currency Payments Platform,Mumbai,Seed Funding,9.42,vijay shekhar sharma,nishit sharma,2016,October
2469,2469,2016-10-04,Remitr,Consumer Internet,Foreign Currency Payments Platform,Mumbai,Seed Funding,9.42,pravin ghi,pravin agarwala,2016,October
2470,2470,2016-10-04,Remitr,Consumer Internet,Foreign Currency Payments Platform,Mumbai,Seed Funding,9.42,xc2xa0 smart start fund kunal shah,kunal shah,2016,October
2471,2471,2016-10-04,Remitr,Consumer Internet,Foreign Currency Payments Platform,Mumbai,Seed Funding,9.42,xc2xa0 seep ton,seep ton,2016,October
2472,2472,2016-10-04,Remitr,Consumer Internet,Foreign Currency Payments Platform,Mumbai,Seed Funding,9.42,vishal gondal,vishal gondal,2016,October
2473,2473,2016-10-04,Remitr,Consumer Internet,Foreign Currency Payments Platform,Mumbai,Seed Funding,9.42,others,other,2016,October
2474,2474,2016-10-04,InnerChef,Consumer Internet,Online food ordering platform,Gurgaon,Private Equity,23.55,mistletoe,mistletoe,2016,October
2475,2475,2016-10-04,InnerChef,Consumer Internet,Online food ordering platform,Gurgaon,Private Equity,23.55,m,paytm,2016,October
2476,2476,2016-10-04,InnerChef,Consumer Internet,Online food ordering platform,Gurgaon,Private Equity,23.55,s partners,insignia ventures partners,2016,October
2477,2477,2016-10-04,AppsDaily,Consumer Internet,"Mobile Phone Theft, Damage Protection platform",Mumbai,Private Equity,35.325,zodius capital,trifecta capital advisors,2016,October
2478,2478,2016-10-04,AppsDaily,Consumer Internet,"Mobile Phone Theft, Damage Protection platform",Mumbai,Private Equity,35.325,kalaari capital,romulus capital  kalaari capital,2016,October
2479,2479,2016-10-04,AppsDaily,Consumer Internet,"Mobile Phone Theft, Damage Protection platform",Mumbai,Private Equity,35.325,qualcomm ventures,qualcomm venture,2016,October
2480,2480,2016-10-04,AppsDaily,Consumer Internet,"Mobile Phone Theft, Damage Protection platform",Mumbai,Private Equity,35.325,indian angel network,india quotient  letsventures angel fund,2016,October
2481,2481,2016-10-04,AppsDaily,Consumer Internet,"Mobile Phone Theft, Damage Protection platform",Mumbai,Private Equity,35.325,mumbai angels,mumbai angel,2016,October
2482,2482,2016-10-05,MuhurtMaza,Consumer Internet,Online Puja Booking Service,Pune,Seed Funding,0.0,undisclosed,undisclosed,2016,October
2483,2483,2016-10-05,Azuro,Consumer Internet,Rental Property Finder platform,Mumbai,Private Equity,0.0,white unicorn ventures,unicorn ventures,2016,October
2484,2484,2016-10-05,Azuro,Consumer Internet,Rental Property Finder platform,Mumbai,Private Equity,0.0,kae capital,vc firms india quotient  kae capital,2016,October
2485,2485,2016-10-05,Azuro,Consumer Internet,Rental Property Finder platform,Mumbai,Private Equity,0.0,mumbai angels,mumbai angel,2016,October
2486,2486,2016-10-05,NeuroSynaptic,Technology,Remote Healthcare Delivery Solutions,Bangalore,Private Equity,0.0,indian angel network,india quotient  letsventures angel fund,2016,October
2487,2487,2016-10-05,NeuroSynaptic,Technology,Remote Healthcare Delivery Solutions,Bangalore,Private Equity,0.0,healthsquad,healthquad,2016,October
2488,2488,2016-10-05,NeuroSynaptic,Technology,Remote Healthcare Delivery Solutions,Bangalore,Private Equity,0.0,axilor ventures,axilor,2016,October
2489,2489,2016-10-05,UE LifeSciences,Technology,Mobile Health Technology Solutions,Mumbai,Private Equity,11.304,kiran mazumdarshaw,kiran shetty,2016,October
2490,2490,2016-10-05,UE LifeSciences,Technology,Mobile Health Technology Solutions,Mumbai,Private Equity,11.304,unitus seed fund,amit singhal  unitus seed fund,2016,October
2491,2491,2016-10-06,FindmeaShoe,Consumer Internet,Footwear Recommendation App,Bangalore,Seed Funding,0.0,ventureast fund advisors,ventureast,2016,October
2492,2492,2016-10-06,RealBox,Technology,Data Sciences Platform,Noida,Seed Funding,2.826,hyderabad angels,hyderabad angels at startup heroes event,2016,October
2493,2493,2016-10-06,Sportido,Consumer Internet,Sports Discovery platform,Noida,Seed Funding,0.0,sumpoorna group,manipal education  medical group memg,2016,October
2494,2494,2016-10-06,GoZefo,eCommerce,Used Furniture & Appliances Marketplace,Bangalore,Private Equity,9.891,helion venture partners,helion ventures partners,2016,October
2495,2495,2016-10-06,GoZefo,eCommerce,Used Furniture & Appliances Marketplace,Bangalore,Private Equity,9.891,beenext,denlow investment trust  beenext,2016,October
2496,2496,2016-10-07,RayIOT,Technology,Baby Monitoring Devices manufacturer,Bangalore,Seed Funding,0.942,accel,accel,2016,October
2497,2497,2016-10-07,KOOH Sports,Technology,Sports Training & Technology,Mumbai,Private Equity,20.724,hdfc,hdfc life,2016,October
2498,2498,2016-10-07,KOOH Sports,Technology,Sports Training & Technology,Mumbai,Private Equity,20.724,faering capital,aarin capital,2016,October
2499,2499,2016-10-07,KOOH Sports,Technology,Sports Training & Technology,Mumbai,Private Equity,20.724,elevate sports,moksh sports ventures,2016,October
2500,2500,2016-10-07,Flexiloans,Consumer Internet,Online Funds Raising Platform,Mumbai,Private Equity,141.3,sanjay nayar,sanjay nayar,2016,October
2501,2501,2016-10-07,Flexiloans,Consumer Internet,Online Funds Raising Platform,Mumbai,Private Equity,141.3,vikram sud,vikram lakhotia,2016,October
2502,2502,2016-10-07,Flexiloans,Consumer Internet,Online Funds Raising Platform,Mumbai,Private Equity,141.3,anil jaggia,il,2016,October
2503,2503,2016-10-07,Flexiloans,Consumer Internet,Online Funds Raising Platform,Mumbai,Private Equity,141.3,narayan seshadri,narayan seshadri,2016,October
2504,2504,2016-10-07,Sibia Analytics,Technology,Marketing & Customer Analytics Solutions,Kolkata,Seed Funding,0.0,radhakrishnan natarajan,r natarajan,2016,October
2505,2505,2016-10-07,Sibia Analytics,Technology,Marketing & Customer Analytics Solutions,Kolkata,Seed Funding,0.0,others,other,2016,October
2506,2506,2016-10-10,Vithi.com,eCommerce,Online Hair Extension etailer,New Delhi,Seed Funding,3.5325,undisclosed,undisclosed,2016,October
2507,2507,2016-10-11,Yupp TV,Consumer Internet,Internet-based TV streaming service provider,Bangalore,Private Equity,471.0,emerald media,gree ventures  summit media,2016,October
2508,2508,2016-10-11,Deyor Camps,Consumer Internet,Branded Camping location Aggregator,Gurgaon,Seed Funding,4.71,nitin passi,nitin passi,2016,October
2509,2509,2016-10-11,Deyor Camps,Consumer Internet,Branded Camping location Aggregator,Gurgaon,Seed Funding,4.71,manickam mahalingam,mahalingam k,2016,October
2510,2510,2016-10-11,Deyor Camps,Consumer Internet,Branded Camping location Aggregator,Gurgaon,Seed Funding,4.71,udaan angels,lead angels network,2016,October
2511,2511,2016-10-11,Deyor Camps,Consumer Internet,Branded Camping location Aggregator,Gurgaon,Seed Funding,4.71,rajesh arora,rajeev arora  ram ramsundar,2016,October
2512,2512,2016-10-11,Deyor Camps,Consumer Internet,Branded Camping location Aggregator,Gurgaon,Seed Funding,4.71,arkas industries,pidilite industries director ajay parekh,2016,October
2513,2513,2016-10-12,ZipLoan,Consumer Internet,online lending platform,New Delhi,Seed Funding,0.0,growx ventures,growx,2016,October
2514,2514,2016-10-12,ZipLoan,Consumer Internet,online lending platform,New Delhi,Seed Funding,0.0,sunil kalra,il,2016,October
2515,2515,2016-10-12,ZipLoan,Consumer Internet,online lending platform,New Delhi,Seed Funding,0.0,arun venkatachalam,venk,2016,October
2516,2516,2016-10-12,ZipLoan,Consumer Internet,online lending platform,New Delhi,Seed Funding,0.0,xc2xa0 badal malick,badal malick,2016,October
2517,2517,2016-10-13,FabAlley,ecommerce,online fashion brand store,Noida,Private Equity,18.84,india quotient,india quotient  letsventures angel fund,2016,October
2518,2518,2016-10-13,FabAlley,ecommerce,online fashion brand store,Noida,Private Equity,18.84,fao ventures,ah ventures,2016,October
2519,2519,2016-10-13,FabAlley,ecommerce,online fashion brand store,Noida,Private Equity,18.84,indian angel network,india quotient  letsventures angel fund,2016,October
2520,2520,2016-10-13,FabAlley,ecommerce,online fashion brand store,Noida,Private Equity,18.84,tushar singh,imanpreet singh arora,2016,October
2521,2521,2016-10-13,FabAlley,ecommerce,online fashion brand store,Noida,Private Equity,18.84,ranjan sharma,apoorv ranjan sharma,2016,October
2522,2522,2016-10-13,Shoekonnect,eCommerce,B2B Marketplace for Shoes,Agra,Seed Funding,0.0,indian angel network,india quotient  letsventures angel fund,2016,October
2523,2523,2016-10-13,Maya,Consumer Internet,Womens Health Tracker App,Bangalore,Seed Funding,0.0,rajan anan,rajan anan from google,2016,October
2524,2524,2016-10-13,RoboVac,Technology,waterless car washing solution,Ahmedabad,Seed Funding,4.239,virendra patel,kunal shah  manish patel,2016,October
2525,2525,2016-10-14,Newspatrolling,Consumer Internet,Online News portal,New Delhi,Seed Funding,0.2355,undisclosed,undisclosed,2016,October
2526,2526,2016-10-14,Postman,Consumer Internet,API Platform,Bangalore,Private Equity,65.94,nexus venture partners,norwest venture partners,2016,October
2527,2527,2016-10-14,ISFC,Finance,Education Sector Lending,Hyderabad,Private Equity,56.52,gray matters capital,gray matters,2016,October
2528,2528,2016-10-14,BeatRoute,Technology,SAAS based mobile application platform,Gurgaon,Seed Funding,0.0,quarizon consultancy services llp,quarizon,2016,October
2529,2529,2016-10-14,Kidsstoppress,Consumer Internet,Parenting and Baby care Platform,Mumbai,Seed Funding,0.0,karan bhagat,karan bhagat,2016,October
2530,2530,2016-10-14,Innov8,Consumer Internet,Co-Working Spaces aggregator,Bangalore,Seed Funding,0.0,punit soni,punit soni,2016,October
2531,2531,2016-10-15,DailyHunt,Consumer Internet,Vernacular content mobile app,Bangalore,Private Equity,235.5,bytedance,bytedance,2016,October
2532,2532,2016-10-15,DailyHunt,Consumer Internet,Vernacular content mobile app,Bangalore,Private Equity,235.5,arun sarin,arun venkatachalam,2016,October
2533,2533,2016-10-15,DailyHunt,Consumer Internet,Vernacular content mobile app,Bangalore,Private Equity,235.5,matrix partner,bessemer venture partner,2016,October
2534,2534,2016-10-15,DailyHunt,Consumer Internet,Vernacular content mobile app,Bangalore,Private Equity,235.5,sequoia capital,quona capital,2016,October
2535,2535,2016-10-15,DailyHunt,Consumer Internet,Vernacular content mobile app,Bangalore,Private Equity,235.5,omidyar network,omidyar networks,2016,October
2536,2536,2016-10-15,DailyHunt,Consumer Internet,Vernacular content mobile app,Bangalore,Private Equity,235.5,xc2xa0 falcon edge,falcon edge,2016,October
2537,2537,2016-10-15,Tazzo Bikes,Consumer Internet,Motorbike rental platform,Hyderabad,Seed Funding,2.13834,dsg consumer partners,saama capital  dsg consumer partners,2016,October
2538,2538,2016-10-15,MyKindofJob,Consumer Internet,Internet & Fresher Job platform,Mumbai,Seed Funding,9.42,mayank shah,myntra  mitesh shah finance chief,2016,October
2539,2539,2016-10-15,MyKindofJob,Consumer Internet,Internet & Fresher Job platform,Mumbai,Seed Funding,9.42,shreyans shah,myntra  mitesh shah finance chief,2016,October
2540,2540,2016-10-17,Trilyo,Technology,B2B SAAS based product,Bangalore,Seed Funding,0.0,vishnu bhat,vishnu bhat,2016,October
2541,2541,2016-10-17,Trilyo,Technology,B2B SAAS based product,Bangalore,Seed Funding,0.0,rajiv lunkad,rajiv lunkad,2016,October
2542,2542,2016-10-17,Trilyo,Technology,B2B SAAS based product,Bangalore,Seed Funding,0.0,naresh ravindranath,naresh ravindranath,2016,October
2543,2543,2016-10-17,Rooter,Consumer Internet,Sports Social Network mobile app,New Delhi,Seed Funding,0.0,boman irani,boman irani,2016,October
2544,2544,2016-10-17,Rooter,Consumer Internet,Sports Social Network mobile app,New Delhi,Seed Funding,0.0,dhruv chitgopekar,dhruv chitgopekar,2016,October
2545,2545,2016-10-17,Rooter,Consumer Internet,Sports Social Network mobile app,New Delhi,Seed Funding,0.0,prantik dasgupta,prantik dasgupta,2016,October
2546,2546,2016-10-17,Yumigo,Consumer Internet,App based Travel Discovery and Transactions platform,Gurgaon,Seed Funding,2.826,hemant sahni,hemang sahani,2016,October
2547,2547,2016-10-17,Rentalpha,Others,equipment rental and leasing company,Mumbai,Private Equity,150.72,bravia capital,trifecta capital advisors,2016,October
2548,2548,2016-10-18,3Dexter,Technology,3D Printing Solutions for Edu space,New Delhi,Seed Funding,1.413,newbie promoters,newbie promoters,2016,October
2549,2549,2016-10-18,BabyChakra,Consumer Internet,Parenting and Child Care portal,Mumbai,Private Equity,0.0,roundglass partners,roundglass partners llc,2016,October
2550,2550,2016-10-18,Coppre,eCommerce,Copper based items etailer,Pune,Seed Funding,0.0,ganesh natarajan,r natarajan,2016,October
2551,2551,2016-10-18,MySUN,Technology,Solar Energy harnessing products marketplace,Noida,Private Equity,23.55,general catalyst partners,general catalyst,2016,October
2552,2552,2016-10-18,ePathsala,Technology,Cloud based ERP for Accreditation & ICT,Bangalore,Seed Funding,0.0,hyderabad angels,hyderabad angels at startup heroes event,2016,October
2553,2553,2016-10-18,ePathsala,Technology,Cloud based ERP for Accreditation & ICT,Bangalore,Seed Funding,0.0,tlabs,tlabs,2016,October
2554,2554,2016-10-19,Furlenco,Consumer Internet,Online Furniture Rental platform,Bangalore,Private Equity,282.6,lightbox ventures,lightbox ventures  others,2016,October
2555,2555,2016-10-19,Furlenco,Consumer Internet,Online Furniture Rental platform,Bangalore,Private Equity,282.6,axis capital,patni family office  axis capital,2016,October
2556,2556,2016-10-19,Furlenco,Consumer Internet,Online Furniture Rental platform,Bangalore,Private Equity,282.6,others,other,2016,October
2557,2557,2016-10-19,Fisdom,Consumer Internet,Personal Wealth Management Platform & App,Bangalore,Private Equity,10.362,saama capital,saama capital  dsg consumer partners,2016,October
2558,2558,2016-10-19,Fisdom,Consumer Internet,Personal Wealth Management Platform & App,Bangalore,Private Equity,10.362,raghunan g,raghunan gangappa,2016,October
2559,2559,2016-10-19,Fisdom,Consumer Internet,Personal Wealth Management Platform & App,Bangalore,Private Equity,10.362,aprameya radhakrishna,aprameya radhakrishnan,2016,October
2560,2560,2016-10-19,Actofit,Technology,Wearable Technology platform & devices,Mumbai,Private Equity,7.065,next orbit ventures fund,axilor ventures,2016,October
2561,2561,2016-10-20,Stayology,Consumer Internet,Stay & Travel related services,Bangalore,Seed Funding,0.0,ranjan pai,dr ranjan pai,2016,October
2562,2562,2016-10-20,Hipcask,Consumer Internet,Alcoholic beverage discovery platform,Mumbai,Seed Funding,0.0,mobikon,m,2016,October
2563,2563,2016-10-20,RailYatri,Consumer Internet,Train Travel Info mobile app,Noida,Private Equity,0.0,helion ventures,helion venture,2016,October
2564,2564,2016-10-20,RailYatri,Consumer Internet,Train Travel Info mobile app,Noida,Private Equity,0.0,blume ventures,blume ventures  rtp global,2016,October
2565,2565,2016-10-21,ChatOnGo,Consumer Internet,Hyperlocal\\xc2\\xa0 Communication Mobile app,Mumbai,Seed Funding,2.826,janak jain,aj ventures  jain international trade organisation jito,2016,October
2566,2566,2016-10-23,WOTU,eCommerce,B2B Marketplace for traders,Bangalore,Seed Funding,0.0,kae capital,vc firms india quotient  kae capital,2016,October
2567,2567,2016-10-24,Healthians,Consumer Internet,Health Test Discovery & Ordering service,Gurgaon,Private Equity,28.26,beenext,denlow investment trust  beenext,2016,October
2568,2568,2016-10-24,Box8,Consumer Internet,Online Food Ordering platform/App,Mumbai,Private Equity,70.65,iifl seed ventures fund,iifl seed ventures,2016,October
2569,2569,2016-10-24,Box8,Consumer Internet,Online Food Ordering platform/App,Mumbai,Private Equity,70.65,mayfield ventures,mayfield,2016,October
2570,2570,2016-10-25,Kredx,eCommerce,Invoice discounting marketplace,Bangalore,Private Equity,56.52,sequoia capital,quona capital,2016,October
2571,2571,2016-10-25,CreditMate,Consumer Internet,Credit Report Info platform,Mumbai,Seed Funding,4.71,india quotient,india quotient  letsventures angel fund,2016,October
2572,2572,2016-10-25,Pickrr,Technology,Courier Logistics & Order management Solutions,New Delhi,Seed Funding,0.0,swastika company ltd,swastika company pvt ltd,2016,October
2573,2573,2016-10-25,SatvaKart,eCommerce,Online Grocery Etailer,Gurgaon,Seed Funding,0.0,nimit panigrahi,nimit panigrahi,2016,October
2574,2574,2016-10-25,SooperMO,Technology,Android utility app suite creator,Gurgaon,Seed Funding,0.942,lalit vase,lalit vase,2016,October
2575,2575,2016-10-26,OrangeTwig,Consumer Internet,Social Media Marketing platform,New Delhi,Seed Funding,9.42,undisclosed,undisclosed,2016,October
2576,2576,2016-10-26,Wooplr,Consumer Internet,Fashion Discovery App,Bangalore,Seed Funding,0.0,astarc ventures,abstract ventures,2016,October
2577,2577,2016-10-26,Wooplr,Consumer Internet,Fashion Discovery App,Bangalore,Seed Funding,0.0,an chrasekaran,ping an global voyager fund,2016,October
2578,2578,2016-10-26,The Kettlery,eCommerce,Online Tea Etailer,Ahmedabad,Private Equity,9.42,hooting starts sports llp,man capital llp,2016,October
2579,2579,2016-10-26,The Kettlery,eCommerce,Online Tea Etailer,Ahmedabad,Private Equity,9.42,franchise india brs,franchise india,2016,October
2580,2580,2016-10-27,Idea Bubbles,Consumer Internet,Doctor Consulting platform,Bangalore,Private Equity,6.594,1crowd,1crowd through crowd funding,2016,October
2581,2581,2016-10-27,Idea Bubbles,Consumer Internet,Doctor Consulting platform,Bangalore,Private Equity,6.594,eureka forbes ltd,spring canter investment ltd,2016,October
2582,2582,2016-10-27,Idea Bubbles,Consumer Internet,Doctor Consulting platform,Bangalore,Private Equity,6.594,shapoorji pallonji,shapoorji pallonji,2016,October
2583,2583,2016-10-27,Idea Bubbles,Consumer Internet,Doctor Consulting platform,Bangalore,Private Equity,6.594,co ltd,titan co ltd,2016,October
2584,2584,2016-10-27,FR8,Technology,Truck Fleet Operation platform,Chennai,Private Equity,9.14682,omnivore partners,omnivore,2016,October
2585,2585,2016-10-27,Ather Energy,Technology,Electric Vehicle Manufacturer,Bangalore,Private Equity,254.34,hero motocorp,co,2016,October
2586,2586,2016-10-28,Pikkol,Logistics,Relocation Service provider,Bangalore,Seed Funding,0.0,ajay nanavati,pidilite industries director ajay parekh,2016,October
2587,2587,2016-10-28,Pikkol,Logistics,Relocation Service provider,Bangalore,Seed Funding,0.0,afsal salu,fs,2016,October
2588,2588,2016-10-29,Velmenni,Technology,LiFi based wireless communication provider,New Delhi,Seed Funding,0.942,kalaari capital,romulus capital  kalaari capital,2016,October
2589,2589,2016-10-29,Volta Motors,Technology,Electric Bike Manufacturer,Chennai,Seed Funding,0.942,kalaari capital,romulus capital  kalaari capital,2016,October
2590,2590,2016-10-29,Cyclops,Technology,Clinical and Wearable Diagnostic Product creator,Bangalore,Seed Funding,0.942,kalaari capital,romulus capital  kalaari capital,2016,October
2591,2591,2016-10-30,Impact Analytics,Technology,Business intelligence and data science Startup,Bangalore,Private Equity,7.065,aarin capital,xc2xa0 aarin capital,2016,October
2592,2592,2016-10-30,Impact Analytics,Technology,Business intelligence and data science Startup,Bangalore,Private Equity,7.065,michael herzig,michael,2016,October
2593,2593,2016-10-30,Impact Analytics,Technology,Business intelligence and data science Startup,Bangalore,Private Equity,7.065,ashish lakhanpal,ashish ch,2016,October
2594,2594,2016-10-31,Talent Next,Consumer Internet,Talent Discovery & Audition management platform,Mumbai,Seed Funding,9.42,karanpal singh,imanpreet singh arora,2016,October
2595,2595,2016-10-31,Talent Next,Consumer Internet,Talent Discovery & Audition management platform,Mumbai,Seed Funding,9.42,others,other,2016,October
2596,2596,2016-09-01,Mad Street Den,Technology,Artificial Intelligence platform,Chennai,Private Equity,0.0,sequoia capital,quona capital,2016,September
2597,2597,2016-09-01,Mad Street Den,Technology,Artificial Intelligence platform,Chennai,Private Equity,0.0,exfinity ventures,exfinity venture,2016,September
2598,2598,2016-09-01,Mad Street Den,Technology,Artificial Intelligence platform,Chennai,Private Equity,0.0,growx ventures,growx,2016,September
2599,2599,2016-09-01,Mihup,Technology,Personal Digital Assistant,Kolkata,Private Equity,63.114,accel,accel,2016,September
2600,2600,2016-09-01,Renowala,eCommerce,Home Improvement Marketplace,Hyderabad,Seed Funding,0.0,pradeep dhobale,puneet gupta  pradeep k jaisingh,2016,September
2601,2601,2016-09-01,Lucideus,Technology,IT Risk Assessment and Digital Security Services provider.,New Delhi,Seed Funding,0.0,amit choudhary,amit singhal  unitus seed fund,2016,September
2602,2602,2016-09-04,Trackbizz,Technology,Field Force Automation System,Kochi,Private Equity,0.0,grasshoppers,grasshoppers,2016,September
2603,2603,2016-09-05,Social Quotient,Technology,Platform for Social Causes,Mumbai,Seed Funding,0.0,anita dongre,anita dongre,2016,September
2604,2604,2016-09-05,Social Quotient,Technology,Platform for Social Causes,Mumbai,Seed Funding,0.0,yash dongre,yash dongre,2016,September
2605,2605,2016-09-05,Social Quotient,Technology,Platform for Social Causes,Mumbai,Seed Funding,0.0,milind sarwate,il,2016,September
2606,2606,2016-09-05,Stalk Buy Love,eCommerce,Fashion Apparel eTailer,New Delhi,Seed Funding,0.0,william bissel,william bissell,2016,September
2607,2607,2016-09-06,eShakti,eCommerce,Women\xe2\x80\x99s Fashion Apparel eTailer,Chennai,Private Equity,12.717,infina finance pvt ltd,bennett coleman  company ltd bccl,2016,September
2608,2608,2016-09-06,eShakti,eCommerce,Women\xe2\x80\x99s Fashion Apparel eTailer,Chennai,Private Equity,12.717,uday kotak,kotak mahindra bank,2016,September
2609,2609,2016-09-06,CheersOye!,Consumer Internet,Online Gift Vouchers platform,Mumbai,Seed Funding,4.71,undisclosed,undisclosed,2016,September
2610,2610,2016-09-06,Lenskart,eCommerce,Online Eyewear eTailer,New Delhi,Private Equity,0.0,premjiinvest,premji invest,2016,September
2611,2611,2016-09-06,BigStylist,Consumer Internet,Hyperlocal doorstep Beauty Services provider,Mumbai,Private Equity,8.478,info edge india ltd,info edge india ltd  temasek,2016,September
2612,2612,2016-09-07,Zilingo,eCommerce,Online Fashion Retailer,Bangalore/ Bangkok,Private Equity,75.36,venturra capital,trifecta capital advisors,2016,September
2613,2613,2016-09-07,Zilingo,eCommerce,Online Fashion Retailer,Bangalore/ Bangkok,Private Equity,75.36,sequoia capital,quona capital,2016,September
2614,2614,2016-09-07,Zilingo,eCommerce,Online Fashion Retailer,Bangalore/ Bangkok,Private Equity,75.36,susquehanna international groupxc2xa0 wavemaker partners,susquehanna growth equity,2016,September
2615,2615,2016-09-07,Zilingo,eCommerce,Online Fashion Retailer,Bangalore/ Bangkok,Private Equity,75.36,beenext,denlow investment trust  beenext,2016,September
2616,2616,2016-09-07,Zilingo,eCommerce,Online Fashion Retailer,Bangalore/ Bangkok,Private Equity,75.36,beenos,beenos asia,2016,September
2617,2617,2016-09-07,Zilingo,eCommerce,Online Fashion Retailer,Bangalore/ Bangkok,Private Equity,75.36,digital garage,digital garage inc,2016,September
2618,2618,2016-09-07,Alternacare,Consumer Internet,Online Doctor Consulting platform,New Delhi,Seed Funding,4.71,eros labs,pine labs pte ltd,2016,September
2619,2619,2016-09-07,Simplilearn,Education,Online Certification programs,Bangalore,Private Equity,56.52,innoven capital india,innoven capital,2016,September
2620,2620,2016-09-07,Prozo,eCommerce,Study Material Marketplace,Gurgaon,Seed Funding,2.9673,earlsfield capital,lok capital,2016,September
2621,2621,2016-09-07,Prozo,eCommerce,Study Material Marketplace,Gurgaon,Seed Funding,2.9673,sailender solanki,ola,2016,September
2622,2622,2016-09-07,Prozo,eCommerce,Study Material Marketplace,Gurgaon,Seed Funding,2.9673,rajiv solanki,ola,2016,September
2623,2623,2016-09-08,TopRankers,Education,Online Test Preparation platform,Bangalore,Seed Funding,6.3114,careernet consulting pvt ltd,pine labs pte ltd,2016,September
2624,2624,2016-09-08,TopRankers,Education,Online Test Preparation platform,Bangalore,Seed Funding,6.3114,ideation initiative pvt ltd,pine labs pte ltd,2016,September
2625,2625,2016-09-08,BuildTraders,eCommerce,Online Construction Materials Marketplace,Bangalore,Seed Funding,1.884,idein ventures,india ventures,2016,September
2626,2626,2016-09-09,BYJU'S,Education,Online Learning App,Bangalore,Private Equity,471.0,chan zuckerberg initiative,chan zuckerberg initiative,2016,September
2627,2627,2016-09-09,BYJU'S,Education,Online Learning App,Bangalore,Private Equity,471.0,times internet ltd,times internet,2016,September
2628,2628,2016-09-09,BYJU'S,Education,Online Learning App,Bangalore,Private Equity,471.0,sequoia capital,quona capital,2016,September
2629,2629,2016-09-09,BYJU'S,Education,Online Learning App,Bangalore,Private Equity,471.0,sofina,sofina sa,2016,September
2630,2630,2016-09-09,BYJU'S,Education,Online Learning App,Bangalore,Private Equity,471.0,lightspeed ventures,lightspeed,2016,September
2631,2631,2016-09-09,NoBroker,Consumer Internet,Online Home Rental platform,Bangalore,Seed Funding,0.0,an chrasekaran,ping an global voyager fund,2016,September
2632,2632,2016-09-10,Freshboxx,eCommerce,Fruits & vegetable eTailer,Hubli,Seed Funding,0.0,ravi linganuri,ravi iyer,2016,September
2633,2633,2016-09-10,CureInstant,Consumer Internet,Social Health Networking Platform,New Delhi,Seed Funding,1.413,dr rameshwar kumar,saket kumar,2016,September
2634,2634,2016-09-10,Poshtic,Consumer Internet,Online health & Wellness platform,Noida,Seed Funding,4.239,havya sharma,vijay shekhar sharma,2016,September
2635,2635,2016-09-10,Poshtic,Consumer Internet,Online health & Wellness platform,Noida,Seed Funding,4.239,amit nagar,amit singhal  unitus seed fund,2016,September
2636,2636,2016-09-10,KarmaCircles,Consumer Internet,Peer-to-peer Social Learning platform,New Delhi,Seed Funding,0.0,harinder takhar,harinder takhar,2016,September
2637,2637,2016-09-10,KarmaCircles,Consumer Internet,Peer-to-peer Social Learning platform,New Delhi,Seed Funding,0.0,zain raj,raj singh bhal,2016,September
2638,2638,2016-09-10,KarmaCircles,Consumer Internet,Peer-to-peer Social Learning platform,New Delhi,Seed Funding,0.0,dr prasad kaipa,dr apoorv ranjan sharma,2016,September
2639,2639,2016-09-10,KarmaCircles,Consumer Internet,Peer-to-peer Social Learning platform,New Delhi,Seed Funding,0.0,abaran deep,abaran deep,2016,September
2640,2640,2016-09-10,KarmaCircles,Consumer Internet,Peer-to-peer Social Learning platform,New Delhi,Seed Funding,0.0,aseem sood,aditya dev sood,2016,September
2641,2641,2016-09-10,KarmaCircles,Consumer Internet,Peer-to-peer Social Learning platform,New Delhi,Seed Funding,0.0,mustafa patni,arihant patni of patni family office,2016,September
2642,2642,2016-09-12,Purple Style Labs,Consumer Internet,Personal Styling Online platform,Mumbai,Seed Funding,4.22016,augment ventures,breakthrough energy ventures,2016,September
2643,2643,2016-09-12,Purple Style Labs,Consumer Internet,Personal Styling Online platform,Mumbai,Seed Funding,4.22016,rahul kayan,rajesh yohanan  rahul garg,2016,September
2644,2644,2016-09-12,Purple Style Labs,Consumer Internet,Personal Styling Online platform,Mumbai,Seed Funding,4.22016,nikhil golcha,il,2016,September
2645,2645,2016-09-12,Purple Style Labs,Consumer Internet,Personal Styling Online platform,Mumbai,Seed Funding,4.22016,shubham gupta,prashant gupta  others,2016,September
2646,2646,2016-09-12,Purple Style Labs,Consumer Internet,Personal Styling Online platform,Mumbai,Seed Funding,4.22016,roy kwan,kwan entertainment,2016,September
2647,2647,2016-09-12,Inuxu,Technology,Online Advertising Solutions,Pune,Private Equity,28.26,fork media,gree ventures  summit media,2016,September
2648,2648,2016-09-12,Nykaa,eCommerce,Online Beauty products eTailer,Mumbai,Private Equity,115.866,sunil munjal,sunil kant munjal,2016,September
2649,2649,2016-09-12,Nykaa,eCommerce,Online Beauty products eTailer,Mumbai,Private Equity,115.866,mariwala family,il,2016,September
2650,2650,2016-09-12,Glam Studios,Consumer Internet,Beauty Salon Aggregator,Noida,Seed Funding,2.826,pradeep mirani,puneet gupta  pradeep k jaisingh,2016,September
2651,2651,2016-09-12,Glam Studios,Consumer Internet,Beauty Salon Aggregator,Noida,Seed Funding,2.826,aqeel ahmed,aqeel ahmed,2016,September
2652,2652,2016-09-12,Glam Studios,Consumer Internet,Beauty Salon Aggregator,Noida,Seed Funding,2.826,an ladsariya,ping an global voyager fund,2016,September
2653,2653,2016-09-12,Glam Studios,Consumer Internet,Beauty Salon Aggregator,Noida,Seed Funding,2.826,nitin agarwal,vipin agarwal  others,2016,September
2654,2654,2016-09-13,Findow,Consumer Internet,Fashion Discovery Mobile app,Bangalore,Seed Funding,0.0,raj singh bhal,imanpreet singh arora,2016,September
2655,2655,2016-09-13,IdeaChakki,Consumer Internet,Restaurant Menu & Food mobile app,Delhi,Seed Funding,0.0,ratan tata,rata tata,2016,September
2656,2656,2016-09-13,ShoeKonnect,eCommerce,Footwear & Leather B2B App,Agra,Seed Funding,0.0,indian angel network,india quotient  letsventures angel fund,2016,September
2657,2657,2016-09-13,NearBuy,Consumer Internet,Online Deals & Discount platform,Gurgaon,Private Equity,23.55,blacksoil capital pvt ltd,blacksoil,2016,September
2658,2658,2016-09-14,ZeroInfy,Consumer Internet,Online Video Lectures platform,Kolkata,Seed Funding,0.0,calcutta angels network,calcutta angel network,2016,September
2659,2659,2016-09-14,Flocareer,Consumer Internet,Jobs & Skill Validation platform,Bangalore,Seed Funding,1.413,indian angel network,india quotient  letsventures angel fund,2016,September
2660,2660,2016-09-14,Flocareer,Consumer Internet,Jobs & Skill Validation platform,Bangalore,Seed Funding,1.413,sidhartha hazarika,sidhartha hazarika,2016,September
2661,2661,2016-09-14,Flocareer,Consumer Internet,Jobs & Skill Validation platform,Bangalore,Seed Funding,1.413,others,other,2016,September
2662,2662,2016-09-14,LensPick,eCommerce,eyewear eTailer,Bangalore,Private Equity,0.0,scadea solutions inc,inc,2016,September
2663,2663,2016-09-15,infeedo,Consumer Internet,Employee engagement platform,Gurgaon,Seed Funding,1.884,dheeraj jain,dheerag jain,2016,September
2664,2664,2016-09-15,infeedo,Consumer Internet,Employee engagement platform,Gurgaon,Seed Funding,1.884,palash jain,aj ventures  jain international trade organisation jito,2016,September
2665,2665,2016-09-15,infeedo,Consumer Internet,Employee engagement platform,Gurgaon,Seed Funding,1.884,anupam mittal,ajay relan  vinay mittal,2016,September
2666,2666,2016-09-15,infeedo,Consumer Internet,Employee engagement platform,Gurgaon,Seed Funding,1.884,ameera shah,myntra  mitesh shah finance chief,2016,September
2667,2667,2016-09-15,infeedo,Consumer Internet,Employee engagement platform,Gurgaon,Seed Funding,1.884,xc2xa0 vivek bhargava,vivek bhargava,2016,September
2668,2668,2016-09-15,infeedo,Consumer Internet,Employee engagement platform,Gurgaon,Seed Funding,1.884,rahul singh,rajesh yohanan  rahul garg,2016,September
2669,2669,2016-09-15,infeedo,Consumer Internet,Employee engagement platform,Gurgaon,Seed Funding,1.884,ambarish gupta,prashant gupta  others,2016,September
2670,2670,2016-09-15,Furlenco,eCommerce,Online furniture rental startup,Bangalore,Private Equity,47.1,lightbox ventures  others,lightbox ventures,2016,September
2671,2671,2016-09-15,GoPigeon,Consumer Internet,on-demand logistics service provider,Bangalore,Private Equity,14.13,nexus venture partners,norwest venture partners,2016,September
2672,2672,2016-09-16,NewsDistill,Consumer Internet,City based News Aggregator App,Hyderabad,Seed Funding,0.942,ganesh narasimhan,k ganesh,2016,September
2673,2673,2016-09-16,NewsDistill,Consumer Internet,City based News Aggregator App,Hyderabad,Seed Funding,0.942,ramana thumu,ramana thumu,2016,September
2674,2674,2016-09-16,NewsDistill,Consumer Internet,City based News Aggregator App,Hyderabad,Seed Funding,0.942,sudhir mallem,sudhir mallem,2016,September
2675,2675,2016-09-16,DoctorInsta,Consumer Internet,Online Doctor Consultations,Gurgaon,Private Equity,9.42,roundglass partners,roundglass partners llc,2016,September
2676,2676,2016-09-19,Milofy,Consumer Internet,Couple Socialization App,Bangalore,Seed Funding,7.065,accel,accel,2016,September
2677,2677,2016-09-19,Liqvid,Technology,Integrated eLearning content solutions,New Delhi,Private Equity,0.0,gray matters capital,gray matters,2016,September
2678,2678,2016-09-19,Swiggy,Consumer Internet,Online Food Ordering & Delivery,Bangalore,Private Equity,141.3,bessemer venture partners,bessemer venture partner,2016,September
2679,2679,2016-09-20,Codemojo,Consumer Internet,Customer Engagement Platform,Bangalore,Seed Funding,0.0,cio angel network,cio angel network can,2016,September
2680,2680,2016-09-20,JustLikeNew,eCommerce,Online gadget Repair Services Marketplace,Hyderabad,Seed Funding,4.71,letsventure,lets venture,2016,September
2681,2681,2016-09-20,JoeHukum,Technology,Enterprise customer engagement solutions,New Delhi,Seed Funding,0.0,sumit jain,aj ventures  jain international trade organisation jito,2016,September
2682,2682,2016-09-21,Co Life,Consumer Internet,shared living and working spaces platform,Bangalore,Seed Funding,9.42,undisclosed,undisclosed,2016,September
2683,2683,2016-09-21,PurpleDocs,Consumer Internet,Electronic Health care records platform,Vadodara,Seed Funding,0.0,kellygamma,kellygamma,2016,September
2684,2684,2016-09-21,PurpleDocs,Consumer Internet,Electronic Health care records platform,Vadodara,Seed Funding,0.0,lead angels,lead angels network,2016,September
2685,2685,2016-09-21,PurpleDocs,Consumer Internet,Electronic Health care records platform,Vadodara,Seed Funding,0.0,others,other,2016,September
2686,2686,2016-09-21,Pepperfry,eCommerce,Furniture eTailer,Mumbai,Private Equity,294.846,goldman sachs group,goldman sachs,2016,September
2687,2687,2016-09-21,Pepperfry,eCommerce,Furniture eTailer,Mumbai,Private Equity,294.846,zodius technology fund,hr technology fund,2016,September
2688,2688,2016-09-21,Pepperfry,eCommerce,Furniture eTailer,Mumbai,Private Equity,294.846,norwest venture partners,rwe,2016,September
2689,2689,2016-09-21,Pepperfry,eCommerce,Furniture eTailer,Mumbai,Private Equity,294.846,bertelsmann india,bertelsmann india investments,2016,September
2690,2690,2016-09-21,eQuickies,eCommerce,Online Book etailer,Ahmedabad,Seed Funding,2.80716,lothal angel ventures,rps ventures,2016,September
2691,2691,2016-09-21,Khel Now,Consumer Internet,Mobile-based social networking platform,New Delhi,Seed Funding,3.297,indian angel network,india quotient  letsventures angel fund,2016,September
2692,2692,2016-09-22,Gadgetwood,Consumer Internet,On-Demand Gadget repair services platform,New Delhi,Private Equity,56.52,carpediem capital,tem capital,2016,September
2693,2693,2016-09-22,DailyRounds,Consumer Internet,Mobile App for Doctors,Bangalore,Private Equity,0.0,accel,accel,2016,September
2694,2694,2016-09-22,DailyRounds,Consumer Internet,Mobile App for Doctors,Bangalore,Private Equity,0.0,beenext,denlow investment trust  beenext,2016,September
2695,2695,2016-09-22,DailyRounds,Consumer Internet,Mobile App for Doctors,Bangalore,Private Equity,0.0,powerhouse ventures,powerhouse ventures usa,2016,September
2696,2696,2016-09-22,DailyRounds,Consumer Internet,Mobile App for Doctors,Bangalore,Private Equity,0.0,akusa holdings,usa,2016,September
2697,2697,2016-09-22,Flixy Games,Technology,Mobile Game Publisher for Indian audience,Bangalore,Seed Funding,4.0035,rebright partners,redbright partners,2016,September
2698,2698,2016-09-22,HashTaag,Technology,Mobile App Development company,Bangalore,Seed Funding,9.42,undisclosed,undisclosed,2016,September
2699,2699,2016-09-22,PharmaRack,Technology,SAAS application for Pharma Industry,Pune,Private Equity,7.0179,currae healthtech fund,india quotient  letsventures angel fund,2016,September
2700,2700,2016-09-22,PharmaRack,Technology,SAAS application for Pharma Industry,Pune,Private Equity,7.0179,unicorn india ventures,unicorn india ventures  isme ace,2016,September
2701,2701,2016-09-23,xc2xa0CloudCherry,Technology,CRM SAAS Platform,Chennai,Private Equity,56.52,vertex ventures,vertex ventures southeast asia sea  india  sistema asia fund,2016,September
2702,2702,2016-09-23,xc2xa0CloudCherry,Technology,CRM SAAS Platform,Chennai,Private Equity,56.52,cisco ventures,co,2016,September
2703,2703,2016-09-23,xc2xa0CloudCherry,Technology,CRM SAAS Platform,Chennai,Private Equity,56.52,idg ventures,idg venture,2016,September
2704,2704,2016-09-23,Parentlane,Consumer Internet,Social Platform for babycare and parenting,Bangalore,Seed Funding,0.0,rohit ma,m,2016,September
2705,2705,2016-09-23,First Moms Club,Consumer Internet,Social Network for Mothers,Mumbai,Seed Funding,0.0,idea wave labs,dilip khwelwal from sap labs india,2016,September
2706,2706,2016-09-23,inMotion,Technology,Financial platform for daily wage earning communities,Noida,Seed Funding,0.0,prashant ton,prashant gupta  others,2016,September
2707,2707,2016-09-23,inMotion,Technology,Financial platform for daily wage earning communities,Noida,Seed Funding,0.0,gaurav agarwal,gaurav suri  ankit kesarwani,2016,September
2708,2708,2016-09-23,inMotion,Technology,Financial platform for daily wage earning communities,Noida,Seed Funding,0.0,gaurav bhogle,gaurav suri  ankit kesarwani,2016,September
2709,2709,2016-09-23,inMotion,Technology,Financial platform for daily wage earning communities,Noida,Seed Funding,0.0,shrishti sahu,shrishti sahu,2016,September
2710,2710,2016-09-23,inMotion,Technology,Financial platform for daily wage earning communities,Noida,Seed Funding,0.0,shantanu mathur,shantanu mathur,2016,September
2711,2711,2016-09-23,inMotion,Technology,Financial platform for daily wage earning communities,Noida,Seed Funding,0.0,prabhat aggarwal,prabhat aggarwal,2016,September
2712,2712,2016-09-26,Let's Barter,Consumer Internet,Goods & Services Barter Platform,New Delhi,Seed Funding,0.0,scale ventures funds,scale ventures,2016,September
2713,2713,2016-09-26,EvenGini,Consumer Internet,Event Registration and Ticketing platform,Chennai,Private Equity,0.0,procam international pvt ltd,pine labs pte ltd,2016,September
2714,2714,2016-09-27,TinyStep,Consumer Internet,Parenting Network Platform,Bangalore,Private Equity,14.8836,flipkart logistics pvt ltd,flipkart,2016,September
2715,2715,2016-09-27,Canvs,Consumer Internet,Community Platform for Artists and Designers,Mumbai,Seed Funding,0.0,pratik seal,pratik seal,2016,September
2716,2716,2016-09-28,Beardo,eCommerce,Mens Grooming products etailer,Ahmedabad,Seed Funding,4.71,venture catalysts,venture catalyst,2016,September
2717,2717,2016-09-28,Instacar,Consumer Internet,Out-Station Taxi Rental Platform,Indore,Seed Funding,9.42,swastika co ltd,co,2016,September
2718,2718,2016-09-28,Celes Care,Consumer Internet,Virtual Health Clinic for Women,Hyderabad,Seed Funding,9.42,endiya partners,endiya partnersnn,2016,September
2719,2719,2016-09-28,Druva,Technology,Cloud Based Data Protection Solution,Pune,Private Equity,480.42,sequoia capital,quona capital,2016,September
2720,2720,2016-09-28,Druva,Technology,Cloud Based Data Protection Solution,Pune,Private Equity,480.42,edbi,edbi,2016,September
2721,2721,2016-09-28,Druva,Technology,Cloud Based Data Protection Solution,Pune,Private Equity,480.42,blue cloud ventures,sd ventures,2016,September
2722,2722,2016-09-28,Druva,Technology,Cloud Based Data Protection Solution,Pune,Private Equity,480.42,hercules capital,trifecta capital advisors,2016,September
2723,2723,2016-09-29,Promon,eCommerce,Local Commerce Platform,New Delhi,Seed Funding,1.6956,now capital,tano capital,2016,September
2724,2724,2016-09-29,Fastudent,eCommerce,Education eCommerce platform,Noida,Seed Funding,0.0,kanwaljit singh,seep singh,2016,September
2725,2725,2016-09-29,Fastudent,eCommerce,Education eCommerce platform,Noida,Seed Funding,0.0,ajay lakhotia,pidilite industries director ajay parekh,2016,September
2726,2726,2016-09-29,Fastudent,eCommerce,Education eCommerce platform,Noida,Seed Funding,0.0,pavan ongole,pavan ongole,2016,September
2727,2727,2016-09-29,Fastudent,eCommerce,Education eCommerce platform,Noida,Seed Funding,0.0,ashish gupta,sunil goyal ashish gupta,2016,September
2728,2728,2016-09-29,Unocoin,Consumer Internet,Bitcoin Wallet,Bangalore,Private Equity,14.13,blume ventures,blume ventures  rtp global,2016,September
2729,2729,2016-09-29,Unocoin,Consumer Internet,Bitcoin Wallet,Bangalore,Private Equity,14.13,mumbai angels,mumbai angel,2016,September
2730,2730,2016-09-29,Unocoin,Consumer Internet,Bitcoin Wallet,Bangalore,Private Equity,14.13,ah ventures,fao ventures,2016,September
2731,2731,2016-09-29,Unocoin,Consumer Internet,Bitcoin Wallet,Bangalore,Private Equity,14.13,digital currency group,manipal education  medical group memg,2016,September
2732,2732,2016-09-29,Unocoin,Consumer Internet,Bitcoin Wallet,Bangalore,Private Equity,14.13,boost vc,vc samsung next,2016,September
2733,2733,2016-09-29,Unocoin,Consumer Internet,Bitcoin Wallet,Bangalore,Private Equity,14.13,bank to the future  funders club,alphabets growth investment arm capital g  axis bank,2016,September
2734,2734,2016-09-30,Demyto,Consumer Internet,Vehicle maintenance Services platform,Pune,Seed Funding,0.0,deepak nathani,deepak nathani,2016,September
2735,2735,2016-09-30,Zeta,Technology,Enterprise Cloud Solutions,Mumbai,Private Equity,178.98,bhavin turakhia,bhavin turakhia,2016,September
2736,2736,2016-09-30,Kalaage,Consumer Internet,Social Networking Platform for Writers,Jaipur,Seed Funding,0.0,rajasthan angel innovators network,rajasthan angel investor network,2016,September
2737,2737,2016-08-01,HealthKart,eCommerce,Online Pharmacy & Health Marketplace,Gurgaon,Private Equity,113.04,sequoia capital,quona capital,2016,August
2738,2738,2016-08-01,HealthKart,eCommerce,Online Pharmacy & Health Marketplace,Gurgaon,Private Equity,113.04,omidyar network,omidyar networks,2016,August
2739,2739,2016-08-01,HealthKart,eCommerce,Online Pharmacy & Health Marketplace,Gurgaon,Private Equity,113.04,kae capital,vc firms india quotient  kae capital,2016,August
2740,2740,2016-08-01,Medinfi,Consumer Internet,Doctor & Clinic\\xc2\\xa0 Discovery Platform,Bangalore,Seed Funding,1.884,mudit saxena,xc2xa0 mohit saxena,2016,August
2741,2741,2016-08-01,Medinfi,Consumer Internet,Doctor & Clinic\\xc2\\xa0 Discovery Platform,Bangalore,Seed Funding,1.884,evan lim,m,2016,August
2742,2742,2016-08-01,RepairEasy,Consumer Internet,Gadget Repair Services Platform,Pune,Seed Funding,2.5905,undisclosed,undisclosed,2016,August
2743,2743,2016-08-01,Voonik,eCommerce,Online Women\\xe2\\x80\\x99s Fashion Marketplace,Bangalore,Private Equity,28.26,innoven capital,innoven capital india,2016,August
2744,2744,2016-08-01,Tokri,Consumer Internet,Hyperlocal Grocery Delivery platform,Pune,Private Equity,23.55,syska led group,manipal education  medical group memg,2016,August
2745,2745,2016-08-02,Sheroes,Consumer Internet,Online Job and Career Platform for Women,Noida,Private Equity,16.956,lumis partners,xc2xa0 lumis partners,2016,August
2746,2746,2016-08-02,Sheroes,Consumer Internet,Online Job and Career Platform for Women,Noida,Private Equity,16.956,the hr fund,hr fund,2016,August
2747,2747,2016-08-02,Sheroes,Consumer Internet,Online Job and Career Platform for Women,Noida,Private Equity,16.956,rajul garg,ps1 venture  globallogic cofounder rajul garg,2016,August
2748,2748,2016-08-02,Sheroes,Consumer Internet,Online Job and Career Platform for Women,Noida,Private Equity,16.956,quintillion media,gree ventures  summit media,2016,August
2749,2749,2016-08-02,Daily Ninja,Consumer Internet,Hyperlocal daily needs Products delivery platform,Bangalore,Seed Funding,0.0,venk krishnan,venk krishna,2016,August
2750,2750,2016-08-02,Daily Ninja,Consumer Internet,Hyperlocal daily needs Products delivery platform,Bangalore,Seed Funding,0.0,aprameya radhakrishna,aprameya radhakrishnan,2016,August
2751,2751,2016-08-02,Daily Ninja,Consumer Internet,Hyperlocal daily needs Products delivery platform,Bangalore,Seed Funding,0.0,anupam mittal,ajay relan  vinay mittal,2016,August
2752,2752,2016-08-02,Daily Ninja,Consumer Internet,Hyperlocal daily needs Products delivery platform,Bangalore,Seed Funding,0.0,kunal shah,kunal shah  manish patel,2016,August
2753,2753,2016-08-02,Daily Ninja,Consumer Internet,Hyperlocal daily needs Products delivery platform,Bangalore,Seed Funding,0.0,tracxn labs,tracxnlabs,2016,August
2754,2754,2016-08-02,Daily Ninja,Consumer Internet,Hyperlocal daily needs Products delivery platform,Bangalore,Seed Funding,0.0,subramanya sv,subramanya sv,2016,August
2755,2755,2016-08-02,Daily Ninja,Consumer Internet,Hyperlocal daily needs Products delivery platform,Bangalore,Seed Funding,0.0,ravi garkipati,ravi garikipati,2016,August
2756,2756,2016-08-02,Yumlane,Food & Beverage,Retail Food & Snack Offline centres,Mumbai,Seed Funding,9.42,binny bansal,bunny bansal,2016,August
2757,2757,2016-08-02,Yumlane,Food & Beverage,Retail Food & Snack Offline centres,Mumbai,Seed Funding,9.42,anupam mittal,ajay relan  vinay mittal,2016,August
2758,2758,2016-08-02,Yumlane,Food & Beverage,Retail Food & Snack Offline centres,Mumbai,Seed Funding,9.42,sachin bhatia,alok mittal  sachin bhatia,2016,August
2759,2759,2016-08-02,Yumlane,Food & Beverage,Retail Food & Snack Offline centres,Mumbai,Seed Funding,9.42,darius pole,darius pole,2016,August
2760,2760,2016-08-02,Yumlane,Food & Beverage,Retail Food & Snack Offline centres,Mumbai,Seed Funding,9.42,kunal khattar,kunal shah  manish patel,2016,August
2761,2761,2016-08-02,Yumlane,Food & Beverage,Retail Food & Snack Offline centres,Mumbai,Seed Funding,9.42,dheerag jain,dheeraj jain,2016,August
2762,2762,2016-08-03,Xcode,Healthcare,Personal Genomics,Chennai,Private Equity,0.0,roundglass partners,roundglass partners llc,2016,August
2763,2763,2016-08-03,ExtraCarbon,Consumer Internet,Waste Recycle Management platform,Gurgaon,Seed Funding,2.1195,br capital,b capital,2016,August
2764,2764,2016-08-03,FlickBay,Consumer Internet,Mobile Based Bollywood Discovery platform,Mumbai,Seed Funding,8.3838,paul roy,josh talks founders supriya paul  shobha banga,2016,August
2765,2765,2016-08-04,Petoo,Consumer Internet,Food Delivery Platform,Bangalore,Seed Funding,4.71,existing investors,valpro capital  existing investors,2016,August
2766,2766,2016-08-04,lehlehsports,Others,Sports Arena discovery,New Delhi,Seed Funding,0.0,indian angel network,india quotient  letsventures angel fund,2016,August
2767,2767,2016-08-05,Tricog,Healthcare,Healthcare Analytics Platform,Bangalore,Private Equity,0.0,inventus capital partners,inventus capital,2016,August
2768,2768,2016-08-05,Tricog,Healthcare,Healthcare Analytics Platform,Bangalore,Private Equity,0.0,blume ventures,blume ventures  rtp global,2016,August
2769,2769,2016-08-05,Tricog,Healthcare,Healthcare Analytics Platform,Bangalore,Private Equity,0.0,others,other,2016,August
2770,2770,2016-08-06,VST Travels,Technology,Travel Ticket Booking Software,Kerala,Seed Funding,0.25434,promatus group,manipal education  medical group memg,2016,August
2771,2771,2016-08-08,AdPushUp,Technology,Ad optimization Platform,New Delhi,Private Equity,0.0,geniee,geniee,2016,August
2772,2772,2016-08-08,AdPushUp,Technology,Ad optimization Platform,New Delhi,Private Equity,0.0,inc,dg incubation,2016,August
2773,2773,2016-08-08,AdPushUp,Technology,Ad optimization Platform,New Delhi,Private Equity,0.0,purvi capital,trifecta capital advisors,2016,August
2774,2774,2016-08-08,Wefly Indoor Skydiving,Others,Indoor Skydiving Sports Provider,Mumbai,Seed Funding,0.3768,swastika company ltd,swastika company pvt ltd,2016,August
2775,2775,2016-08-08,Mojarto,eCommerce,"Original Art, Digital Prints etailer",Gurgaon,Seed Funding,4.1919,undisclosed,undisclosed,2016,August
2776,2776,2016-08-08,Zipgrid,Consumer Internet,Community services platform,Mumbai,Seed Funding,1.884,1crowd through crowd funding,1crowd through crowdfunding,2016,August
2777,2777,2016-08-09,MobiDent,Healthcare,Dental Protection Solution,Bangalore,Seed Funding,0.0,centre for innovation incubation  entrepreneurship ciie,entrepreneurs,2016,August
2778,2778,2016-08-09,Zeolr/RespirON,Technology,Healthcare related IoT platform,New Delhi,Seed Funding,0.0,centre for innovation incubation  entrepreneurship ciie,entrepreneurs,2016,August
2779,2779,2016-08-10,Vebbler,Consumer Internet,Photo Sharing Mobile App,Bangalore,Seed Funding,4.71,anupam mittal,ajay relan  vinay mittal,2016,August
2780,2780,2016-08-10,Vebbler,Consumer Internet,Photo Sharing Mobile App,Bangalore,Seed Funding,4.71,sharad sharma,vijay shekhar sharma,2016,August
2781,2781,2016-08-10,Vebbler,Consumer Internet,Photo Sharing Mobile App,Bangalore,Seed Funding,4.71,14 others,others,2016,August
2782,2782,2016-08-10,Bombay Shaving Company,eCommerce,Men\\xe2\\x80\\x99s Grooming Product etailer,New Delhi,Seed Funding,5.652,noshir kaka,noshir kaka,2016,August
2783,2783,2016-08-10,Bombay Shaving Company,eCommerce,Men\\xe2\\x80\\x99s Grooming Product etailer,New Delhi,Seed Funding,5.652,indian angel network,india quotient  letsventures angel fund,2016,August
2784,2784,2016-08-10,Bombay Shaving Company,eCommerce,Men\\xe2\\x80\\x99s Grooming Product etailer,New Delhi,Seed Funding,5.652,kiran deshpe,kiran mazumdarshaw,2016,August
2785,2785,2016-08-10,Bombay Shaving Company,eCommerce,Men\\xe2\\x80\\x99s Grooming Product etailer,New Delhi,Seed Funding,5.652,pankaj gupta,prashant gupta  others,2016,August
2786,2786,2016-08-10,Bombay Shaving Company,eCommerce,Men\\xe2\\x80\\x99s Grooming Product etailer,New Delhi,Seed Funding,5.652,ravi nigam,ravi viswanathan,2016,August
2787,2787,2016-08-10,Bombay Shaving Company,eCommerce,Men\\xe2\\x80\\x99s Grooming Product etailer,New Delhi,Seed Funding,5.652,others,other,2016,August
2788,2788,2016-08-11,Travelyaari,Consumer Internet,Online ticket booking platform,Bangalore,Private Equity,65.94,gujarat venture finance limited gvfl,gujarat venture finance ltd,2016,August
2789,2789,2016-08-11,Travelyaari,Consumer Internet,Online ticket booking platform,Bangalore,Private Equity,65.94,bennett coleman,bennett coleman  company ltd bccl,2016,August
2790,2790,2016-08-11,Travelyaari,Consumer Internet,Online ticket booking platform,Bangalore,Private Equity,65.94,co ltd,titan co ltd,2016,August
2791,2791,2016-08-11,91SpringBoard,Consumer Internet,Co-Working Spaces Discovery & Booking platform,Mumbai,Private Equity,0.0,khattar holdings,sc gg india mobility holdings llc,2016,August
2792,2792,2016-08-11,91SpringBoard,Consumer Internet,Co-Working Spaces Discovery & Booking platform,Mumbai,Private Equity,0.0,thirtythree investments,rb investments,2016,August
2793,2793,2016-08-11,91SpringBoard,Consumer Internet,Co-Working Spaces Discovery & Booking platform,Mumbai,Private Equity,0.0,soumitra sharma,ld sharma,2016,August
2794,2794,2016-08-11,91SpringBoard,Consumer Internet,Co-Working Spaces Discovery & Booking platform,Mumbai,Private Equity,0.0,deepak sharma,vijay shekhar sharma,2016,August
2795,2795,2016-08-11,91SpringBoard,Consumer Internet,Co-Working Spaces Discovery & Booking platform,Mumbai,Private Equity,0.0,sumit dayal  others,others,2016,August
2796,2796,2016-08-11,Genextstudents,Consumer Internet,Online Tutoring Service provider,Mumbai,Seed Funding,1.96878,1crowd through crowdfunding,1crowd through crowd funding,2016,August
2797,2797,2016-08-11,Zenoti,Technology,Cloud Based Software Solutions Provider,Hyderabad,Private Equity,141.3,norwest venture partners,rwe,2016,August
2798,2798,2016-08-11,Zenoti,Technology,Cloud Based Software Solutions Provider,Hyderabad,Private Equity,141.3,accel,accel,2016,August
2799,2799,2016-08-12,Crofarm,Technology,Agri-Tech supply chain Solution provider,Gurgaon,Private Equity,14.13,mukul singhal,amit singhal  unitus seed fund,2016,August
2800,2800,2016-08-12,Crofarm,Technology,Agri-Tech supply chain Solution provider,Gurgaon,Private Equity,14.13,rohit jain,rohit,2016,August
2801,2801,2016-08-12,Crofarm,Technology,Agri-Tech supply chain Solution provider,Gurgaon,Private Equity,14.13,himanshu aggrawal,himanshu aggarwal,2016,August
2802,2802,2016-08-12,Crofarm,Technology,Agri-Tech supply chain Solution provider,Gurgaon,Private Equity,14.13,sunil goyal ashish gupta,ashish gupta,2016,August
2803,2803,2016-08-12,Faircent.com,Consumer Internet,peer-to-peer lending platform,Gurgaon,Private Equity,14.13,br capital,b capital,2016,August
2804,2804,2016-08-12,Innovaccer,Technology,Integrated Enterprise Analytics Platform,Noida,Private Equity,146.952,westbridge capital partners,westbridge capital,2016,August
2805,2805,2016-08-12,Cuberoot,Technology,Data Analytics & Audience Management Platform,Gurgaon,Seed Funding,4.71,undisclosed,undisclosed,2016,August
2806,2806,2016-08-12,Funcastic,Consumer Internet,B2C vernacular podcast aggregator platform,New Delhi,Seed Funding,0.0,ht media ltd,ht media,2016,August
2807,2807,2016-08-12,Funcastic,Consumer Internet,B2C vernacular podcast aggregator platform,New Delhi,Seed Funding,0.0,north base media,base of pyramid asia bopa pte ltd,2016,August
2808,2808,2016-08-15,Buttercups,ECommerce,Women Intimate Wear eTailer,Bangalore,Seed Funding,0.0,an chrasekaran,ping an global voyager fund,2016,August
2809,2809,2016-08-15,Buttercups,ECommerce,Women Intimate Wear eTailer,Bangalore,Seed Funding,0.0,kanwaljit singh,seep singh,2016,August
2810,2810,2016-08-15,Buttercups,ECommerce,Women Intimate Wear eTailer,Bangalore,Seed Funding,0.0,manoj varghese,manoj varghese,2016,August
2811,2811,2016-08-16,Zappfresh,ECommerce,Raw Meat Products eTailer,Gurgaon,Seed Funding,0.0,ashvin chadha,ashvin chadha,2016,August
2812,2812,2016-08-16,OYO Rooms,Consumer Internet,Budget Hotels Aggregator,New Delhi,Private Equity,584.04,softbank,softbank,2016,August
2813,2813,2016-08-16,Hike,Consumer Internet,Mobile Messaging App,New Delhi,Private Equity,1648.5,tencent holdings,tencent holdings ltd,2016,August
2814,2814,2016-08-16,Hike,Consumer Internet,Mobile Messaging App,New Delhi,Private Equity,1648.5,foxconn technology group,foxconn,2016,August
2815,2815,2016-08-16,Hike,Consumer Internet,Mobile Messaging App,New Delhi,Private Equity,1648.5,tiger global,ping an global voyager fund,2016,August
2816,2816,2016-08-16,Hike,Consumer Internet,Mobile Messaging App,New Delhi,Private Equity,1648.5,softbank,softbank,2016,August
2817,2817,2016-08-16,Hike,Consumer Internet,Mobile Messaging App,New Delhi,Private Equity,1648.5,bharti enterprises,bharti enterprises,2016,August
2818,2818,2016-08-16,Joolz,eCommerce,Online Jewellery Store,Mumbai,Private Equity,4.71,powerhouse ventures,powerhouse ventures usa,2016,August
2819,2819,2016-08-16,Joolz,eCommerce,Online Jewellery Store,Mumbai,Private Equity,4.71,m,paytm,2016,August
2820,2820,2016-08-16,Joolz,eCommerce,Online Jewellery Store,Mumbai,Private Equity,4.71,s partners,insignia ventures partners,2016,August
2821,2821,2016-08-16,SaleBhai,eCommerce,"Sweets, Dry Fruits & Handicrafts etailer",Ahmedabad,Private Equity,14.13,br capital,b capital,2016,August
2822,2822,2016-08-16,Makkajai,Technology,Online & Mobile learning for kids,Pune,Seed Funding,2.355,an chrasekaran,ping an global voyager fund,2016,August
2823,2823,2016-08-16,Makkajai,Technology,Online & Mobile learning for kids,Pune,Seed Funding,2.355,ananth narayanan,ananth narayanan,2016,August
2824,2824,2016-08-16,Makkajai,Technology,Online & Mobile learning for kids,Pune,Seed Funding,2.355,mekin maheshwari,mekin maheshwar,2016,August
2825,2825,2016-08-16,Makkajai,Technology,Online & Mobile learning for kids,Pune,Seed Funding,2.355,ravi garikipati,ravi garkipati,2016,August
2826,2826,2016-08-16,Makkajai,Technology,Online & Mobile learning for kids,Pune,Seed Funding,2.355,divyesh shah,myntra  mitesh shah finance chief,2016,August
2827,2827,2016-08-16,Makkajai,Technology,Online & Mobile learning for kids,Pune,Seed Funding,2.355,swastika company ltd,swastika company pvt ltd,2016,August
2828,2828,2016-08-16,Gradopedia,Consumer Internet,Career progression Portal,Mumbai,Seed Funding,0.0,undisclosed,undisclosed,2016,August
2829,2829,2016-08-17,MaalGaadi,Logistics,Online Logistics Marketplace,Indore,Seed Funding,3.5325,swan angel network,india quotient  letsventures angel fund,2016,August
2830,2830,2016-08-17,MaalGaadi,Logistics,Online Logistics Marketplace,Indore,Seed Funding,3.5325,sachin khelwal  others,others,2016,August
2831,2831,2016-08-17,ZiPi,Technology,Mobile Chatbot App,Bangalore,Seed Funding,0.0,swan angel network,india quotient  letsventures angel fund,2016,August
2832,2832,2016-08-17,Appknox,Technology,Mobile security solutions,Bangalore,Private Equity,6.3585,seedplus,seedplus,2016,August
2833,2833,2016-08-17,Appknox,Technology,Mobile security solutions,Bangalore,Private Equity,6.3585,infocomm investments,al nour international holdings  mark v investments,2016,August
2834,2834,2016-08-17,Appknox,Technology,Mobile security solutions,Bangalore,Private Equity,6.3585,accel,accel,2016,August
2835,2835,2016-08-17,Pikkol,Logistics,Packers & Movers,Bangalore,Seed Funding,0.0,indian angel network,india quotient  letsventures angel fund,2016,August
2836,2836,2016-08-18,Meesho,eCommerce,Mobile based eCommerce SAAS platform,Bangalore,Seed Funding,0.0,kashyap deorah,kashyap deorah,2016,August
2837,2837,2016-08-18,Meesho,eCommerce,Mobile based eCommerce SAAS platform,Bangalore,Seed Funding,0.0,rajul garg,ps1 venture  globallogic cofounder rajul garg,2016,August
2838,2838,2016-08-18,Meesho,eCommerce,Mobile based eCommerce SAAS platform,Bangalore,Seed Funding,0.0,maninder gulati,pk gulati,2016,August
2839,2839,2016-08-18,Sesame Software,Technology,Financial Technology Solutions Provider,Kozhikode,Private Equity,0.0,indian angel network,india quotient  letsventures angel fund,2016,August
2840,2840,2016-08-19,Quikr,Consumer Internet,Classified Listings platform,Mumbai,Private Equity,188.4,br capital,b capital,2016,August
2841,2841,2016-08-19,Digio,Technology,Aadhar based Document Signing platform,Bangalore,Private Equity,3.5325,rainmatter,rainmatter,2016,August
2842,2842,2016-08-19,Ziffity,Technology,Full Service Ecommerce Agency,Chennai,Private Equity,0.0,aspire systems,xc2xa0 ganayantrika systems,2016,August
2843,2843,2016-08-22,Zzungry,Consumer Internet,Food Delivery platform,Bangalore,Seed Funding,0.0,satish vasudeva,satish khanna  taparia family office,2016,August
2844,2844,2016-08-22,Zzungry,Consumer Internet,Food Delivery platform,Bangalore,Seed Funding,0.0,madhusudhan jujare,madhusudhan jujare,2016,August
2845,2845,2016-08-22,Zzungry,Consumer Internet,Food Delivery platform,Bangalore,Seed Funding,0.0,others,other,2016,August
2846,2846,2016-08-22,Puro Wellness,healthcare,"Organic,\\xc2\\xa0 Natural\\xc2\\xa0 Food substitute manufacturer",Mumbai,Private Equity,348.54,torrent group,manipal education  medical group memg,2016,August
2847,2847,2016-08-22,Fitternity,Consumer Internet,Fitness Gym & Services Discovery platform,Mumbai,Private Equity,0.0,saha fund,the saha fund,2016,August
2848,2848,2016-08-22,Fitternity,Consumer Internet,Fitness Gym & Services Discovery platform,Mumbai,Private Equity,0.0,exfinity venture partners,exfinity venture,2016,August
2849,2849,2016-08-22,Fitternity,Consumer Internet,Fitness Gym & Services Discovery platform,Mumbai,Private Equity,0.0,others,other,2016,August
2850,2850,2016-08-23,TAC Security,Technology,Cyber-Security Solutions Provider,New Delhi,Seed Funding,0.0,vijay kedia,vijay shekhar sharma,2016,August
2851,2851,2016-08-23,Notesgen,Consumer Internet,Online Notes Sharing Portal,New Delhi,Seed Funding,0.942,riju gupta,prashant gupta  others,2016,August
2852,2852,2016-08-23,Notesgen,Consumer Internet,Online Notes Sharing Portal,New Delhi,Seed Funding,0.942,kamal chabra,kamal chabra,2016,August
2853,2853,2016-08-23,NearU,Consumer Internet,Marketing app for retailers,Mumbai,Seed Funding,0.0,dr goutam challagalla,dr devi shetty,2016,August
2854,2854,2016-08-23,Octo.ai,Technology,Artificial Intelligence based marketing platform,New Delhi,Seed Funding,1.884,outbox ventures,breakthrough energy ventures,2016,August
2855,2855,2016-08-23,Octo.ai,Technology,Artificial Intelligence based marketing platform,New Delhi,Seed Funding,1.884,jaspreet bindra,jaspreet bindra,2016,August
2856,2856,2016-08-23,Octo.ai,Technology,Artificial Intelligence based marketing platform,New Delhi,Seed Funding,1.884,arjun malhotra,arun malhotra,2016,August
2857,2857,2016-08-23,Octo.ai,Technology,Artificial Intelligence based marketing platform,New Delhi,Seed Funding,1.884,rohan malhotra,arjun  rohan malhotra,2016,August
2858,2858,2016-08-23,Octo.ai,Technology,Artificial Intelligence based marketing platform,New Delhi,Seed Funding,1.884,sidharth rao,sidharth rozario,2016,August
2859,2859,2016-08-23,Octo.ai,Technology,Artificial Intelligence based marketing platform,New Delhi,Seed Funding,1.884,rakesh agrawal,radhakrishan damani  rakesh jhunjhunwala,2016,August
2860,2860,2016-08-24,ShaadiSaga,Consumer Internet,Wedding Website Creator,New Delhi,Seed Funding,0.0,ah ventures,fao ventures,2016,August
2861,2861,2016-08-24,ShaadiSaga,Consumer Internet,Wedding Website Creator,New Delhi,Seed Funding,0.0,anupam mittal,ajay relan  vinay mittal,2016,August
2862,2862,2016-08-24,ShaadiSaga,Consumer Internet,Wedding Website Creator,New Delhi,Seed Funding,0.0,kunal shah,kunal shah  manish patel,2016,August
2863,2863,2016-08-24,ShaadiSaga,Consumer Internet,Wedding Website Creator,New Delhi,Seed Funding,0.0,seep ton,xc2xa0 seep ton,2016,August
2864,2864,2016-08-24,ShaadiSaga,Consumer Internet,Wedding Website Creator,New Delhi,Seed Funding,0.0,dheeraj jain,dheerag jain,2016,August
2865,2865,2016-08-24,ShaadiSaga,Consumer Internet,Wedding Website Creator,New Delhi,Seed Funding,0.0,rohit chokhani,rohit,2016,August
2866,2866,2016-08-24,UnaAcademy,Consumer Internet,Free Interactive education platform,Bangalore,Private Equity,9.42,blume ventures,blume ventures  rtp global,2016,August
2867,2867,2016-08-24,UnaAcademy,Consumer Internet,Free Interactive education platform,Bangalore,Private Equity,9.42,sachin bansal,axilor ventures  binny bansal,2016,August
2868,2868,2016-08-24,UnaAcademy,Consumer Internet,Free Interactive education platform,Bangalore,Private Equity,9.42,vijay shekhar sharma,nishit sharma,2016,August
2869,2869,2016-08-24,UnaAcademy,Consumer Internet,Free Interactive education platform,Bangalore,Private Equity,9.42,binny bansal,bunny bansal,2016,August
2870,2870,2016-08-24,UnaAcademy,Consumer Internet,Free Interactive education platform,Bangalore,Private Equity,9.42,xc2xa0 kunal shah,kunal shah,2016,August
2871,2871,2016-08-24,UnaAcademy,Consumer Internet,Free Interactive education platform,Bangalore,Private Equity,9.42,seep ton,xc2xa0 seep ton,2016,August
2872,2872,2016-08-24,UnaAcademy,Consumer Internet,Free Interactive education platform,Bangalore,Private Equity,9.42,indian angel network,india quotient  letsventures angel fund,2016,August
2873,2873,2016-08-24,Advenio,Technology,Clinical Imaging Solution Provider,Chandigarh,Seed Funding,0.942,kalaari capital,romulus capital  kalaari capital,2016,August
2874,2874,2016-08-24,Guarented,eCommerce,Home Furnishing rental marketplace,Bangalore,Seed Funding,4.71,kalaari capital,romulus capital  kalaari capital,2016,August
2875,2875,2016-08-24,Beyond Evolution,Technology,Mobile Apps & Tech Services provider,Gurgaon,Seed Funding,0.0,vineet taneja,vineet taneja,2016,August
2876,2876,2016-08-24,Beyond Evolution,Technology,Mobile Apps & Tech Services provider,Gurgaon,Seed Funding,0.0,kamal puri,kamal puri,2016,August
2877,2877,2016-08-24,Uber Dreams,eCommerce,Dreams fulfilling marketplace,Mumbai,Seed Funding,4.71,mohit lalvani,subhkam ventures  mohit khadaria,2016,August
2878,2878,2016-08-24,Convegenius,Education,Edutainment platform,Noida,Private Equity,8.478,michael  susan dell foundation,susan dell foundation,2016,August
2879,2879,2016-08-24,UrbanLadder,eCommerce,Online Furniture Store,Mumbai,Private Equity,28.26,trifecta capital,trifecta capital advisors,2016,August
2880,2880,2016-08-24,enCashea,Consumer Internet,Scrap Collection and Recycling platform,Bangalore,Seed Funding,0.0,kunal shah,kunal shah  manish patel,2016,August
2881,2881,2016-08-24,enCashea,Consumer Internet,Scrap Collection and Recycling platform,Bangalore,Seed Funding,0.0,seep ton,xc2xa0 seep ton,2016,August
2882,2882,2016-08-24,enCashea,Consumer Internet,Scrap Collection and Recycling platform,Bangalore,Seed Funding,0.0,tracxn labs,tracxnlabs,2016,August
2883,2883,2016-08-25,EngineerBabu,Technology,Mobile App & Web Development company,Indore,Seed Funding,0.0,scale ventures,scale ventures funds,2016,August
2884,2884,2016-08-25,Cult,Healthcare,Health and Fitness Centres,Bangalore,Private Equity,28.26,curefit,curefit,2016,August
2885,2885,2016-08-25,WitWorks,Technology,Consumer IoT Startup,Bangalore,Seed Funding,0.0,fireside ventures,healthquad  fireside ventures,2016,August
2886,2886,2016-08-25,WitWorks,Technology,Consumer IoT Startup,Bangalore,Seed Funding,0.0,investopad,investopad,2016,August
2887,2887,2016-08-25,WitWorks,Technology,Consumer IoT Startup,Bangalore,Seed Funding,0.0,p39 capital,trifecta capital advisors,2016,August
2888,2888,2016-08-25,WitWorks,Technology,Consumer IoT Startup,Bangalore,Seed Funding,0.0,anupam mittal,ajay relan  vinay mittal,2016,August
2889,2889,2016-08-25,WitWorks,Technology,Consumer IoT Startup,Bangalore,Seed Funding,0.0,pranay jivrajka,pranay jivrajka,2016,August
2890,2890,2016-08-25,WitWorks,Technology,Consumer IoT Startup,Bangalore,Seed Funding,0.0,maninder gulati,pk gulati,2016,August
2891,2891,2016-08-25,WitWorks,Technology,Consumer IoT Startup,Bangalore,Seed Funding,0.0,abhinav sinha,dr pramath raj sinha,2016,August
2892,2892,2016-08-25,NearFox,Consumer Internet,Local Lifestyle Content and Discovery Platform,Mumbai,Seed Funding,0.0,globevestor angel fund,globevestor,2016,August
2893,2893,2016-08-25,NearFox,Consumer Internet,Local Lifestyle Content and Discovery Platform,Mumbai,Seed Funding,0.0,devendra rane,devendra rane,2016,August
2894,2894,2016-08-25,NearFox,Consumer Internet,Local Lifestyle Content and Discovery Platform,Mumbai,Seed Funding,0.0,ravi jain,ravi viswanathan,2016,August
2895,2895,2016-08-25,NearFox,Consumer Internet,Local Lifestyle Content and Discovery Platform,Mumbai,Seed Funding,0.0,xc2xa0 arpan nagdeve,xc2xa0,2016,August
2896,2896,2016-08-25,ZoomCar,Consumer Internet,Self-driven car booking platform,Bangalore,Private Equity,226.08,ford smart mobility llc,lindwall family investments llc lfi,2016,August
2897,2897,2016-08-26,Plix,Consumer Internet,Photo and Video Sharing App,Gurgaon,Seed Funding,4.71,instalabs,instalabs,2016,August
2898,2898,2016-08-26,Mobikwik,Consumer Internet,Digital Wallet platform,Gurgaon,Private Equity,376.8,net1 ueps technologies inc,dhi group inc,2016,August
2899,2899,2016-08-26,MyDidi,Consumer Internet,"on-demand, hyper-local Cleaning services provider",Mumbai,Seed Funding,5.181,undisclosed,undisclosed,2016,August
2900,2900,2016-08-26,CrownIt,Consumer Internet,Cashback Mobile app,Gurgaon,Seed Funding,0.0,kunal shah,kunal shah  manish patel,2016,August
2901,2901,2016-08-26,CrownIt,Consumer Internet,Cashback Mobile app,Gurgaon,Seed Funding,0.0,seep ton,xc2xa0 seep ton,2016,August
2902,2902,2016-08-26,CrownIt,Consumer Internet,Cashback Mobile app,Gurgaon,Seed Funding,0.0,girish mathrubootham,girish matrubootham,2016,August
2903,2903,2016-08-26,CrownIt,Consumer Internet,Cashback Mobile app,Gurgaon,Seed Funding,0.0,an chrasekaran,ping an global voyager fund,2016,August
2904,2904,2016-08-29,LoanTap,Consumer Internet,Lending platform for Salaried professionals,Mumbai,Private Equity,28.26,dr abhishek pey,pallav pey,2016,August
2905,2905,2016-08-29,LoanTap,Consumer Internet,Lending platform for Salaried professionals,Mumbai,Private Equity,28.26,jaysukh sapra,sap,2016,August
2906,2906,2016-08-29,Runnr,Consumer Internet,hyperlocal Logistics services provider,Bangalore,Private Equity,65.94,nexus venture partners,norwest venture partners,2016,August
2907,2907,2016-08-29,Runnr,Consumer Internet,hyperlocal Logistics services provider,Bangalore,Private Equity,65.94,blume ventures,blume ventures  rtp global,2016,August
2908,2908,2016-08-29,Zolo,Consumer Internet,on-demand online talent marketplace,Noida,Private Equity,0.0,hitouch ag,rocket internet ag,2016,August
2909,2909,2016-08-29,Notion Press,Consumer Internet,Self-Publishing books platform,Chennai,Private Equity,9.42,undisclosed,undisclosed,2016,August
2910,2910,2016-08-29,LivSpace,Consumer Internet,Online portal for Home Design,Bangalore,Private Equity,141.3,bessemer venture partners,bessemer venture partner,2016,August
2911,2911,2016-08-29,LivSpace,Consumer Internet,Online portal for Home Design,Bangalore,Private Equity,141.3,jungle ventures,lakestar  jungle ventures,2016,August
2912,2912,2016-08-29,LivSpace,Consumer Internet,Online portal for Home Design,Bangalore,Private Equity,141.3,helion ventures,helion venture,2016,August
2913,2913,2016-08-30,iAugmentor Labs,Technology,Assessment & Learning Platform,Gurgaon,Seed Funding,1.40358,rajasthan angel investor network,rajasthan angel innovators network,2016,August
2914,2914,2016-08-30,iAugmentor Labs,Technology,Assessment & Learning Platform,Gurgaon,Seed Funding,1.40358,others,other,2016,August
2915,2915,2016-08-30,DayBox,Consumer Internet,Fruit & Vegetable Delivery platform,New Delhi,Seed Funding,0.97968,ashutosh lawania,ashutosh lawania,2016,August
2916,2916,2016-08-30,DayBox,Consumer Internet,Fruit & Vegetable Delivery platform,New Delhi,Seed Funding,0.97968,rajul jain,ps1 venture  globallogic cofounder rajul garg,2016,August
2917,2917,2016-08-30,DayBox,Consumer Internet,Fruit & Vegetable Delivery platform,New Delhi,Seed Funding,0.97968,badal malick,xc2xa0 badal malick,2016,August
2918,2918,2016-08-30,DayBox,Consumer Internet,Fruit & Vegetable Delivery platform,New Delhi,Seed Funding,0.97968,rishi gupta,risabh gupta,2016,August
2919,2919,2016-08-30,DayBox,Consumer Internet,Fruit & Vegetable Delivery platform,New Delhi,Seed Funding,0.97968,others,other,2016,August
2920,2920,2016-08-30,Paytm,eCommerce,Mobile Wallet & ECommerce platform,Bangalore,Private Equity,565.2,mediatek inc,inc,2016,August
2921,2921,2016-08-30,CropIn,Technology,Agriculture Technology Solutions,Bangalore,Private Equity,18.84,sophia investment aps,alphabets growth investment arm capital g  axis bank,2016,August
2922,2922,2016-08-30,Canvera,Consumer Internet,Photographer Discovery & Information platform,Bangalore,Private Equity,28.26,info edge india ltd,info edge india ltd  temasek,2016,August
2923,2923,2016-08-30,Prime Focus Technologies,Technology,Hybrid Cloud technology enabled Media ERP platform,Mumbai,Private Equity,0.0,ambit pragma,ambit pragma,2016,August
2924,2924,2016-08-31,Flyrobe,eCommerce,Online fashion rental platform,Mumbai,Private Equity,49.926,idg ventures,idg venture,2016,August
2925,2925,2016-08-31,Flyrobe,eCommerce,Online fashion rental platform,Mumbai,Private Equity,49.926,sequoia capital,quona capital,2016,August
2926,2926,2016-08-31,Flyrobe,eCommerce,Online fashion rental platform,Mumbai,Private Equity,49.926,gree ventures,gree ventures  summit media,2016,August
2927,2927,2016-08-31,inclov,Consumer Internet,Matchmaking App for Disabled,Mumbai,Seed Funding,0.0,sarbvir singh,imanpreet singh arora,2016,August
2928,2928,2016-08-31,inclov,Consumer Internet,Matchmaking App for Disabled,Mumbai,Seed Funding,0.0,raghav bahl,raghav bahl,2016,August
2929,2929,2016-07-01,RazorPay,Consumer Internet,Online Payment Gateway,Bangalore,Private Equity,0.0,mastercard,amazon inc  mastercard,2016,July
2930,2930,2016-07-01,DarwinBox,Technology,HR Software Services Startup,Hyderabad,Seed Funding,0.0,3one4 capital,trifecta capital advisors,2016,July
2931,2931,2016-07-01,DarwinBox,Technology,HR Software Services Startup,Hyderabad,Seed Funding,0.0,tracxn labs,tracxnlabs,2016,July
2932,2932,2016-07-01,DarwinBox,Technology,HR Software Services Startup,Hyderabad,Seed Funding,0.0,aaruha technology fund,hr technology fund,2016,July
2933,2933,2016-07-01,DarwinBox,Technology,HR Software Services Startup,Hyderabad,Seed Funding,0.0,endiya partners,endiya partnersnn,2016,July
2934,2934,2016-07-01,Venture Catalysts,Consumer Internet,Seed Investment & Innovation Platform,Mumbai,Seed Funding,4.71,zaffiro ventures,breakthrough energy ventures,2016,July
2935,2935,2016-07-01,PressPlay TV,Consumer Internet,Video Content Discovery Platform,New Delhi,Private Equity,0.0,sequoia capital,quona capital,2016,July
2936,2936,2016-07-01,PressPlay TV,Consumer Internet,Video Content Discovery Platform,New Delhi,Private Equity,0.0,sd ventures,sb ventures,2016,July
2937,2937,2016-07-01,PressPlay TV,Consumer Internet,Video Content Discovery Platform,New Delhi,Private Equity,0.0,vistaar investment advisors pvt ltd,ruizheng investment,2016,July
2938,2938,2016-07-02,Playment,Consumer Internet,Mobile Marketplace for Crowdsourced Work,Bangalore,Private Equity,6.594,saif partners,saif partners  lgt impact ventures,2016,July
2939,2939,2016-07-04,WealthTrust,Consumer Internet,Wealth Management App,Mumbai,Seed Funding,0.0,india quotient,india quotient  letsventures angel fund,2016,July
2940,2940,2016-07-04,Curefit,Consumer Internet,Online Preventive Healthcare Platform,Bangalore,Private Equity,141.3,accel,accel,2016,July
2941,2941,2016-07-04,Curefit,Consumer Internet,Online Preventive Healthcare Platform,Bangalore,Private Equity,141.3,idg ventures,idg venture,2016,July
2942,2942,2016-07-04,Curefit,Consumer Internet,Online Preventive Healthcare Platform,Bangalore,Private Equity,141.3,kalaari capital,romulus capital  kalaari capital,2016,July
2943,2943,2016-07-04,StitchWood,eCommerce,Custom Furniture Online,Mumbai,Seed Funding,1.884,deepak gupta,prashant gupta  others,2016,July
2944,2944,2016-07-04,Grab.in,Logistics,hyperlocal logistics service,Mumbai,Private Equity,18.84,aramex ventures llc,sc gg india mobility holdings llc,2016,July
2945,2945,2016-07-04,Fulfil.IO,Consumer Internet,Cloud Based ERP Software,US,Seed Funding,0.0,rajan anan,rajan anan from google,2016,July
2946,2946,2016-07-04,NeoGrowth,Finance,SME Lending platform,Mumbai,Private Equity,150.72,iifl wealth management seed venture fund,iifl wealth,2016,July
2947,2947,2016-07-04,NeoGrowth,Finance,SME Lending platform,Mumbai,Private Equity,150.72,omidyar network,omidyar networks,2016,July
2948,2948,2016-07-04,NeoGrowth,Finance,SME Lending platform,Mumbai,Private Equity,150.72,khosla impact,saif partners  lgt impact ventures,2016,July
2949,2949,2016-07-04,NeoGrowth,Finance,SME Lending platform,Mumbai,Private Equity,150.72,aspada,aspada investment,2016,July
2950,2950,2016-07-05,SeeDoc,Consumer Internet,Video Based Doctor Consulting platform App,Gurgaon,Private Equity,9.42,yournest angel fundxc2xa0,xc2xa0,2016,July
2951,2951,2016-07-05,SeeDoc,Consumer Internet,Video Based Doctor Consulting platform App,Gurgaon,Private Equity,9.42,others,other,2016,July
2952,2952,2016-07-05,BookMyShow,Consumer Internet,Event & Movie Ticketing platform,Mumbai,Private Equity,772.44,stripes group,manipal education  medical group memg,2016,July
2953,2953,2016-07-05,BookMyShow,Consumer Internet,Event & Movie Ticketing platform,Mumbai,Private Equity,772.44,network 18,indian angel network,2016,July
2954,2954,2016-07-05,BookMyShow,Consumer Internet,Event & Movie Ticketing platform,Mumbai,Private Equity,772.44,accel,accel,2016,July
2955,2955,2016-07-05,BookMyShow,Consumer Internet,Event & Movie Ticketing platform,Mumbai,Private Equity,772.44,saif partners,saif partners  lgt impact ventures,2016,July
2956,2956,2016-07-05,Flyrobe,eCommerce,Online fashion rental platform,Mumbai,Seed Funding,16.014,sequoia capital,quona capital,2016,July
2957,2957,2016-07-05,Flyrobe,eCommerce,Online fashion rental platform,Mumbai,Seed Funding,16.014,rohit bansal,rohit,2016,July
2958,2958,2016-07-05,Flyrobe,eCommerce,Online fashion rental platform,Mumbai,Seed Funding,16.014,kunal bahl,kunal shah  manish patel,2016,July
2959,2959,2016-07-05,Flyrobe,eCommerce,Online fashion rental platform,Mumbai,Seed Funding,16.014,seep ton,xc2xa0 seep ton,2016,July
2960,2960,2016-07-05,Flyrobe,eCommerce,Online fashion rental platform,Mumbai,Seed Funding,16.014,kunal shah,kunal shah  manish patel,2016,July
2961,2961,2016-07-05,Flyrobe,eCommerce,Online fashion rental platform,Mumbai,Seed Funding,16.014,zishaan hayath,zishan hayath,2016,July
2962,2962,2016-07-05,Flyrobe,eCommerce,Online fashion rental platform,Mumbai,Seed Funding,16.014,xc2xa0 abhishek jain,abhishek jain,2016,July
2963,2963,2016-07-06,HappilyUnmarried,eCommerce,Online Merchandize etailer,New Delhi,Private Equity,6.9708,info edge india ltd,info edge india ltd  temasek,2016,July
2964,2964,2016-07-06,Donxe2x80x99t Scratch Your Head,Technology,Full Stack Offline & Online ERP Solution,Ahmedabad,Seed Funding,2.355,gaurav singhvi,ghv,2016,July
2965,2965,2016-07-06,Donxe2x80x99t Scratch Your Head,Technology,Full Stack Offline & Online ERP Solution,Ahmedabad,Seed Funding,2.355,zaffiro ventures,breakthrough energy ventures,2016,July
2966,2966,2016-07-06,Wedding Wishlist,Consumer Internet,"Wedding Wishlist, Gifts & Registry Creation platform",Chennai,Seed Funding,2.79774,kirthiga reddy,amrendra reddy  manish satnaliwala,2016,July
2967,2967,2016-07-06,Wedding Wishlist,Consumer Internet,"Wedding Wishlist, Gifts & Registry Creation platform",Chennai,Seed Funding,2.79774,renuka ramanath,renuka ramanath,2016,July
2968,2968,2016-07-06,Wedding Wishlist,Consumer Internet,"Wedding Wishlist, Gifts & Registry Creation platform",Chennai,Seed Funding,2.79774,cherry tin,cherry tin,2016,July
2969,2969,2016-07-07,AppDaily,Technology,Mobile Security App development & Distribution,Mumbai,Private Equity,18.84,kalaari capital,romulus capital  kalaari capital,2016,July
2970,2970,2016-07-07,AppDaily,Technology,Mobile Security App development & Distribution,Mumbai,Private Equity,18.84,qualcomm ventures,qualcomm venture,2016,July
2971,2971,2016-07-07,AppDaily,Technology,Mobile Security App development & Distribution,Mumbai,Private Equity,18.84,runet,runet south asia,2016,July
2972,2972,2016-07-07,AppDaily,Technology,Mobile Security App development & Distribution,Mumbai,Private Equity,18.84,zodius technology opportunities fund,vertex growth fund,2016,July
2973,2973,2016-07-07,Adytude,Consumer Internet,Gamified Consumer Insights Portal,New Delhi,Private Equity,9.42,indian angel network,india quotient  letsventures angel fund,2016,July
2974,2974,2016-07-07,Quickli,Logistics,On-Demand Delivery Startup,Gurgaon,Private Equity,0.0,avg group,manipal education  medical group memg,2016,July
2975,2975,2016-07-07,Quickli,Logistics,On-Demand Delivery Startup,Gurgaon,Private Equity,0.0,500 startups,500 startups,2016,July
2976,2976,2016-07-07,SpectraVR,Technology,Virtual Reality Content Studio,Mumbai,Seed Funding,0.0,rothenberg ventures,rps ventures,2016,July
2977,2977,2016-07-08,Pitstop,Consumer Internet,Online Car Repair and Servicing Booking platform,Bangalore,Seed Funding,0.0,alex chua,alex kuruvilla,2016,July
2978,2978,2016-07-08,Pitstop,Consumer Internet,Online Car Repair and Servicing Booking platform,Bangalore,Seed Funding,0.0,rahul garg,rajul garg,2016,July
2979,2979,2016-07-08,Ola,Consumer Internet,Online Food Ordering & Delivery Platform,Mumbai,Private Equity,18.369,kalaari capital,romulus capital  kalaari capital,2016,July
2980,2980,2016-07-08,Ola,Consumer Internet,Online Food Ordering & Delivery Platform,Mumbai,Private Equity,18.369,india quotient,india quotient  letsventures angel fund,2016,July
2981,2981,2016-07-11,Purplle,eCommerce,Beauty Products Marketplace,Mumbai,Private Equity,56.52,jsw ventures,ojas ventures,2016,July
2982,2982,2016-07-11,Purplle,eCommerce,Beauty Products Marketplace,Mumbai,Private Equity,56.52,blume ventures,blume ventures  rtp global,2016,July
2983,2983,2016-07-11,Purplle,eCommerce,Beauty Products Marketplace,Mumbai,Private Equity,56.52,ivycap ventures,ivycamp ventures,2016,July
2984,2984,2016-07-11,Trak N Tell,Technology,Car Tracking & Safety System,Gurgaon,Private Equity,32.97,indian angel network,india quotient  letsventures angel fund,2016,July
2985,2985,2016-07-11,Overcart.com,eCommerce,Unboxed & refurbished electronic products marketplace,Gurgaon,Private Equity,28.26,jsw ventures,ojas ventures,2016,July
2986,2986,2016-07-11,Overcart.com,eCommerce,Unboxed & refurbished electronic products marketplace,Gurgaon,Private Equity,28.26,omidyar network,omidyar networks,2016,July
2987,2987,2016-07-11,Overcart.com,eCommerce,Unboxed & refurbished electronic products marketplace,Gurgaon,Private Equity,28.26,sattva capital,sarva capital,2016,July
2988,2988,2016-07-11,Overcart.com,eCommerce,Unboxed & refurbished electronic products marketplace,Gurgaon,Private Equity,28.26,venture works,sprout venture partners,2016,July
2989,2989,2016-07-12,SirionLabs,Technology,SAAS based Service Agreement Management,Gurgaon,Private Equity,115.395,sequoia capital,quona capital,2016,July
2990,2990,2016-07-12,GyanDhan,Consumer Internet,Education Focused Financing Platform,New Delhi,Seed Funding,0.0,stanford angels,director at byramjee jeejeebhoy pvt ltd were among the angels,2016,July
2991,2991,2016-07-12,GyanDhan,Consumer Internet,Education Focused Financing Platform,New Delhi,Seed Funding,0.0,entrepreneurs,entrepreneurs india,2016,July
2992,2992,2016-07-12,GyanDhan,Consumer Internet,Education Focused Financing Platform,New Delhi,Seed Funding,0.0,harvard angels,mumbai angels network,2016,July
2993,2993,2016-07-12,MintM,Consumer Internet,Digital Marketing & AdTech Platform,Bangalore,Private Equity,0.0,mumbai angels,mumbai angel,2016,July
2994,2994,2016-07-12,MintM,Consumer Internet,Digital Marketing & AdTech Platform,Bangalore,Private Equity,0.0,xc2xa0 times internet,times internet,2016,July
2995,2995,2016-07-12,HitGrit,Consumer Internet,Online Legal Consultation platform,Chandigarh,Seed Funding,0.0,ashish mahajan,ashish ch,2016,July
2996,2996,2016-07-12,HitGrit,Consumer Internet,Online Legal Consultation platform,Chandigarh,Seed Funding,0.0,sarvesh sharma,sarvesh shahra,2016,July
2997,2997,2016-07-12,Find My Stay,Consumer Internet,Online Budget Hotel Aggregator & Booking Platform,New Delhi,Seed Funding,0.0,rishi parti,rishi parti,2016,July
2998,2998,2016-07-12,Find My Stay,Consumer Internet,Online Budget Hotel Aggregator & Booking Platform,New Delhi,Seed Funding,0.0,yogesh bansal,axilor ventures  binny bansal,2016,July
2999,2999,2016-07-13,YAAP,Consumer Internet,"Online Content Discovery, Creation & Distribution Platform",New Delhi,Private Equity,47.1,rainmaker ventures,breakthrough energy ventures,2016,July
3000,3000,2016-07-13,Utoo Cabs,Consumer Internet,Cab aggregation & Rental platform,Chennai,Seed Funding,0.0,ajay piramal,pidilite industries director ajay parekh,2016,July
3001,3001,2016-07-13,Twigly,Consumer Internet,Online Food Ordering & Delivery Startup,Gurgaon,Seed Funding,5.652,tracxn labs,tracxnlabs,2016,July
3002,3002,2016-07-13,Twigly,Consumer Internet,Online Food Ordering & Delivery Startup,Gurgaon,Seed Funding,5.652,hyderabad angels,hyderabad angels at startup heroes event,2016,July
3003,3003,2016-07-13,Twigly,Consumer Internet,Online Food Ordering & Delivery Startup,Gurgaon,Seed Funding,5.652,kunal shah,kunal shah  manish patel,2016,July
3004,3004,2016-07-13,Twigly,Consumer Internet,Online Food Ordering & Delivery Startup,Gurgaon,Seed Funding,5.652,gaurav bhalotia,gaurav suri  ankit kesarwani,2016,July
3005,3005,2016-07-13,ShareChat,Consumer Internet,Vernacular Language Content Creation & Sharing App,Bangalore,Private Equity,12.717,saif partners,saif partners  lgt impact ventures,2016,July
3006,3006,2016-07-13,ShareChat,Consumer Internet,Vernacular Language Content Creation & Sharing App,Bangalore,Private Equity,12.717,india quotient,india quotient  letsventures angel fund,2016,July
3007,3007,2016-07-13,Urban Tailor,Consumer Internet,E-Tailoring service provider,Bangalore,Private Equity,0.0,unitus seed fund,amit singhal  unitus seed fund,2016,July
3008,3008,2016-07-13,RentMojo,Consumer Internet,Online Furniture Renting Platform,Bangalore,Private Equity,47.1,accel,accel,2016,July
3009,3009,2016-07-13,RentMojo,Consumer Internet,Online Furniture Renting Platform,Bangalore,Private Equity,47.1,idg ventures india,dg ventures india,2016,July
3010,3010,2016-07-13,CityFurnish,Consumer Internet,Online Furniture Renting Platform,Gurgaon,Seed Funding,0.0,br capital,b capital,2016,July
3011,3011,2016-07-13,HEAL Institute,Healthcare,Sports Focused Healthcare Startup,Mumbai,Seed Funding,0.0,jaspal bindra,jaspal bindra,2016,July
3012,3012,2016-07-13,HEAL Institute,Healthcare,Sports Focused Healthcare Startup,Mumbai,Seed Funding,0.0,parth jindal,parth jindal,2016,July
3013,3013,2016-07-14,Augrav,eCommerce,Personalized precious Jewellery etailer,Coimbatore,Seed Funding,4.239,keiretsu forum,keiretsu forum,2016,July
3014,3014,2016-07-14,ShoppinPal,Technology,M-Commerce Solutions for Retail Stores,Pune,Private Equity,10.0794,plug  play tech center,other tech investors from silicon valley,2016,July
3015,3015,2016-07-14,ShoppinPal,Technology,M-Commerce Solutions for Retail Stores,Pune,Private Equity,10.0794,steelhead ventures,sd ventures,2016,July
3016,3016,2016-07-14,ShoppinPal,Technology,M-Commerce Solutions for Retail Stores,Pune,Private Equity,10.0794,others,other,2016,July
3017,3017,2016-07-14,TransTutors / AskIITians,Consumer Internet,Online Education & Tutoring portals,New Delhi,Private Equity,0.0,500 startups,500 startups,2016,July
3018,3018,2016-07-15,WorkApps,Technology,Enterprise Work Management Software,Pune,Seed Funding,9.42,sri capital,br capital,2016,July
3019,3019,2016-07-15,BankerBay,Consumer Internet,Online Investment Banking platform,Bangalore,Private Equity,18.84,undisclosed,undisclosed,2016,July
3020,3020,2016-07-15,BaggOut,eCommerce,Women\\xe2\\x80\\x99s Fashion etailer,New Delhi,Seed Funding,0.0,sumit jain,aj ventures  jain international trade organisation jito,2016,July
3021,3021,2016-07-15,BaggOut,eCommerce,Women\\xe2\\x80\\x99s Fashion etailer,New Delhi,Seed Funding,0.0,sumit jain,aj ventures  jain international trade organisation jito,2016,July
3022,3022,2016-07-15,BaggOut,eCommerce,Women\\xe2\\x80\\x99s Fashion etailer,New Delhi,Seed Funding,0.0,anurag gupta,ankur gupta,2016,July
3023,3023,2016-07-15,BaggOut,eCommerce,Women\\xe2\\x80\\x99s Fashion etailer,New Delhi,Seed Funding,0.0,varun khanna,arun khanna,2016,July
3024,3024,2016-07-15,BaggOut,eCommerce,Women\\xe2\\x80\\x99s Fashion etailer,New Delhi,Seed Funding,0.0,faraz khan,faraz khan,2016,July
3025,3025,2016-07-15,TripShelf,eCommerce,Travel Package Marketplace,New Delhi,Seed Funding,2.355,gems group,gems,2016,July
3026,3026,2016-07-15,SatvaCart,eCommerce,Online Grocers,New Delhi,Seed Funding,0.0,abhijit avasthi,abhijit avasthi,2016,July
3027,3027,2016-07-15,SatvaCart,eCommerce,Online Grocers,New Delhi,Seed Funding,0.0,karan chellani,karan chellani,2016,July
3028,3028,2016-07-15,SatvaCart,eCommerce,Online Grocers,New Delhi,Seed Funding,0.0,sp vijay,vijay shekhar sharma,2016,July
3029,3029,2016-07-15,Ridlr,Consumer Internet,Public Transport Mobile App,Mumbai,Private Equity,56.52,times internet,times internet ltd,2016,July
3030,3030,2016-07-15,Ridlr,Consumer Internet,Public Transport Mobile App,Mumbai,Private Equity,56.52,innoven capital,innoven capital india,2016,July
3031,3031,2016-07-15,Ridlr,Consumer Internet,Public Transport Mobile App,Mumbai,Private Equity,56.52,matrix partner,bessemer venture partner,2016,July
3032,3032,2016-07-15,Ridlr,Consumer Internet,Public Transport Mobile App,Mumbai,Private Equity,56.52,qualcomm ventures,qualcomm venture,2016,July
3033,3033,2016-07-18,Yellowdig,Consumer Internet,Online Learning Platform,Pune,Seed Funding,6.123,sri capital,br capital,2016,July
3034,3034,2016-07-18,Zuppler,Consumer Internet,Online Food Ordering platform,New Delhi,Seed Funding,6.123,sri capital,br capital,2016,July
3035,3035,2016-07-18,BlueStone,eCommerce,Jewellery Etailer,Mumbai,Private Equity,282.6,accel,accel,2016,July
3036,3036,2016-07-18,BlueStone,eCommerce,Jewellery Etailer,Mumbai,Private Equity,282.6,kalaari capital,romulus capital  kalaari capital,2016,July
3037,3037,2016-07-18,BlueStone,eCommerce,Jewellery Etailer,Mumbai,Private Equity,282.6,ivycap ventures,ivycamp ventures,2016,July
3038,3038,2016-07-18,BlueStone,eCommerce,Jewellery Etailer,Mumbai,Private Equity,282.6,rb investments,rb investments pte ltd,2016,July
3039,3039,2016-07-18,underDOGS,Technology,Game Development Startup,Mumbai,Private Equity,0.0,intelli reboot digital pvt ltd,pine labs pte ltd,2016,July
3040,3040,2016-07-18,ImageProVision,Technology,Image Analysis Solutions,Pune,Seed Funding,0.0,satish jamdar,satish khanna  taparia family office,2016,July
3041,3041,2016-07-19,Sagacito,Technology,Cloud-Based Enterprise Solutions,New Delhi,Private Equity,94.2,star india pvt ltd,spring canter investment ltd,2016,July
3042,3042,2016-07-19,Deal4Loans / Wishfin,Consumer Internet,\\nLoans Comparison platform\\n\\n\\n\\n     (adsbygoogle = window.adsbygoogle || []).push({});\\n\\n,Noida,Private Equity,141.3,franklin templeton international services pvt ltd,spring canter investment ltd,2016,July
3043,3043,2016-07-19,NiYO Solutions,Technology,Payroll & Benefits Software solutions,Bangalore,Private Equity,9.42,prime venture partners,prime venture partners  others,2016,July
3044,3044,2016-07-19,AppLop,Consumer Internet,Mobile Apps SaaS Platform,Gurgaon,Seed Funding,2.355,accel,accel,2016,July
3045,3045,2016-07-20,Tax2Win,Consumer Internet,Online Tax Filing Portal,Jaipur,Private Equity,9.42,undisclosed,undisclosed,2016,July
3046,3046,2016-07-20,Ola,Logistics,Tech-focused cargo transport startup,Mumbai,Seed Funding,5.6049,abhishek agarwal,rn agarwal,2016,July
3047,3047,2016-07-20,Ola,Logistics,Tech-focused cargo transport startup,Mumbai,Seed Funding,5.6049,krishnakumar nataraj,krishnakumar natarajan,2016,July
3048,3048,2016-07-20,Ola,Logistics,Tech-focused cargo transport startup,Mumbai,Seed Funding,5.6049,sarath sura,sarath sura,2016,July
3049,3049,2016-07-20,Ola,Logistics,Tech-focused cargo transport startup,Mumbai,Seed Funding,5.6049,shanti mohan,shanti mohan,2016,July
3050,3050,2016-07-20,Ola,Logistics,Tech-focused cargo transport startup,Mumbai,Seed Funding,5.6049,sarthak  nihit agarwal,atul agarwal,2016,July
3051,3051,2016-07-20,Ola,Logistics,Tech-focused cargo transport startup,Mumbai,Seed Funding,5.6049,suramya gupta,prashant gupta  others,2016,July
3052,3052,2016-07-20,iServe Financial,Consumer Internet,Loan Comparison & Deals platform,Pune,Seed Funding,0.0,nilesh shah,il,2016,July
3053,3053,2016-07-21,MyTaxiIndia,Consumer Internet,Online Car rental booking platform,New Delhi,Private Equity,9.42,nihon kotsu co,nihon kotsu,2016,July
3054,3054,2016-07-21,AbeRuk,eCommerce,Online Marketplace for books,Bangalore,Seed Funding,0.0,swastika company pvt ltd,swastika company ltd,2016,July
3055,3055,2016-07-21,Wiwigo,Consumer Internet,Inter-City Taxi Booking platform,Bangalore,Seed Funding,5.6049,indian angel network,india quotient  letsventures angel fund,2016,July
3056,3056,2016-07-21,Drums Food,Food & Beverage,Yogurt and Ice Cream maker,Mumbai,,0.0,verlinvest,verlinvest sa,2016,July
3057,3057,2016-07-21,Drums Food,Food & Beverage,Yogurt and Ice Cream maker,Mumbai,,0.0,dsg consumer partners,saama capital  dsg consumer partners,2016,July
3058,3058,2016-06-01,Chikoop,Consumer Internet,Free Ad based Voice Calling,Indore,Seed Funding,0.0,undisclosed,undisclosed,2016,June
3059,3059,2016-06-01,BRIDGEi2I,Technology,Data Analytics Platform,Bangalore,Private Equity,0.0,edelweiss private equity,fs private equity,2016,June
3060,3060,2016-06-02,Droom,eCommerce,Online marketplace for used automobiles,New Delhi,Private Equity,0.0,beenext,denlow investment trust  beenext,2016,June
3061,3061,2016-06-02,Droom,eCommerce,Online marketplace for used automobiles,New Delhi,Private Equity,0.0,digital garage,digital garage inc,2016,June
3062,3062,2016-06-02,Droom,eCommerce,Online marketplace for used automobiles,New Delhi,Private Equity,0.0,lightbox,lightbox expansion fund,2016,June
3063,3063,2016-06-02,Droom,eCommerce,Online marketplace for used automobiles,New Delhi,Private Equity,0.0,beenos,beenos asia,2016,June
3064,3064,2016-06-02,Visit,Consumer Internet,On-Demand Healthcare Service provider,New Delhi,Seed Funding,0.0,mapmyindia,mapmyindia,2016,June
3065,3065,2016-06-02,Atomberg,Technology,"smart, energy efficient home appliance manufacturer",Mumbai,Private Equity,9.42,parampara capital,idfcparampara capital,2016,June
3066,3066,2016-06-02,Coutloot,eCommerce,Fashion Re-Commerce Platform,Mumbai,Seed Funding,0.0,venture catalysts,venture catalyst,2016,June
3067,3067,2016-06-02,Limo,Consumer Internet,Bus Aggregator Mobile app,Mumbai,Private Equity,9.42,rainmaker ventures,breakthrough energy ventures,2016,June
3068,3068,2016-06-03,iCliniq,Consumer Internet,Doctor Consultation platform,Bangalore,Seed Funding,0.0,madhankumar madathupalayam,madhankumar madathupalayam,2016,June
3069,3069,2016-06-03,GoGo Truck,Consumer Internet,Truck Aggregator & Booking platform,Chennai,Seed Funding,0.7065,undisclosed,undisclosed,2016,June
3070,3070,2016-06-03,Vyome Biosciences,Healthcare,Treatment Development for Antibiotic-resistant diseases,New Delhi,Private Equity,18.84,romulus capital,romulus capital  kalaari capital,2016,June
3071,3071,2016-06-06,SillyMonks,Consumer Internet,Digital Media and Entertainment Startup,Hyderabad,Seed Funding,4.22016,sreenivasa reddy musani,usa,2016,June
3072,3072,2016-06-07,CueMath,Education,K-12 Maths Learning Courses,Bangalore,Private Equity,37.68,sequoia capital,quona capital,2016,June
3073,3073,2016-06-07,CueMath,Education,K-12 Maths Learning Courses,Bangalore,Private Equity,37.68,unitus seed fund,amit singhal  unitus seed fund,2016,June
3074,3074,2016-06-07,KrazyBee,Consumer Internet,Student Micro-Loan platform,Bangalore,Private Equity,18.84,yeahmobi,m,2016,June
3075,3075,2016-06-07,KrazyBee,Consumer Internet,Student Micro-Loan platform,Bangalore,Private Equity,18.84,fenqile,il,2016,June
3076,3076,2016-06-07,Intgrea,Technology,Post merger Integration Partners,Bangalore,Seed Funding,0.942,undisclosed,undisclosed,2016,June
3077,3077,2016-06-07,HelpShift,Technology,Mobile CRM Platform,Pune,Private Equity,216.66,microsoft,microsoft,2016,June
3078,3078,2016-06-07,HelpShift,Technology,Mobile CRM Platform,Pune,Private Equity,216.66,salesforce ventures,rps ventures,2016,June
3079,3079,2016-06-07,CreditVidya,Technology,Credit Scoring Platform,Mumbai,Private Equity,9.42,kalaari capital,romulus capital  kalaari capital,2016,June
3080,3080,2016-06-08,Grey Campus,Consumer Internet,Online Learning Platform,Hyderabad,Seed Funding,9.42,sarath sura,sarath sura,2016,June
3081,3081,2016-06-08,ListUp,eCommerce,Location based Classified Mobile app,Mumbai,Seed Funding,4.71,kae capital,vc firms india quotient  kae capital,2016,June
3082,3082,2016-06-08,ListUp,eCommerce,Location based Classified Mobile app,Mumbai,Seed Funding,4.71,kunal shah,kunal shah  manish patel,2016,June
3083,3083,2016-06-08,ListUp,eCommerce,Location based Classified Mobile app,Mumbai,Seed Funding,4.71,seep ton,xc2xa0 seep ton,2016,June
3084,3084,2016-06-08,6Degree,Technology,Tech-enabled Fashion Talent platform,Mumbai,Seed Funding,1.884,indian angel network,india quotient  letsventures angel fund,2016,June
3085,3085,2016-06-08,Shopwati,Consumer Internet,Online Fashion Discussion Community,Gurgaon,Seed Funding,0.0,sanjiv rai,sanjiv rangrass,2016,June
3086,3086,2016-06-08,Cookifi,Consumer Internet,Online Chef Discovery & Booking Service,Bangalore,Seed Funding,0.0,kunal shah,kunal shah  manish patel,2016,June
3087,3087,2016-06-08,Cookifi,Consumer Internet,Online Chef Discovery & Booking Service,Bangalore,Seed Funding,0.0,aneesh reddy,amrendra reddy  manish satnaliwala,2016,June
3088,3088,2016-06-08,Cookifi,Consumer Internet,Online Chef Discovery & Booking Service,Bangalore,Seed Funding,0.0,tracxn labs,tracxnlabs,2016,June
3089,3089,2016-06-08,Cookifi,Consumer Internet,Online Chef Discovery & Booking Service,Bangalore,Seed Funding,0.0,venkat tadanki,venk,2016,June
3090,3090,2016-06-08,Cookifi,Consumer Internet,Online Chef Discovery & Booking Service,Bangalore,Seed Funding,0.0,krishna mehra,krishna jhunjhunwala,2016,June
3091,3091,2016-06-08,Cookifi,Consumer Internet,Online Chef Discovery & Booking Service,Bangalore,Seed Funding,0.0,amit rathore,amit singhal  unitus seed fund,2016,June
3092,3092,2016-06-08,StoreKing,eCommerce,Connecting Small Town Consumers to E-Commerce,Bangalore,Private Equity,150.72,axiata digital,digital currency group,2016,June
3093,3093,2016-06-08,Wired Hub,Real Estate,Co-Working Spaces,Jaipur,Seed Funding,0.0,ankit maheshwari,gaurav suri  ankit kesarwani,2016,June
3094,3094,2016-06-08,Wired Hub,Real Estate,Co-Working Spaces,Jaipur,Seed Funding,0.0,an singh,ping an global voyager fund,2016,June
3095,3095,2016-06-08,MySeniorDoctor,Consumer Internet,Online medical support platform,Gurgaon,Seed Funding,1.884,blackjag partners,stellaris venture partners,2016,June
3096,3096,2016-06-09,Teabox,eCommerce,Online Tea Store,Siliguri,Seed Funding,0.0,cameron jones,mr jones,2016,June
3097,3097,2016-06-09,ExtraaEdge,Consumer Internet,Student Acquisition Platform,Pune,Seed Funding,0.0,ritesh dwivedy,innov8 founder ritesh malik,2016,June
3098,3098,2016-06-09,ExtraaEdge,Consumer Internet,Student Acquisition Platform,Pune,Seed Funding,0.0,priti padhy,priti padhy,2016,June
3099,3099,2016-06-09,EPayLater,Technology,Fin-Tech Platform,Mumbai,Seed Funding,18.84,undisclosed,undisclosed,2016,June
3100,3100,2016-06-10,Kyazoonga,eCommerce,Online event ticketing Platform,Mumbai,Seed Funding,0.0,ratan tata,rata tata,2016,June
3101,3101,2016-06-10,Paytunes,Consumer Internet,Mobile based rewards platform,New Delhi,Private Equity,4.71,cio angel network,cio angel network can,2016,June
3102,3102,2016-06-10,Paytunes,Consumer Internet,Mobile based rewards platform,New Delhi,Private Equity,4.71,indian angel network,india quotient  letsventures angel fund,2016,June
3103,3103,2016-06-10,Kickstart Jobs,Technology,Entry level hiring platform,Gurgaon,Seed Funding,0.0,vivek joshi,vivek khare  bijoy george,2016,June
3104,3104,2016-06-10,Kickstart Jobs,Technology,Entry level hiring platform,Gurgaon,Seed Funding,0.0,mohit satyan,subhkam ventures  mohit khadaria,2016,June
3105,3105,2016-06-10,Kickstart Jobs,Technology,Entry level hiring platform,Gurgaon,Seed Funding,0.0,amit banati,amit banka,2016,June
3106,3106,2016-06-10,Kickstart Jobs,Technology,Entry level hiring platform,Gurgaon,Seed Funding,0.0,arun khanna,varun khanna,2016,June
3107,3107,2016-06-10,Freshee,FMCG,Household packaging & Storage product manufacturer,Mumbai,Private Equity,0.0,edelweiss private equity,fs private equity,2016,June
3108,3108,2016-06-10,MadRat Games,Technology,Wearable Gaming Platform,Bangalore,Seed Funding,0.0,ratan tata,rata tata,2016,June
3109,3109,2016-06-10,MadRat Games,Technology,Wearable Gaming Platform,Bangalore,Seed Funding,0.0,bhavish aggarwal,bhavish aggarwal,2016,June
3110,3110,2016-06-10,MadRat Games,Technology,Wearable Gaming Platform,Bangalore,Seed Funding,0.0,ankit bhati,gaurav suri  ankit kesarwani,2016,June
3111,3111,2016-06-10,MadRat Games,Technology,Wearable Gaming Platform,Bangalore,Seed Funding,0.0,binny bansal,bunny bansal,2016,June
3112,3112,2016-06-10,MadRat Games,Technology,Wearable Gaming Platform,Bangalore,Seed Funding,0.0,girish mathrubootham,girish matrubootham,2016,June
3113,3113,2016-06-11,Jazzmyride,eCommerce,Auto Parts & Accessories eTailer,New Delhi,Private Equity,0.0,tvs automobile solutions ltd,pine labs pte ltd,2016,June
3114,3114,2016-06-11,AutoSense,Technology,Data Analytics based Customer Management Services,New Delhi,Private Equity,0.0,tvs automobile solutions ltd,pine labs pte ltd,2016,June
3115,3115,2016-06-11,Redsun Telematics,Consumer Internet,Internet of Things Platform,Chennai,Private Equity,0.0,tvs automobile solutions ltd,pine labs pte ltd,2016,June
3116,3116,2016-06-13,KhanaGadi,Consumer Internet,Online Food Delivery for Train Travelers,Jaipur,Seed Funding,0.0,50k ventures,rainforest ventures,2016,June
3117,3117,2016-06-13,Bombay Shirt Company,eCommerce,Online custom Shirt retailer,Mumbai,Private Equity,9.42,undisclosed,undisclosed,2016,June
3118,3118,2016-06-13,Matrubharti,Consumer Internet,e-Book Publisher,,Seed Funding,0.2826,indian angel network,india quotient  letsventures angel fund,2016,June
3119,3119,2016-06-14,EdTechReview,Consumer Internet,Education based online portal,New Delhi,Seed Funding,0.0,evc ventures,eventures,2016,June
3120,3120,2016-06-14,Bonhomia,Food & Beverage,Premium Tea & Coffee Capsules maker,New Delhi,Private Equity,0.0,valpro capital  existing investors,existing investors,2016,June
3121,3121,2016-06-14,Gobolt,Logistics,B2B Logistics provider,New Delhi,Seed Funding,0.0,mcube8,m,2016,June
3122,3122,2016-06-14,Jivox,Technology,Data Driven Advertising platform,Bangalore,Private Equity,56.52,you,yournest angel fund,2016,June
3123,3123,2016-06-14,Jivox,Technology,Data Driven Advertising platform,Bangalore,Private Equity,56.52,mr jones,m,2016,June
3124,3124,2016-06-14,Jivox,Technology,Data Driven Advertising platform,Bangalore,Private Equity,56.52,fortisure ventures,breakthrough energy ventures,2016,June
3125,3125,2016-06-14,Jivox,Technology,Data Driven Advertising platform,Bangalore,Private Equity,56.52,diaz nesamoney,diaz nesamoney,2016,June
3126,3126,2016-06-14,Sminq,Consumer Internet,Queue management Mobile app,Pune,Seed Funding,9.42,saama capital,saama capital  dsg consumer partners,2016,June
3127,3127,2016-06-14,Sminq,Consumer Internet,Queue management Mobile app,Pune,Seed Funding,9.42,blume ventures,blume ventures  rtp global,2016,June
3128,3128,2016-06-14,Sminq,Consumer Internet,Queue management Mobile app,Pune,Seed Funding,9.42,vaibhav domkundwar,vaibhav jain,2016,June
3129,3129,2016-06-14,CureJoy,Consumer Internet,Online Alternative health community platform,Bangalore,Private Equity,41.448,accel,accel,2016,June
3130,3130,2016-06-15,Oneway.cab,Consumer Internet,Taxi Rental Platform,Vadodara,Seed Funding,4.239,indian angel network,india quotient  letsventures angel fund,2016,June
3131,3131,2016-06-15,GrabOnRent,eCommerce,On-demand product rental marketplace,Bangalore,Private Equity,0.0,ivycap ventures  unicorn india ventures,ivycap ventures,2016,June
3132,3132,2016-06-16,Diro Labs,Consumer Internet,Contact Management Mobile App,New Delhi,Private Equity,4.239,info edge india ltd,info edge india ltd  temasek,2016,June
3133,3133,2016-06-16,Unnati Helpers,Consumer Internet,Help Hiring Platform,Gurgaon,Private Equity,5.652,info edge india ltd,info edge india ltd  temasek,2016,June
3134,3134,2016-06-16,Athletto,Consumer Internet,Sports Venue discovery and booking platform,Bangalore,Seed Funding,0.0,atul ingle,atul gupta  saurabh rastogi,2016,June
3135,3135,2016-06-16,Saavn,Consumer Internet,Web/Mobile Music Streaming service,USA,Private Equity,0.0,guy oseary,guy oseary,2016,June
3136,3136,2016-06-16,Voonik,eCommerce,Online Women\\xe2\\x80\\x99s Fashion Marketplace,Bangalore,Private Equity,188.4,sequoia capital,quona capital,2016,June
3137,3137,2016-06-16,ThinkPhi,Technology,Sustainable Green Tech Solution developer,Mumbai,Seed Funding,0.0,nimmagadda prasad,nagendra prasad bhanuprakash,2016,June
3138,3138,2016-06-17,Cleartax,Consumer Internet,Online Tax Filing Platform,New Delhi,Private Equity,113.04,ravi adusumalli,ravi iyer,2016,June
3139,3139,2016-06-17,Cleartax,Consumer Internet,Online Tax Filing Platform,New Delhi,Private Equity,113.04,saif partners,saif partners  lgt impact ventures,2016,June
3140,3140,2016-06-17,Silvan Innovation Labs,Technology,Home Automation Solutions,Bangalore,Private Equity,8.478,infuse ventures,infuse ventures fund,2016,June
3141,3141,2016-06-17,GreytHR,Technology,Payroll & HR Software Developer,Bangalore,Private Equity,48.984,new enterprise associates nea,new enterprise associates,2016,June
3142,3142,2016-06-17,GreytHR,Technology,Payroll & HR Software Developer,Bangalore,Private Equity,48.984,blume ventures,blume ventures  rtp global,2016,June
3143,3143,2016-06-17,Duffl,eCommerce,Fashion Rental Marketplace,Bangalore,Seed Funding,0.0,betonindia technology pvt ltd,pine labs pte ltd,2016,June
3144,3144,2016-06-17,BYG,Consumer Internet,Fitness centre Discovery & Booking Mobile app,Bangalore,Seed Funding,0.0,sanjay verma,sanjay verma,2016,June
3145,3145,2016-06-17,BYG,Consumer Internet,Fitness centre Discovery & Booking Mobile app,Bangalore,Seed Funding,0.0,amit khanna letsventure,letsventure,2016,June
3146,3146,2016-06-20,Dipper,eCommerce,Freight Logistics Marketplace,New Delhi,Seed Funding,0.0,undisclosed,undisclosed,2016,June
3147,3147,2016-06-20,Qonfuse,Consumer Internet,Online Test Papers for competitive exams,New Delhi,Seed Funding,0.0,hamraj kumar,subho ray  samir kumar,2016,June
3148,3148,2016-06-20,The Indian IRIS,Consumer Internet,Govt Policy Research & Information portal,Ahmedabad,Seed Funding,0.0,timbru ventures,breakthrough energy ventures,2016,June
3149,3149,2016-06-21,Onspoon,Consumer Internet,Online Platform for Event Sponsorship,Mumbai,Seed Funding,1.413,swan angel network,india quotient  letsventures angel fund,2016,June
3150,3150,2016-06-21,REstate,Consumer Internet,Real Estate Platform,Bangalore,Seed Funding,0.0,idein ventures,india ventures,2016,June
3151,3151,2016-06-21,Cleartrip,Consumer Internet,Online Travel Agency,Mumbai,Private Equity,0.0,concur technologies,concur technologies,2016,June
3152,3152,2016-06-21,Cleartrip,Consumer Internet,Online Travel Agency,Mumbai,Private Equity,0.0,gund investment,spring canter investment ltd,2016,June
3153,3153,2016-06-21,ProcMart,Consumer Internet,Online Procurement Marketplace,Noida,Private Equity,0.0,indiamart,indiamart,2016,June
3154,3154,2016-06-21,Celerix,Technology,Fintech Product Development & Services Startup,Bangalore,Seed Funding,3.768,bitkemy ventures,bitchemy ventures,2016,June
3155,3155,2016-06-21,NatureNama,Consumer Internet,Online Outdoors & travel,Mumbai,Seed Funding,2.1195,unicorn venture,unicorn ventures,2016,June
3156,3156,2016-06-21,CyclopsMedtech,Technology,Medical Technology Provider,Bangalore,Seed Funding,0.0,cp bothra,cp bothra,2016,June
3157,3157,2016-06-21,Syona Cosmetics,FMCG,Beauty Products & Training to Salons & Spas,Chennai,Seed Funding,1.413,the chennai angels,chennai angels,2016,June
3158,3158,2016-06-21,PrettySecrets,eCommerce,Women Lingerie Store,Mumbai,Private Equity,56.52,rb investments pte ltd,rb investments,2016,June
3159,3159,2016-06-21,PrettySecrets,eCommerce,Women Lingerie Store,Mumbai,Private Equity,56.52,orios venture partners,orios ventures partners,2016,June
3160,3160,2016-06-22,SpiderG,Consumer Internet,Online invoice app for SMEs,Pune,Seed Funding,1.413,rahul kirloskar,rajesh yohanan  rahul garg,2016,June
3161,3161,2016-06-22,SpiderG,Consumer Internet,Online invoice app for SMEs,Pune,Seed Funding,1.413,fusion tech ventures,fusiontech ventures,2016,June
3162,3162,2016-06-22,SpiderG,Consumer Internet,Online invoice app for SMEs,Pune,Seed Funding,1.413,adi saravanan,adi saravanan,2016,June
3163,3163,2016-06-22,SpiderG,Consumer Internet,Online invoice app for SMEs,Pune,Seed Funding,1.413,pravin dongre,pravin dongre,2016,June
3164,3164,2016-06-22,SpiderG,Consumer Internet,Online invoice app for SMEs,Pune,Seed Funding,1.413,mahendra doshi,mahendra doshi,2016,June
3165,3165,2016-06-23,FarEye,Technology,Logistics Management Software,New Delhi,Private Equity,32.97,saif partners,saif partners  lgt impact ventures,2016,June
3166,3166,2016-06-23,The Uolo,Consumer Internet,School Parent Communication App,Bangalore,Seed Funding,1.9782,purvi ventures,pi ventures,2016,June
3167,3167,2016-06-23,The Uolo,Consumer Internet,School Parent Communication App,Bangalore,Seed Funding,1.9782,rajul garg,ps1 venture  globallogic cofounder rajul garg,2016,June
3168,3168,2016-06-23,The Uolo,Consumer Internet,School Parent Communication App,Bangalore,Seed Funding,1.9782,vipin arora,rajeev arora  ram ramsundar,2016,June
3169,3169,2016-06-23,Staqu,Technology,Artificial Intelligence based search platform,Gurgaon,Seed Funding,0.0,indian angel network,india quotient  letsventures angel fund,2016,June
3170,3170,2016-06-23,Padhopadhao,Consumer Internet,Home Tutors search & Discovery,New Delhi,Private Equity,0.0,rise india,sc gg india mobility holdings llc,2016,June
3171,3171,2016-06-24,Drivify,Consumer Internet,Professional Driver discovery & Booking Mobile app,Mumbai,Seed Funding,0.471,jitendra gupta,prashant gupta  others,2016,June
3172,3172,2016-06-24,Drivify,Consumer Internet,Professional Driver discovery & Booking Mobile app,Mumbai,Seed Funding,0.471,pankaj tripathi,pankaj tripathi,2016,June
3173,3173,2016-06-24,PratiLipi,Consumer Internet,Multi-Lingual self-publishing platform,Bangalore,Seed Funding,0.0,nexus venture partners,norwest venture partners,2016,June
3174,3174,2016-06-24,ParaBlu,Technology,Cloud Data Security & Privacy Solutions,Bangalore,Seed Funding,4.71,kalaari capital,romulus capital  kalaari capital,2016,June
3175,3175,2016-06-24,Schedulers Logistics,Logistics,Cold Storage Logistics solutions,Mumbai,Private Equity,56.52,gvfl,gvfl ltd,2016,June
3176,3176,2016-06-24,LEAP India,Others,Supply Chain Equipment & Services provider,Mumbai,Private Equity,28.26,mayfield ventures,mayfield,2016,June
3177,3177,2016-06-24,KabadiExpress,Others,Free Door Step Scrap Pickup Service,New Delhi,Seed Funding,1.39416,undisclosed,undisclosed,2016,June
3178,3178,2016-06-27,YourDost,Consumer Internet,Online counselling & Personal coaching platform,Bangalore,Seed Funding,11.304,saif partners,saif partners  lgt impact ventures,2016,June
3179,3179,2016-06-27,YourDost,Consumer Internet,Online counselling & Personal coaching platform,Bangalore,Seed Funding,11.304,aprameya radhakrishnan,aprameya radhakrishna,2016,June
3180,3180,2016-06-27,YourDost,Consumer Internet,Online counselling & Personal coaching platform,Bangalore,Seed Funding,11.304,phanindra sama,kludein llcnphanindra sama,2016,June
3181,3181,2016-06-27,YourDost,Consumer Internet,Online counselling & Personal coaching platform,Bangalore,Seed Funding,11.304,subba rao telidevara,shailesh rao,2016,June
3182,3182,2016-06-27,YourDost,Consumer Internet,Online counselling & Personal coaching platform,Bangalore,Seed Funding,11.304,vibhu garg,ps1 venture  globallogic cofounder rajul garg,2016,June
3183,3183,2016-06-27,YourDost,Consumer Internet,Online counselling & Personal coaching platform,Bangalore,Seed Funding,11.304,paula ravindra mariwala,harsh mariwala,2016,June
3184,3184,2016-06-27,YourDost,Consumer Internet,Online counselling & Personal coaching platform,Bangalore,Seed Funding,11.304,gaurav bhalotia,gaurav suri  ankit kesarwani,2016,June
3185,3185,2016-06-27,Gomalon,Consumer Internet,Online Spa & Salon discovery & Booking platform,Bangalore,Seed Funding,0.942,undisclosed,undisclosed,2016,June
3186,3186,2016-06-27,Voler Cars,Consumer Internet,Self-Driven Car rental platform,New Delhi,Seed Funding,0.0,kanodia family,il,2016,June
3187,3187,2016-06-27,Voler Cars,Consumer Internet,Self-Driven Car rental platform,New Delhi,Seed Funding,0.0,amit banka,amit banati,2016,June
3188,3188,2016-06-27,Travelyaari,Consumer Internet,Online ticket booking platform,Bangalore,Private Equity,28.26,gvfl ltd,gvfl,2016,June
3189,3189,2016-06-28,FabHotels,Consumer Internet,Online Hotel aggregator & Booking platform,Gurgaon,Private Equity,75.36,accel,accel,2016,June
3190,3190,2016-06-28,FabHotels,Consumer Internet,Online Hotel aggregator & Booking platform,Gurgaon,Private Equity,75.36,rb investments,rb investments pte ltd,2016,June
3191,3191,2016-06-28,Locanix,Technology,GPS based SaaS Solutions,Ahmedabad,Seed Funding,2.826,undisclosed,undisclosed,2016,June
3192,3192,2016-06-28,LendingKart,Consumer Internet,Online Working Capital Business Loans Platform,Ahmedabad,Private Equity,301.44,bertelsmann india investments,bertelsmann india,2016,June
3193,3193,2016-06-28,LendingKart,Consumer Internet,Online Working Capital Business Loans Platform,Ahmedabad,Private Equity,301.44,mayfield india,mayfield,2016,June
3194,3194,2016-06-28,LendingKart,Consumer Internet,Online Working Capital Business Loans Platform,Ahmedabad,Private Equity,301.44,saama capital,saama capital  dsg consumer partners,2016,June
3195,3195,2016-06-28,LendingKart,Consumer Internet,Online Working Capital Business Loans Platform,Ahmedabad,Private Equity,301.44,india quotient,india quotient  letsventures angel fund,2016,June
3196,3196,2016-06-28,Hello Tax,Consumer Internet,Online Tax Filing Platform,New Delhi,Seed Funding,2.7789,sanjeev sinha,sanjeev singhal,2016,June
3197,3197,2016-06-28,MySuperBrain,Consumer Internet,Online Talent Discovery Platform for Kids,Hyderabad,Seed Funding,0.0,soniks consulting,bodhtree consulting limited,2016,June
3198,3198,2016-06-28,BlogBeats,Consumer Internet,Online Blogging Platform,Bangalore,Seed Funding,0.0,undisclosed,undisclosed,2016,June
3199,3199,2016-06-29,LetReach,eCommerce,ECommerce SAAS Solutions,New Delhi,Private Equity,0.942,vcommission,co,2016,June
3200,3200,2016-06-29,TrendieApp,Technology,Visual Content Marketing,Kolkata,Seed Funding,0.471,harsh vardhan hada,harsh kundra,2016,June
3201,3201,2016-06-29,ImpactGuru,Consumer Internet,Crowdfunding Platform,Mumbai,Seed Funding,0.0,piyush jain,aj ventures  jain international trade organisation jito,2016,June
3202,3202,2016-06-29,Velvetcase,eCommerce,Online designer jewellery marketplace,Mumbai,Private Equity,14.13,uniqorn ventures fund,uniqorn ventures,2016,June
3203,3203,2016-06-29,Velvetcase,eCommerce,Online designer jewellery marketplace,Mumbai,Private Equity,14.13,tv mohas pai,t v mohas pai,2016,June
3204,3204,2016-06-29,Velvetcase,eCommerce,Online designer jewellery marketplace,Mumbai,Private Equity,14.13,s somasegar,s gopal,2016,June
3205,3205,2016-06-30,Meru Cabs,Consumer Internet,Online/ Mobile Tax Cab booking,Mumbai,Private Equity,235.5,br capital,b capital,2016,June
3206,3206,2016-06-30,Campus Diaries,Consumer Internet,Student focussed Content Discovery portal,Bangalore,Seed Funding,2.0724,aarin capital,xc2xa0 aarin capital,2016,June
3207,3207,2016-06-30,Scripbox,Consumer Internet,Online Mutual Fund Investment platform,Bangalore,Private Equity,0.0,omidyar network,omidyar networks,2016,June
3208,3208,2016-06-30,Scripbox,Consumer Internet,Online Mutual Fund Investment platform,Bangalore,Private Equity,0.0,accel,accel,2016,June
3209,3209,2016-06-30,Scripbox,Consumer Internet,Online Mutual Fund Investment platform,Bangalore,Private Equity,0.0,existing investors,valpro capital  existing investors,2016,June
3210,3210,2016-06-30,Biryani Blues,Food & Beverage,QSR Chain,Gurgaon,Private Equity,3.46656,carpediem capital,tem capital,2016,June
3211,3211,2016-06-30,Biryani Blues,Food & Beverage,QSR Chain,Gurgaon,Private Equity,3.46656,others,other,2016,June
3212,3212,2016-05-01,MotoMojo,Consumer Internet,Mobile based Vehicle maintenance App,Mumbai,Seed Funding,0.0,niloufer dundh,il,2016,May
3213,3213,2016-05-01,MotoMojo,Consumer Internet,Mobile based Vehicle maintenance App,Mumbai,Seed Funding,0.0,fauzan rahim,fauzan rahim,2016,May
3214,3214,2016-05-01,MotoMojo,Consumer Internet,Mobile based Vehicle maintenance App,Mumbai,Seed Funding,0.0,balamurugan mani,balamurugan mani,2016,May
3215,3215,2016-05-01,Get My Parking,Technology,Parking Technology Platform,New Delhi,Seed Funding,3.54192,the chennai angels,chennai angels,2016,May
3216,3216,2016-05-01,Prescribez,Consumer Internet,Health Service Aggregator Platform,Pune,Seed Funding,1.3659,ankush mehta,seep mehta family office,2016,May
3217,3217,2016-05-02,Airwood,Technology,Agri Data & Analytics Platform,Chennai,Seed Funding,0.0,startupxseed ventures,startupxseed ventures llp,2016,May
3218,3218,2016-05-03,Mobikwik,Consumer Internet,Mobile & Digital Wallet,Gurgaon,Private Equity,471.0,gmo payment gateway,gmo japan,2016,May
3219,3219,2016-05-03,Mobikwik,Consumer Internet,Mobile & Digital Wallet,Gurgaon,Private Equity,471.0,mediatek,m,2016,May
3220,3220,2016-05-03,iDreamCareer,Consumer Internet,Career Planning Services Portal,New Delhi,Private Equity,0.0,br capital,b capital,2016,May
3221,3221,2016-05-03,Zwayam,Consumer Internet,Online Recruitment Platform,Bangalore,Seed Funding,2.355,undisclosed,undisclosed,2016,May
3222,3222,2016-05-03,BoiBanit,Consumer Internet,Online Food Delivery platform,Vadodara,Seed Funding,0.0,undisclosed,undisclosed,2016,May
3223,3223,2016-05-03,Zuver,Consumer Internet,Car driver Discovery App,Mumbai,Seed Funding,1.6956,shruth,shruth,2016,May
3224,3224,2016-05-03,Zuver,Consumer Internet,Car driver Discovery App,Mumbai,Seed Funding,1.6956,smith group,manipal education  medical group memg,2016,May
3225,3225,2016-05-03,Zuver,Consumer Internet,Car driver Discovery App,Mumbai,Seed Funding,1.6956,hermes group,manipal education  medical group memg,2016,May
3226,3226,2016-05-03,Prepathon,Education,Competitive Exam learning platform,Mumbai,Private Equity,0.0,blume ventures,blume ventures  rtp global,2016,May
3227,3227,2016-05-04,EasyRoads,Consumer Internet,Road Trip planning Mobile app,Mumbai,Seed Funding,1.884,rohan angrish,arjun  rohan malhotra,2016,May
3228,3228,2016-05-04,EasyRoads,Consumer Internet,Road Trip planning Mobile app,Mumbai,Seed Funding,1.884,hrishi oberoi,hrishi oberoi,2016,May
3229,3229,2016-05-04,EasyRoads,Consumer Internet,Road Trip planning Mobile app,Mumbai,Seed Funding,1.884,rahul mehta,rajesh yohanan  rahul garg,2016,May
3230,3230,2016-05-04,EasyRoads,Consumer Internet,Road Trip planning Mobile app,Mumbai,Seed Funding,1.884,kapil hetamsaria,il,2016,May
3231,3231,2016-05-04,EasyRoads,Consumer Internet,Road Trip planning Mobile app,Mumbai,Seed Funding,1.884,pranav dedhia,pranav dedhia,2016,May
3232,3232,2016-05-04,Lenskart,eCommerce,Eyewear & Accessories etailer,New Delhi,Private Equity,565.2,international finance corp,ss capital  international finance corporation,2016,May
3233,3233,2016-05-04,Lenskart,eCommerce,Eyewear & Accessories etailer,New Delhi,Private Equity,565.2,tpg growth,tpg,2016,May
3234,3234,2016-05-04,Lenskart,eCommerce,Eyewear & Accessories etailer,New Delhi,Private Equity,565.2,adveq management,composite capital management,2016,May
3235,3235,2016-05-04,Lenskart,eCommerce,Eyewear & Accessories etailer,New Delhi,Private Equity,565.2,idg ventures,idg venture,2016,May
3236,3236,2016-05-04,Lenskart,eCommerce,Eyewear & Accessories etailer,New Delhi,Private Equity,565.2,ratan tata,rata tata,2016,May
3237,3237,2016-05-04,Lenskart,eCommerce,Eyewear & Accessories etailer,New Delhi,Private Equity,565.2,kris gopalakrishnan,kris gopalkrishnan,2016,May
3238,3238,2016-05-04,Seclore,Technology,Enterprise Security Technology platform,Mumbai,Private Equity,113.04,sistema asia fund,vertex ventures southeast asia sea  india  sistema asia fund,2016,May
3239,3239,2016-05-04,Seclore,Technology,Enterprise Security Technology platform,Mumbai,Private Equity,113.04,helion venture,helion ventures,2016,May
3240,3240,2016-05-04,Seclore,Technology,Enterprise Security Technology platform,Mumbai,Private Equity,113.04,ventureeast,ventureast,2016,May
3241,3241,2016-05-04,Seclore,Technology,Enterprise Security Technology platform,Mumbai,Private Equity,113.04,india alternatives,sc gg india mobility holdings llc,2016,May
3242,3242,2016-05-04,Ola,Technology,Solar Rooftop system installation company,Chennai,Seed Funding,1.884,grexin,grex,2016,May
3243,3243,2016-05-04,Comarete,Technology,Telecom & Media IT services company,Pune,Seed Funding,1.884,grexin,grex,2016,May
3244,3244,2016-05-04,MyDentistChoice,eCommerce,Medical Supplies eTailer,Hyderabad,Seed Funding,1.413,undisclosed,undisclosed,2016,May
3245,3245,2016-05-04,Active.ai,Technology,Intelligent Tech platform for Finance vertical,Singapore,Seed Funding,4.71,accel,accel,2016,May
3246,3246,2016-05-04,Affordplan,Technology,Affordable non-emergency medical service health plans,New Delhi,Seed Funding,4.71,accel,accel,2016,May
3247,3247,2016-05-04,Indee,Consumer Internet,Web Video Streaming Platform,Bangalore,Seed Funding,4.71,accel,accel,2016,May
3248,3248,2016-05-05,Unbxd,Technology,eCommerce product discovery software,New Delhi,Private Equity,0.0,idg ventures,idg venture,2016,May
3249,3249,2016-05-05,Unbxd,Technology,eCommerce product discovery software,New Delhi,Private Equity,0.0,inventus capital,xc2xa0 inventus capital,2016,May
3250,3250,2016-05-05,Unbxd,Technology,eCommerce product discovery software,New Delhi,Private Equity,0.0,indian angel network,india quotient  letsventures angel fund,2016,May
3251,3251,2016-05-05,WebAlligator,Consumer Internet,Cloud Based Software Solutions,Bangalore,Seed Funding,3.5325,undisclosed,undisclosed,2016,May
3252,3252,2016-05-05,WebAlligator,Consumer Internet,Cloud Based Software Solutions,Bangalore,Seed Funding,3.5325,hnis,other hnis,2016,May
3253,3253,2016-05-06,EduAce Services,Education,Education Workshops & mentoring programs,Lucknow,Private Equity,9.42,momagic technologies,gic,2016,May
3254,3254,2016-05-06,Meesho,eCommerce,Social commerce platform,Bangalore,Seed Funding,0.0,rajul garg,ps1 venture  globallogic cofounder rajul garg,2016,May
3255,3255,2016-05-06,Meesho,eCommerce,Social commerce platform,Bangalore,Seed Funding,0.0,others,other,2016,May
3256,3256,2016-05-07,Zebroads,Logistics,Logistics and Warehousing services,Hyderabad,Seed Funding,0.7065,undisclosed,undisclosed,2016,May
3257,3257,2016-05-09,Locus,Technology,Logistics Intelligence platform,Bangalore,Private Equity,25.905,exfinity venture partners,exfinity venture,2016,May
3258,3258,2016-05-09,Locus,Technology,Logistics Intelligence platform,Bangalore,Private Equity,25.905,blume ventures,blume ventures  rtp global,2016,May
3259,3259,2016-05-09,Locus,Technology,Logistics Intelligence platform,Bangalore,Private Equity,25.905,beenext,denlow investment trust  beenext,2016,May
3260,3260,2016-05-09,Locus,Technology,Logistics Intelligence platform,Bangalore,Private Equity,25.905,rajesh ranavat,rajesh yohanan  rahul garg,2016,May
3261,3261,2016-05-09,Toko Innovations,Consumer Internet,Children\\xe2\\x80\\x99s Entertainment Portal,Bangalore,Seed Funding,4.239,roopak saluja,roopak saluja,2016,May
3262,3262,2016-05-09,Toko Innovations,Consumer Internet,Children\\xe2\\x80\\x99s Entertainment Portal,Bangalore,Seed Funding,4.239,vishal khare,vivek khare  bijoy george,2016,May
3263,3263,2016-05-09,Rentickle,eCommerce,"Furniture, appliances Portal",New Delhi,Seed Funding,2.355,manish kheterpal,anish k,2016,May
3264,3264,2016-05-09,Rentickle,eCommerce,"Furniture, appliances Portal",New Delhi,Seed Funding,2.355,vinay mittal,ajay relan  vinay mittal,2016,May
3265,3265,2016-05-09,Rentickle,eCommerce,"Furniture, appliances Portal",New Delhi,Seed Funding,2.355,dinesh mittal,ajay relan  vinay mittal,2016,May
3266,3266,2016-05-09,Rentickle,eCommerce,"Furniture, appliances Portal",New Delhi,Seed Funding,2.355,seep gupta,prashant gupta  others,2016,May
3267,3267,2016-05-10,HealthifyMe,Consumer Internet,Health & Fitness App,Bangalore,Private Equity,56.52,idg ventures india,dg ventures india,2016,May
3268,3268,2016-05-10,HealthifyMe,Consumer Internet,Health & Fitness App,Bangalore,Private Equity,56.52,inventus capital,xc2xa0 inventus capital,2016,May
3269,3269,2016-05-10,HealthifyMe,Consumer Internet,Health & Fitness App,Bangalore,Private Equity,56.52,blume ventures,blume ventures  rtp global,2016,May
3270,3270,2016-05-10,Zarget,Consumer Internet,Conversion Rate Optimization Platform,Chennai,Private Equity,14.13,accel,accel,2016,May
3271,3271,2016-05-10,Zarget,Consumer Internet,Conversion Rate Optimization Platform,Chennai,Private Equity,14.13,matrix partner,bessemer venture partner,2016,May
3272,3272,2016-05-10,Zarget,Consumer Internet,Conversion Rate Optimization Platform,Chennai,Private Equity,14.13,girish mathrubootham,girish matrubootham,2016,May
3273,3273,2016-05-10,InnoNano Research,Technology,Clean Water Technology,Chennai,Private Equity,169.56,nanoholdings,nanoholdings,2016,May
3274,3274,2016-05-10,SchoolWear,eCommerce,School Uniform & Supplies Marketplace,Mumbai,Seed Funding,14.13,undisclosed,undisclosed,2016,May
3275,3275,2016-05-10,Swiggy,Consumer Internet,Food Delivery Platform,Bangalore,Private Equity,65.94,norwest venture partners,rwe,2016,May
3276,3276,2016-05-10,Swiggy,Consumer Internet,Food Delivery Platform,Bangalore,Private Equity,65.94,dst global,dst global  lightspeed venture partners global fund,2016,May
3277,3277,2016-05-10,Swiggy,Consumer Internet,Food Delivery Platform,Bangalore,Private Equity,65.94,accel,accel,2016,May
3278,3278,2016-05-11,Zenify,Consumer Internet,Home rental Discovery & Booking Portal,Bangalore,Private Equity,8.478,undisclosed,undisclosed,2016,May
3279,3279,2016-05-11,Faircent,Consumer Internet,Online Peer to Peer Lending platform,Gurgaon,Private Equity,0.0,jm financial products ltd,ant financial,2016,May
3280,3280,2016-05-11,Faircent,Consumer Internet,Online Peer to Peer Lending platform,Gurgaon,Private Equity,0.0,arun tadanki,arun venkatachalam,2016,May
3281,3281,2016-05-11,Faircent,Consumer Internet,Online Peer to Peer Lending platform,Gurgaon,Private Equity,0.0,doreswamy nkishore,nu nkishore,2016,May
3282,3282,2016-05-11,Faircent,Consumer Internet,Online Peer to Peer Lending platform,Gurgaon,Private Equity,0.0,kshitij jain,aj ventures  jain international trade organisation jito,2016,May
3283,3283,2016-05-11,Fractal Analytics,Technology,Data Analytics Company,Mumbai,Private Equity,942.0,khazanah nasional berhad,khazanah nasional berhad,2016,May
3284,3284,2016-05-12,Unacademy,Consumer Internet,Free Online Education Platform,Bangalore,Seed Funding,4.71,blume ventures,blume ventures  rtp global,2016,May
3285,3285,2016-05-12,Unacademy,Consumer Internet,Free Online Education Platform,Bangalore,Seed Funding,4.71,rajan anan,rajan anan from google,2016,May
3286,3286,2016-05-12,Unacademy,Consumer Internet,Free Online Education Platform,Bangalore,Seed Funding,4.71,sumit jain,aj ventures  jain international trade organisation jito,2016,May
3287,3287,2016-05-12,Unacademy,Consumer Internet,Free Online Education Platform,Bangalore,Seed Funding,4.71,aprameya radhakrishna,aprameya radhakrishnan,2016,May
3288,3288,2016-05-12,Unacademy,Consumer Internet,Free Online Education Platform,Bangalore,Seed Funding,4.71,sujeet kumar,subho ray  samir kumar,2016,May
3289,3289,2016-05-12,Unacademy,Consumer Internet,Free Online Education Platform,Bangalore,Seed Funding,4.71,phanindra sama,kludein llcnphanindra sama,2016,May
3290,3290,2016-05-12,Capital Float,Consumer Internet,Online Lending Platform,Bangalore,Private Equity,235.5,creation investments capital management,creation investments,2016,May
3291,3291,2016-05-12,Capital Float,Consumer Internet,Online Lending Platform,Bangalore,Private Equity,235.5,saif partners,saif partners  lgt impact ventures,2016,May
3292,3292,2016-05-12,Capital Float,Consumer Internet,Online Lending Platform,Bangalore,Private Equity,235.5,sequoia capital,quona capital,2016,May
3293,3293,2016-05-12,Capital Float,Consumer Internet,Online Lending Platform,Bangalore,Private Equity,235.5,aspada ventures,aspada,2016,May
3294,3294,2016-05-12,Life Circle,Healthcare,Senior Healthcare Services,Hyderabad,Private Equity,1.413,groupe sos,groupe sos,2016,May
3295,3295,2016-05-12,Dream Wallets,Consumer Internet,Online Crowdfunding platform,Jaipur,Seed Funding,0.0,rakesh gupta,prashant gupta  others,2016,May
3296,3296,2016-05-12,Dream Wallets,Consumer Internet,Online Crowdfunding platform,Jaipur,Seed Funding,0.0,aditya aggarwal,aditya agarwal,2016,May
3297,3297,2016-05-12,Dream Wallets,Consumer Internet,Online Crowdfunding platform,Jaipur,Seed Funding,0.0,siddharth banerjee,siddharth banerjee,2016,May
3298,3298,2016-05-12,Dream Wallets,Consumer Internet,Online Crowdfunding platform,Jaipur,Seed Funding,0.0,vikas ranjan,apoorv ranjan sharma,2016,May
3299,3299,2016-05-12,Dream Wallets,Consumer Internet,Online Crowdfunding platform,Jaipur,Seed Funding,0.0,anshul jindal,anshul jindal,2016,May
3300,3300,2016-05-12,Dream Wallets,Consumer Internet,Online Crowdfunding platform,Jaipur,Seed Funding,0.0,sunil koul,il,2016,May
3301,3301,2016-05-12,Dream Wallets,Consumer Internet,Online Crowdfunding platform,Jaipur,Seed Funding,0.0,sanjeev agrawal,rajeev agrawal,2016,May
3302,3302,2016-05-12,ShabdNagari,Consumer Internet,Hindi social networking portal,Kanpur,Seed Funding,0.0,ah ventures,fao ventures,2016,May
3303,3303,2016-05-12,Galleri5,Consumer Internet,Visual Content Discovery platform,Bangalore,Seed Funding,0.0,phanindra sama,kludein llcnphanindra sama,2016,May
3304,3304,2016-05-12,Galleri5,Consumer Internet,Visual Content Discovery platform,Bangalore,Seed Funding,0.0,raghunan g,raghunan gangappa,2016,May
3305,3305,2016-05-12,Derbii,Logistics,Carpooling Services,Gurgaon,Seed Funding,0.0,anurag chauhan,anurag chauhan,2016,May
3306,3306,2016-05-13,StayZilla,Consumer Internet,Budget Room Aggregator Booking platform,Chennai,Private Equity,127.17,matrix partner,bessemer venture partner,2016,May
3307,3307,2016-05-13,StayZilla,Consumer Internet,Budget Room Aggregator Booking platform,Chennai,Private Equity,127.17,nexus venture partners,norwest venture partners,2016,May
3308,3308,2016-05-13,WoW Express,Logistics,E-Commerce Logistics Solutions,Mumbai,Private Equity,20.724,undisclosed,undisclosed,2016,May
3309,3309,2016-05-13,WoW Express,Logistics,E-Commerce Logistics Solutions,Mumbai,Private Equity,20.724,tamarind family private trust,tiw private equity,2016,May
3310,3310,2016-05-16,Smartivity,eCommerce,Smart Learning products,Delhi,Private Equity,9.42,s ch,s ch group,2016,May
3311,3311,2016-05-16,Smartivity,eCommerce,Smart Learning products,Delhi,Private Equity,9.42,advantedge partners,advantedge,2016,May
3312,3312,2016-05-16,BedBathMore,Consumer Internet,Home Decor eMarketplace,Mumbai,Private Equity,0.0,kinnevik group,manipal education  medical group memg,2016,May
3313,3313,2016-05-16,BedBathMore,Consumer Internet,Home Decor eMarketplace,Mumbai,Private Equity,0.0,rocket internet,rocket internet ag,2016,May
3314,3314,2016-05-17,Murgency,Consumer Internet,Medical Emergency Response App,Mumbai,Private Equity,0.0,rata tata,ratan tata,2016,May
3315,3315,2016-05-17,Crownit,Consumer Internet,Mobile customer rewards management platform,Gurgaon,Private Equity,0.0,undisclosed,undisclosed,2016,May
3316,3316,2016-05-17,Crownit,Consumer Internet,Mobile customer rewards management platform,Gurgaon,Private Equity,0.0,accel,accel,2016,May
3317,3317,2016-05-17,Crownit,Consumer Internet,Mobile customer rewards management platform,Gurgaon,Private Equity,0.0,helion venture partners,helion ventures partners,2016,May
3318,3318,2016-05-17,Blinge,eCommerce,Apparel Rental platform,Mumbai,Seed Funding,0.0,anupam mittal,ajay relan  vinay mittal,2016,May
3319,3319,2016-05-17,Blinge,eCommerce,Apparel Rental platform,Mumbai,Seed Funding,0.0,anuj srivastava,anurag srivastava,2016,May
3320,3320,2016-05-17,Blinge,eCommerce,Apparel Rental platform,Mumbai,Seed Funding,0.0,ankit nagori,gaurav suri  ankit kesarwani,2016,May
3321,3321,2016-05-18,TheSmartQ,Consumer Internet,Food Ordering Mobile App,Bangalore,Seed Funding,2.355,yournest angel fund,you,2016,May
3322,3322,2016-05-18,PurpleHealth,Consumer Internet,Online health-on-demand platform,Trivandrum,Seed Funding,0.942,katabole technology venture,ps1 venture  globallogic cofounder rajul garg,2016,May
3323,3323,2016-05-18,Fundamentor,Education,Aptitude Development Program,Pune,Seed Funding,0.0,subramanya sv,subramanya sv,2016,May
3324,3324,2016-05-18,EduPristine,Education,Online Certification Courses,Mumbai,Private Equity,94.2,kaizen management advisors,kalaari capital  private equity firm multiples alternate asset management,2016,May
3325,3325,2016-05-18,EduPristine,Education,Online Certification Courses,Mumbai,Private Equity,94.2,devry inc,inc,2016,May
3326,3326,2016-05-18,BhiveWorkspace,Reality,Co-Working Spaces,Bangalore,Private Equity,9.42,blume ventures,blume ventures  rtp global,2016,May
3327,3327,2016-05-18,Parentlane,Consumer Internet,Parenting & Child Care app,Bangalore,Seed Funding,0.0,sujeet kumar,subho ray  samir kumar,2016,May
3328,3328,2016-05-18,Parentlane,Consumer Internet,Parenting & Child Care app,Bangalore,Seed Funding,0.0,aprameya,aprameya radhakrishna,2016,May
3329,3329,2016-05-18,Parentlane,Consumer Internet,Parenting & Child Care app,Bangalore,Seed Funding,0.0,sumit jain,aj ventures  jain international trade organisation jito,2016,May
3330,3330,2016-05-18,Parentlane,Consumer Internet,Parenting & Child Care app,Bangalore,Seed Funding,0.0,subramanya venkat,venk,2016,May
3331,3331,2016-05-18,Parentlane,Consumer Internet,Parenting & Child Care app,Bangalore,Seed Funding,0.0,venk,venky krishnakumar,2016,May
3332,3332,2016-05-18,Parentlane,Consumer Internet,Parenting & Child Care app,Bangalore,Seed Funding,0.0,ravi machani,singularity ventures  ravi dhariwal,2016,May
3333,3333,2016-05-18,Parentlane,Consumer Internet,Parenting & Child Care app,Bangalore,Seed Funding,0.0,hitesh gupta,prashant gupta  others,2016,May
3334,3334,2016-05-18,Parentlane,Consumer Internet,Parenting & Child Care app,Bangalore,Seed Funding,0.0,rohit choudhary,rohit,2016,May
3335,3335,2016-05-19,Appie,Consumer Internet,Location-based offline retail discovery platform,Mumbai,Seed Funding,9.42,undisclosed,undisclosed,2016,May
3336,3336,2016-05-19,Niki.ai,Technology,Artificial Intelligence Platform,Bangalore,Private Equity,0.0,ratan tata,rata tata,2016,May
3337,3337,2016-05-19,TaxiVaxi,Consumer Internet,Cab Aggregating Platform,New Delhi,Seed Funding,4.71,undisclosed,undisclosed,2016,May
3338,3338,2016-05-19,Veqta,Consumer Internet,On Demand Digital Sports Network,New Delhi,Seed Funding,4.71,chatsworth management,kalaari capital  private equity firm multiples alternate asset management,2016,May
3339,3339,2016-05-19,Veqta,Consumer Internet,On Demand Digital Sports Network,New Delhi,Seed Funding,4.71,itw digital,digital currency group,2016,May
3340,3340,2016-05-20,i2ifunding,Consumer Internet,Online Peer to Peer Funding,Noida,Seed Funding,2.826,undisclosed,undisclosed,2016,May
3341,3341,2016-05-23,EduRev,Consumer Internet,Online Learning Platform,Gurgaon,Seed Funding,0.0,pradeep reddy kamasan,amrendra reddy  manish satnaliwala,2016,May
3342,3342,2016-05-23,Hoppingo,Consumer Internet,Fashion Discovery platform,New Delhi,Seed Funding,0.83838,vcommission,co,2016,May
3343,3343,2016-05-24,Eatonomist,Consumer Internet,Food Delivery Platform,Gurgaon,Seed Funding,0.0,mcube capital advisors pvt ltd,sequoia capital,2016,May
3344,3344,2016-05-24,Goalwise,Consumer Internet,Online investment platform,Bangalore,Seed Funding,9.42,undisclosed,undisclosed,2016,May
3345,3345,2016-05-25,Roast,Consumer Internet,Mobile entertainment App,New Delhi,Seed Funding,0.0,indian angel network,india quotient  letsventures angel fund,2016,May
3346,3346,2016-05-25,Address Health,Healthcare,Pediatric Primary Healthcare Network,Bangalore,Private Equity,14.13,gray matters capital,gray matters,2016,May
3347,3347,2016-05-25,Arcatron Mobility,Technology,Mobility Devices for differently abled,Pune,Seed Funding,0.942,sudhir mehta,seep mehta family office,2016,May
3348,3348,2016-05-25,SheThePeople,Consumer Internet,Digital platform for Women,New Delhi,Seed Funding,0.0,an mahindra,mahindra,2016,May
3349,3349,2016-05-26,Cleartax,Consumer Internet,Online Income Tax Filing platform,Bangalore,Private Equity,18.84,ff angel,indian angel network,2016,May
3350,3350,2016-05-26,Cleartax,Consumer Internet,Online Income Tax Filing platform,Bangalore,Private Equity,18.84,sequoia capital,quona capital,2016,May
3351,3351,2016-05-26,Consure Medical,Healthcare,Medical Devices Kit manufacturer,New Delhi,Private Equity,0.0,accel,accel,2016,May
3352,3352,2016-05-26,Consure Medical,Healthcare,Medical Devices Kit manufacturer,New Delhi,Private Equity,0.0,indian angel network,india quotient  letsventures angel fund,2016,May
3353,3353,2016-05-26,Consure Medical,Healthcare,Medical Devices Kit manufacturer,New Delhi,Private Equity,0.0,india innovation fund india venture partners,sprout venture partners,2016,May
3354,3354,2016-05-26,mChamp,Consumer Internet,Celebrity Entertainment Contest App,New Delhi,Seed Funding,4.4745,momagic technologies,gic,2016,May
3355,3355,2016-05-27,Pianta,Consumer Internet,Online healthcare service discovery platform,Bangalore,Seed Funding,0.0,kunal shah,kunal shah  manish patel,2016,May
3356,3356,2016-05-27,Pianta,Consumer Internet,Online healthcare service discovery platform,Bangalore,Seed Funding,0.0,seep ton,xc2xa0 seep ton,2016,May
3357,3357,2016-05-30,Vahanalytics,Technology,Safe driving Analytics platform,Mumbai,Seed Funding,1.884,anirudh damani,radhakrishan damani  rakesh jhunjhunwala,2016,May
3358,3358,2016-05-30,Vahanalytics,Technology,Safe driving Analytics platform,Mumbai,Seed Funding,1.884,vikram lakhotia,vikram sud,2016,May
3359,3359,2016-05-31,Play Your Sport,Consumer Internet,Location based Sports & Fitness Discovery App,New Delhi,Seed Funding,0.0,undisclosed,undisclosed,2016,May
3360,3360,2016-05-31,Koovs,eCommerce,Apparel & Lifestyle eTailer,New Delhi,Private Equity,41.448,ht media ltd,ht media,2016,May
3361,3361,2016-05-31,CCavenue,Consumer Internet,Payment Gateway,Mumbai,Private Equity,83.838,nsi infinium global pvt ltd,tiger global,2016,May
3362,3362,2016-05-31,1mg,eCommerce,Online Pharmacy,Gurgaon,Private Equity,0.0,hbm healthcare investments,maverick capital ltd  hbm healthcare investments ltd,2016,May
3363,3363,2016-05-31,Tpot,Food & Beverage,QSR Chain,Gurgaon,Seed Funding,0.0,ashish gupta,sunil goyal ashish gupta,2016,May
3364,3364,2016-05-31,MachaDalo,Consumer Internet,Hyperlocal Advertising Platform,Mumbai,Seed Funding,1.6485,undisclosed,undisclosed,2016,May
3365,3365,2016-04-01,Dil Mil,Consumer Internet,Matchmaking Mobile App,SFO / Bangalore,Private Equity,25.434,nelstone ventures,breakthrough energy ventures,2016,April
3366,3366,2016-04-01,Dil Mil,Consumer Internet,Matchmaking Mobile App,SFO / Bangalore,Private Equity,25.434,transmedia capital,lok capital,2016,April
3367,3367,2016-04-01,Dil Mil,Consumer Internet,Matchmaking Mobile App,SFO / Bangalore,Private Equity,25.434,maiden lane ventures,nea ventures,2016,April
3368,3368,2016-04-01,Dil Mil,Consumer Internet,Matchmaking Mobile App,SFO / Bangalore,Private Equity,25.434,csc upshot,csc upshot,2016,April
3369,3369,2016-04-01,Dil Mil,Consumer Internet,Matchmaking Mobile App,SFO / Bangalore,Private Equity,25.434,angel investors,other angel investors,2016,April
3370,3370,2016-04-01,PicsDream,Consumer Internet,Online Marketplace for Photographers,Delhi,Seed Funding,0.0,raman roy,raman roy,2016,April
3371,3371,2016-04-01,Process 9,Consumer Internet,online translation and transliteration,Gurgaon,Seed Funding,0.0,indian angel network,india quotient  letsventures angel fund,2016,April
3372,3372,2016-04-01,Process 9,Consumer Internet,online translation and transliteration,Gurgaon,Seed Funding,0.0,alok sharma,vijay shekhar sharma,2016,April
3373,3373,2016-04-01,Process 9,Consumer Internet,online translation and transliteration,Gurgaon,Seed Funding,0.0,kris gopalakrishnan,kris gopalkrishnan,2016,April
3374,3374,2016-04-01,Process 9,Consumer Internet,online translation and transliteration,Gurgaon,Seed Funding,0.0,saurabh srivastava,anurag srivastava,2016,April
3375,3375,2016-04-01,Process 9,Consumer Internet,online translation and transliteration,Gurgaon,Seed Funding,0.0,ajai chowdhry,ajai chowdhary,2016,April
3376,3376,2016-04-04,Housing,Consumer Internet,Real Estate Portal,Mumbai,Private Equity,0.0,vineet singh,imanpreet singh arora,2016,April
3377,3377,2016-04-04,Roll Mafia,Food & Beverage,Rolls & Biryanis QSR chain,Pune,Seed Funding,0.0,equentia natural resource,equentia natural resources,2016,April
3378,3378,2016-04-04,Roll Mafia,Food & Beverage,Rolls & Biryanis QSR chain,Pune,Seed Funding,0.0,undisclosed,undisclosed,2016,April
3379,3379,2016-04-04,Hungama,Consumer Internet,Digital Media Entertainment Portal,Mumbai,Private Equity,235.5,xiaomi inc,xiaomi,2016,April
3380,3380,2016-04-04,Highway Delite,Consumer Internet,Various Highway Help Services,Bangalore,Seed Funding,0.0,ns raghavan centre for entrepreneurial learning,centre for incubation,2016,April
3381,3381,2016-04-05,Cult Fitness,Healthcare,Healthcare training programs,Bangalore,Seed Funding,0.0,mukesh bansal,axilor ventures  binny bansal,2016,April
3382,3382,2016-04-05,Haptik,Technology,Personal Assistant App,Mumbai,Private Equity,0.0,times internet ltd,times internet,2016,April
3383,3383,2016-04-05,Servify,Consumer Internet,Gadget & Appliances Service App,Mumbai,Private Equity,0.0,blume ventures,blume ventures  rtp global,2016,April
3384,3384,2016-04-05,Servify,Consumer Internet,Gadget & Appliances Service App,Mumbai,Private Equity,0.0,barkawi holdings gmbh,sc gg india mobility holdings llc,2016,April
3385,3385,2016-04-05,Servify,Consumer Internet,Gadget & Appliances Service App,Mumbai,Private Equity,0.0,tm service technology holdings gmbh,deshe holdings,2016,April
3386,3386,2016-04-06,Shipsy,Logistics,Logistics Solutions,Gurgaon,Private Equity,9.42,dtdc express ltd,spring canter investment ltd,2016,April
3387,3387,2016-04-06,gear6,Consumer Internet,Online bike service and repairs platform,Bangalore,Seed Funding,4.71,ninestarter,ninestarter,2016,April
3388,3388,2016-04-06,MyGlamm,Consumer Internet,Mobile based on-demand Beauty Services platform,Mumbai,Private Equity,56.52,loccitane,loccitane,2016,April
3389,3389,2016-04-06,Petoo,Consumer Internet,Online Food Delivery Platform,Bangalore,Private Equity,9.42,axilor ventures,axilor,2016,April
3390,3390,2016-04-07,Truly Social,Consumer Internet,Mobile Gaming Studio,London,Private Equity,0.0,nazara technologies pvt ltd,nazara technologies,2016,April
3391,3391,2016-04-08,Little Black Book,Consumer Internet,"Curated Food, event & Lifestyle guide",New Delhi,Seed Funding,0.0,idg,westbridge capital,2016,April
3392,3392,2016-04-08,Little Black Book,Consumer Internet,"Curated Food, event & Lifestyle guide",New Delhi,Seed Funding,0.0,indian angel network,india quotient  letsventures angel fund,2016,April
3393,3393,2016-04-08,Vahan,Education,Mobile Education Platform,Chennai,Seed Funding,0.0,villgro,il,2016,April
3394,3394,2016-04-08,imedilane,Consumer Internet,Online Health Diagnosis platform,New Delhi,Seed Funding,0.3768,mahendra patel,kunal shah  manish patel,2016,April
3395,3395,2016-04-08,imedilane,Consumer Internet,Online Health Diagnosis platform,New Delhi,Seed Funding,0.3768,nilender chauhan,il,2016,April
3396,3396,2016-04-11,Living Local,Consumer Internet,Social discovery platform,Mumbai,Seed Funding,1.884,rattan chadha,rattan chadha,2016,April
3397,3397,2016-04-11,Vegfru,eCommerce,Online Fruit & Vegetable Marketplace,New Delhi,Seed Funding,0.0,wingify,wingify,2016,April
3398,3398,2016-04-11,OYO Rooms,Consumer Internet,Online Branded Budget Room Booking Service,New Delhi,Private Equity,942.0,softbank,softbank,2016,April
3399,3399,2016-04-11,OYO Rooms,Consumer Internet,Online Branded Budget Room Booking Service,New Delhi,Private Equity,942.0,sequoia capital,quona capital,2016,April
3400,3400,2016-04-11,OYO Rooms,Consumer Internet,Online Branded Budget Room Booking Service,New Delhi,Private Equity,942.0,lightspeed venture partners,lightspeed venture partners india,2016,April
3401,3401,2016-04-11,OYO Rooms,Consumer Internet,Online Branded Budget Room Booking Service,New Delhi,Private Equity,942.0,greenoaks capital,greenoaks capital partners,2016,April
3402,3402,2016-04-11,OYO Rooms,Consumer Internet,Online Branded Budget Room Booking Service,New Delhi,Private Equity,942.0,dsg consumer partners  venture nursery,dsg consumer partners,2016,April
3403,3403,2016-04-11,PriceRaja,Consumer Internet,Price Comparison Portal,Gurgaon,Seed Funding,2.826,prashant puri,prashant gupta  others,2016,April
3404,3404,2016-04-12,MagicX,Consumer Internet,On-Demand Task Management App,Bangalore,Seed Funding,9.42,kris gopalakrishnan,kris gopalkrishnan,2016,April
3405,3405,2016-04-12,MagicX,Consumer Internet,On-Demand Task Management App,Bangalore,Seed Funding,9.42,dr ranjan pai,ranjan pai,2016,April
3406,3406,2016-04-12,Happydemic,Consumer Internet,Artist Discovery & Booking platform,Mumbai,Seed Funding,0.0,shaan,zishaan hayath,2016,April
3407,3407,2016-04-12,LenDenClub,Finance,Peer-to-Peer Lending Platform,Mumbai,Seed Funding,0.0,anirudh damani,radhakrishan damani  rakesh jhunjhunwala,2016,April
3408,3408,2016-04-12,LenDenClub,Finance,Peer-to-Peer Lending Platform,Mumbai,Seed Funding,0.0,daud ali,daud ali  others,2016,April
3409,3409,2016-04-12,LenDenClub,Finance,Peer-to-Peer Lending Platform,Mumbai,Seed Funding,0.0,narendra karnavat,narendra karnavat,2016,April
3410,3410,2016-04-12,LenDenClub,Finance,Peer-to-Peer Lending Platform,Mumbai,Seed Funding,0.0,vikas kapoor,sunjay kapoor  telama investment,2016,April
3411,3411,2016-04-12,LenDenClub,Finance,Peer-to-Peer Lending Platform,Mumbai,Seed Funding,0.0,vikram lakhotia,vikram sud,2016,April
3412,3412,2016-04-12,LenDenClub,Finance,Peer-to-Peer Lending Platform,Mumbai,Seed Funding,0.0,krishna jhunjhunwaala,krishna jhunjhunwala,2016,April
3413,3413,2016-04-12,LenDenClub,Finance,Peer-to-Peer Lending Platform,Mumbai,Seed Funding,0.0,jayesh shah,myntra  mitesh shah finance chief,2016,April
3414,3414,2016-04-12,Indi.com,Consumer Internet,Video Social Network,,Seed Funding,0.0,anil kapoor,il,2016,April
3415,3415,2016-04-13,Legalraasta,Consumer Internet,Online legal Services for Startups,New Delhi,Seed Funding,9.42,pravin khelwal,sachin khelwal  others,2016,April
3416,3416,2016-04-13,Legalraasta,Consumer Internet,Online legal Services for Startups,New Delhi,Seed Funding,9.42,yatin kumar jain,aj ventures  jain international trade organisation jito,2016,April
3417,3417,2016-04-13,RainCan,Consumer Internet,Subscription-based grocery delivery Mobile App,Pune,Seed Funding,1.413,dr aniruddha malpani,aniruddha malpani,2016,April
3418,3418,2016-04-13,Hippily,eCommerce,Fashion ECommerce App,Mumbai,Seed Funding,2.355,dr sridhar ramaswamy,dr ranjan pai,2016,April
3419,3419,2016-04-13,Hippily,eCommerce,Fashion ECommerce App,Mumbai,Seed Funding,2.355,rakesh mathur,radhakrishan damani  rakesh jhunjhunwala,2016,April
3420,3420,2016-04-13,kredX,eCommerce,Invoice discounting\\xc2\\xa0 Marketplace,Bangalore,Seed Funding,7.065,prime venture partners,prime venture partners  others,2016,April
3421,3421,2016-04-14,Wedwise,Consumer Internet,Wedding related services community,New Delhi,Seed Funding,0.0,startup equity partners,y partners,2016,April
3422,3422,2016-04-14,BeaconsTalk,Technology,contextual mobile advertising,Mumbai,Seed Funding,0.942,rajeev agrawal,sanjeev agrawal,2016,April
3423,3423,2016-04-14,BeaconsTalk,Technology,contextual mobile advertising,Mumbai,Seed Funding,0.942,prashant gooty,prashant gupta  others,2016,April
3424,3424,2016-04-15,Deal 4Loans,Consumer Internet,Loan Comparison Portal,Noida,Seed Funding,0.0,ram shriram,rajeev arora  ram ramsundar,2016,April
3425,3425,2016-04-15,Deal 4Loans,Consumer Internet,Loan Comparison Portal,Noida,Seed Funding,0.0,neeraj arora,rajeev arora  ram ramsundar,2016,April
3426,3426,2016-04-15,Deal 4Loans,Consumer Internet,Loan Comparison Portal,Noida,Seed Funding,0.0,puru vashishtha,puru vashishtha,2016,April
3427,3427,2016-04-15,RenewBuy,Consumer Internet,Online Car & Bike Insurance Comparison portal,New Delhi,Seed Funding,9.42,mount nathan advisors,mount nathan advisors pte ltd,2016,April
3428,3428,2016-04-15,Blue Box Media,Consumer Internet,Online Tech Portals,Jaipur,Seed Funding,0.0,mahavir pratap sharma,mahavir sharma,2016,April
3429,3429,2016-04-15,Blue Box Media,Consumer Internet,Online Tech Portals,Jaipur,Seed Funding,0.0,ajay data,pidilite industries director ajay parekh,2016,April
3430,3430,2016-04-15,Blue Box Media,Consumer Internet,Online Tech Portals,Jaipur,Seed Funding,0.0,yogesh chaudhary,yogesh chaudhary,2016,April
3431,3431,2016-04-15,Blue Box Media,Consumer Internet,Online Tech Portals,Jaipur,Seed Funding,0.0,sanjay phophaliya,sanjay nath,2016,April
3432,3432,2016-04-15,Blue Box Media,Consumer Internet,Online Tech Portals,Jaipur,Seed Funding,0.0,siddharth agarwal,rn agarwal,2016,April
3433,3433,2016-04-15,Blue Box Media,Consumer Internet,Online Tech Portals,Jaipur,Seed Funding,0.0,kamal kothari,kamal kothari,2016,April
3434,3434,2016-04-15,Vyomo,Consumer Internet,On-Demand Beauty Service provider,New Delhi,Private Equity,141.3,naturals salon chain,naturals salon chain,2016,April
3435,3435,2016-04-15,Organicshop,eCommerce,Marketplace for organic products,Jaipur,Seed Funding,0.0,vivek nathani,vivek khare  bijoy george,2016,April
3436,3436,2016-04-15,Organicshop,eCommerce,Marketplace for organic products,Jaipur,Seed Funding,0.0,yogesh chaudhary,yogesh chaudhary,2016,April
3437,3437,2016-04-15,Organicshop,eCommerce,Marketplace for organic products,Jaipur,Seed Funding,0.0,mahavir pratap sharma,mahavir sharma,2016,April
3438,3438,2016-04-15,Organicshop,eCommerce,Marketplace for organic products,Jaipur,Seed Funding,0.0,kamal kothari,kamal kothari,2016,April
3439,3439,2016-04-15,Organicshop,eCommerce,Marketplace for organic products,Jaipur,Seed Funding,0.0,h c jain,aj ventures  jain international trade organisation jito,2016,April
3440,3440,2016-04-15,MInd Your Fleet,Consumer Internet,Car Rental Software,Noida,Seed Funding,0.0,undisclosed,undisclosed,2016,April
3441,3441,2016-04-15,NestAway,Consumer Internet,Furnished Home Rental Platform,Bangalore,Private Equity,282.6,tiger global,ping an global voyager fund,2016,April
3442,3442,2016-04-15,Tapchief,Consumer Internet,Expert Advice Platform,Bangalore,Seed Funding,1.413,vijay shekhar sharma,nishit sharma,2016,April
3443,3443,2016-04-18,Rapido,Consumer Internet,Bike Aggregator App,Bangalore,Private Equity,0.0,pawan munjal,pawan munjal,2016,April
3444,3444,2016-04-18,Rapido,Consumer Internet,Bike Aggregator App,Bangalore,Private Equity,0.0,advantedge partners,advantedge,2016,April
3445,3445,2016-04-18,Rapido,Consumer Internet,Bike Aggregator App,Bangalore,Private Equity,0.0,astarc ventures,abstract ventures,2016,April
3446,3446,2016-04-18,Yufta,eCommerce,Women\\xe2\\x80\\x99s Fashion ECommerce Portal,Bangalore,Seed Funding,0.0,ajay data,pidilite industries director ajay parekh,2016,April
3447,3447,2016-04-18,Yufta,eCommerce,Women\\xe2\\x80\\x99s Fashion ECommerce Portal,Bangalore,Seed Funding,0.0,other hnis,other,2016,April
3448,3448,2016-04-18,Smytten,eCommerce,Online Discovery and Shopping Platform,Gurgaon,Seed Funding,0.0,rajan anan,rajan anan from google,2016,April
3449,3449,2016-04-18,Houssup,Consumer Internet,interior design and home furnishing portal,Jaipur,Seed Funding,0.0,mitin patel,kunal shah  manish patel,2016,April
3450,3450,2016-04-18,Houssup,Consumer Internet,interior design and home furnishing portal,Jaipur,Seed Funding,0.0,gaurav agarwal,gaurav suri  ankit kesarwani,2016,April
3451,3451,2016-04-18,Jugnoo,Consumer Internet,On-demand Delivery & Logistics platform,Chandigarh,Private Equity,94.2,paytm,m,2016,April
3452,3452,2016-04-18,Jugnoo,Consumer Internet,On-demand Delivery & Logistics platform,Chandigarh,Private Equity,94.2,existing investors,valpro capital  existing investors,2016,April
3453,3453,2016-04-18,Tork Motocycles,Auto,Electric Motorcycle Manufacturer,Pune,Seed Funding,0.0,bhavish aggarwal,bhavish aggarwal,2016,April
3454,3454,2016-04-18,Tork Motocycles,Auto,Electric Motorcycle Manufacturer,Pune,Seed Funding,0.0,ankit bhati,gaurav suri  ankit kesarwani,2016,April
3455,3455,2016-04-19,Betaout,eCommerce,customer intelligence and marketing automation platform,Noida,Private Equity,14.13,stanford angels,director at byramjee jeejeebhoy pvt ltd were among the angels,2016,April
3456,3456,2016-04-19,Betaout,eCommerce,customer intelligence and marketing automation platform,Noida,Private Equity,14.13,letsventure,lets venture,2016,April
3457,3457,2016-04-19,Betaout,eCommerce,customer intelligence and marketing automation platform,Noida,Private Equity,14.13,chennai angels,the chennai angels,2016,April
3458,3458,2016-04-19,Betaout,eCommerce,customer intelligence and marketing automation platform,Noida,Private Equity,14.13,hyderabad angels,hyderabad angels at startup heroes event,2016,April
3459,3459,2016-04-19,Betaout,eCommerce,customer intelligence and marketing automation platform,Noida,Private Equity,14.13,mumbai angels,mumbai angel,2016,April
3460,3460,2016-04-19,DriversCart,Consumer Internet,on-demand chauffeur provider,Chennai,Seed Funding,4.239,ah ventures,fao ventures,2016,April
3461,3461,2016-04-19,LensKart,eCommerce,Eyewear etailing platform,New Delhi,Private Equity,0.0,ratan tata,rata tata,2016,April
3462,3462,2016-04-19,CollegeDekho,Consumer Internet,College & Student information platform,New Delhi,Private Equity,18.84,man capital,man capital llp,2016,April
3463,3463,2016-04-19,OYO Rooms,Consumer Internet,Fitness Services Aggregator platform,Bangalore,Seed Funding,0.0,rn agarwal,varun agarwal,2016,April
3464,3464,2016-04-19,Oliveboard,Consumer Internet,Online exam practice & preparation platform,Bangalore,Private Equity,0.0,india educational investment fund,vertex growth fund,2016,April
3465,3465,2016-04-19,Simplilearn,Consumer Internet,Online certification platform,Bangalore,Private Equity,0.0,br capital,b capital,2016,April
3466,3466,2016-04-20,1mg,eCommerce,Online Pharmacy,Gurgaon,Private Equity,141.3,maverick capital ventures,maverick capital,2016,April
3467,3467,2016-04-20,1mg,eCommerce,Online Pharmacy,Gurgaon,Private Equity,141.3,sequoia capital,quona capital,2016,April
3468,3468,2016-04-20,1mg,eCommerce,Online Pharmacy,Gurgaon,Private Equity,141.3,omidyar network,omidyar networks,2016,April
3469,3469,2016-04-20,Fashalot,Consumer Internet,Fashion and Store discovery mobile app,New Delhi,Seed Funding,0.0,yournest angel fund,you,2016,April
3470,3470,2016-04-20,Fashalot,Consumer Internet,Fashion and Store discovery mobile app,New Delhi,Seed Funding,0.0,rajul garg,ps1 venture  globallogic cofounder rajul garg,2016,April
3471,3471,2016-04-20,Broomberg,Consumer Internet,Cleaning Services Provider,New Delhi,Seed Funding,0.0,undisclosed,undisclosed,2016,April
3472,3472,2016-04-20,Broomberg,Consumer Internet,Cleaning Services Provider,New Delhi,Seed Funding,0.0,hnis,other hnis,2016,April
3473,3473,2016-04-21,m.paani,Consumer Internet,Loyalty rewards platform,Mumbai,Seed Funding,0.0,blume ventures,blume ventures  rtp global,2016,April
3474,3474,2016-04-21,m.paani,Consumer Internet,Loyalty rewards platform,Mumbai,Seed Funding,0.0,adil allana,il,2016,April
3475,3475,2016-04-21,m.paani,Consumer Internet,Loyalty rewards platform,Mumbai,Seed Funding,0.0,aprameya radhakrishna,aprameya radhakrishnan,2016,April
3476,3476,2016-04-21,m.paani,Consumer Internet,Loyalty rewards platform,Mumbai,Seed Funding,0.0,gautam ivatury,gautam ivatury,2016,April
3477,3477,2016-04-21,m.paani,Consumer Internet,Loyalty rewards platform,Mumbai,Seed Funding,0.0,signal point partners,saif partners,2016,April
3478,3478,2016-04-21,Yufta,eCommerce,hyperlocal fashion retail platform,Jaipur,Seed Funding,0.0,ajay data,pidilite industries director ajay parekh,2016,April
3479,3479,2016-04-21,Yufta,eCommerce,hyperlocal fashion retail platform,Jaipur,Seed Funding,0.0,undisclosed,undisclosed,2016,April
3480,3480,2016-04-21,mishTag,Consumer Internet,"Style, Fashion Discovery Mobile app",New Delhi,Seed Funding,0.0,m,paytm,2016,April
3481,3481,2016-04-21,mishTag,Consumer Internet,"Style, Fashion Discovery Mobile app",New Delhi,Seed Funding,0.0,y partners,harmony partners,2016,April
3482,3482,2016-04-21,mishTag,Consumer Internet,"Style, Fashion Discovery Mobile app",New Delhi,Seed Funding,0.0,svg media,gree ventures  summit media,2016,April
3483,3483,2016-04-21,mishTag,Consumer Internet,"Style, Fashion Discovery Mobile app",New Delhi,Seed Funding,0.0,anthil ventures,anthill ventures,2016,April
3484,3484,2016-04-21,mishTag,Consumer Internet,"Style, Fashion Discovery Mobile app",New Delhi,Seed Funding,0.0,others,other,2016,April
3485,3485,2016-04-21,Advanced Structures India,Auto,Automotive Design and Engineering company,Bangalore,Private Equity,0.0,girnarsoft,girnarsoft,2016,April
3486,3486,2016-04-22,Licious,eCommerce,Mobile based Meat ordering App,Bangalore,Private Equity,28.26,mayfield india ii management ltd,mayfield,2016,April
3487,3487,2016-04-22,Knolskae,Consumer Internet,Educational Gamification & Simulation platform,Bangalore,Private Equity,0.0,inventus capital partners,inventus capital,2016,April
3488,3488,2016-04-22,Knolskae,Consumer Internet,Educational Gamification & Simulation platform,Bangalore,Private Equity,0.0,hr fund,the hr fund,2016,April
3489,3489,2016-04-22,Druva,Technology,Converged Backup & Data Protection Solutions for Enterprises,Pune,Private Equity,0.0,ntt finance,myntra  mitesh shah finance chief,2016,April
3490,3490,2016-04-22,Druva,Technology,Converged Backup & Data Protection Solutions for Enterprises,Pune,Private Equity,0.0,telephone corporation,ss capital  international finance corporation,2016,April
3491,3491,2016-04-22,TOKO Innovation Studios,Consumer Internet,Children\xe2\x80\x99s Entertainment Games & Products,New Delhi,Seed Funding,4.239,indian angel network,india quotient  letsventures angel fund,2016,April
3492,3492,2016-04-25,Commut,Consumer Internet,Shuttle Service Provider,Hyderabad,Seed Funding,1.884,50k ventures,rainforest ventures,2016,April
3493,3493,2016-04-25,intouchapp,Consumer Internet,Contact Management Mobile App,Pune,Seed Funding,0.0,blume ventures,blume ventures  rtp global,2016,April
3494,3494,2016-04-25,Dropkaffe,Food & Beverage,Ready-to-Drink Beverage Producer,Bangalore,Seed Funding,5.181,growthstory,growthstory,2016,April
3495,3495,2016-04-25,Dropkaffe,Food & Beverage,Ready-to-Drink Beverage Producer,Bangalore,Seed Funding,5.181,apurva salapuria,apurva salarpuria,2016,April
3496,3496,2016-04-25,Dropkaffe,Food & Beverage,Ready-to-Drink Beverage Producer,Bangalore,Seed Funding,5.181,hitesh oberoi,hitesh oberoi,2016,April
3497,3497,2016-04-25,Dropkaffe,Food & Beverage,Ready-to-Drink Beverage Producer,Bangalore,Seed Funding,5.181,sidharth pansari,sidharth pansari,2016,April
3498,3498,2016-04-25,Dropkaffe,Food & Beverage,Ready-to-Drink Beverage Producer,Bangalore,Seed Funding,5.181,nirupa shankar,nirupa shankar,2016,April
3499,3499,2016-04-26,Transerv,Consumer Internet,Digital Payments platform,Mumbai,Private Equity,141.3,idfc spice fund,ping an global voyager fund,2016,April
3500,3500,2016-04-26,Transerv,Consumer Internet,Digital Payments platform,Mumbai,Private Equity,141.3,micromax informatics,micromax informatics ltd,2016,April
3501,3501,2016-04-26,ClearTax,Consumer Internet,Online filing of Tax returns,Bangalore,Private Equity,12.246,max levchin,max ventures  industries,2016,April
3502,3502,2016-04-26,ClearTax,Consumer Internet,Online filing of Tax returns,Bangalore,Private Equity,12.246,scott banister,co,2016,April
3503,3503,2016-04-26,Roposo,eCommerce,Social Fashion ECommerce Discovery platform,Gurgaon,Private Equity,141.3,bertelsmann india investments,bertelsmann india,2016,April
3504,3504,2016-04-27,MilkBasket,Consumer Internet,Micro Grocery Delivery Platform,Gurgaon,Seed Funding,4.71,evc ventures,eventures,2016,April
3505,3505,2016-04-27,CareonGO,Consumer Internet,Online Pharmacy,,Seed Funding,0.0,farooq oomerbhoy,farooq oomerbhoy,2016,April
3506,3506,2016-04-27,CareonGO,Consumer Internet,Online Pharmacy,,Seed Funding,0.0,anupam mittal,ajay relan  vinay mittal,2016,April
3507,3507,2016-04-27,CareonGO,Consumer Internet,Online Pharmacy,,Seed Funding,0.0,an mittal,ping an global voyager fund,2016,April
3508,3508,2016-04-27,CareonGO,Consumer Internet,Online Pharmacy,,Seed Funding,0.0,ravi garikipati,ravi garkipati,2016,April
3509,3509,2016-04-27,CareonGO,Consumer Internet,Online Pharmacy,,Seed Funding,0.0,vibhu garg,ps1 venture  globallogic cofounder rajul garg,2016,April
3510,3510,2016-04-27,CareonGO,Consumer Internet,Online Pharmacy,,Seed Funding,0.0,singapore angel network,singapore angels network,2016,April
3511,3511,2016-04-27,CareonGO,Consumer Internet,Online Pharmacy,,Seed Funding,0.0,konglo ventures,konly venture,2016,April
3512,3512,2016-04-27,RailYatri,Consumer Internet,Train Related Information portal,Noida,Private Equity,0.0,nan nilekani,il,2016,April
3513,3513,2016-04-27,RailYatri,Consumer Internet,Train Related Information portal,Noida,Private Equity,0.0,helion ventures,helion venture,2016,April
3514,3514,2016-04-27,RailYatri,Consumer Internet,Train Related Information portal,Noida,Private Equity,0.0,omidyar networks,omidyar network,2016,April
3515,3515,2016-04-27,RailYatri,Consumer Internet,Train Related Information portal,Noida,Private Equity,0.0,blume ventures,blume ventures  rtp global,2016,April
3516,3516,2016-04-27,ICHR,Consumer Internet,Mobile based Children health Information app,New Delhi,Seed Funding,4.239,undisclosed,undisclosed,2016,April
3517,3517,2016-04-27,Murgency,Consumer Internet,Medical Emergency Response App,Mumbai,Private Equity,0.0,axilor ventures,axilor,2016,April
3518,3518,2016-04-28,The Wedding Brigade,Consumer Internet,Online Wedding Information Portal,Mumbai,Seed Funding,5.652,blume ventures,blume ventures  rtp global,2016,April
3519,3519,2016-04-28,The Wedding Brigade,Consumer Internet,Online Wedding Information Portal,Mumbai,Seed Funding,5.652,other unnamed investors,other,2016,April
3520,3520,2016-04-28,DocsApp,Consumer Internet,Online Doctor Discovery & Chat platform,Bangalore,Private Equity,11.304,rebright partners,redbright partners,2016,April
3521,3521,2016-04-28,DocsApp,Consumer Internet,Online Doctor Discovery & Chat platform,Bangalore,Private Equity,11.304,an rajaraman,ping an global voyager fund,2016,April
3522,3522,2016-04-28,DocsApp,Consumer Internet,Online Doctor Discovery & Chat platform,Bangalore,Private Equity,11.304,venky harinarayan,venk,2016,April
3523,3523,2016-04-29,Impact Guru,Consumer Internet,Online Crowdfunding platform for NGOs & Social Projects,Mumbai,Seed Funding,4.71,rb investments,rb investments pte ltd,2016,April
3524,3524,2016-04-29,Impact Guru,Consumer Internet,Online Crowdfunding platform for NGOs & Social Projects,Mumbai,Seed Funding,4.71,fundnel,fundnel,2016,April
3525,3525,2016-04-29,LetReach,eCommerce,ECommerce SAAS Solutions,New Delhi,Private Equity,0.942,vcommission,co,2016,April
3526,3526,2016-03-01,DriveU,Consumer Internet,Chauffeurs Discovery for private car owners,Bangalore,Seed Funding,0.0,unitus seed fund,amit singhal  unitus seed fund,2016,March
3527,3527,2016-03-01,Gympik,Consumer Internet,"Fitness Centres, Gym Discovery online marketplace",Bangalore,Private Equity,0.0,roundglass partners,roundglass partners llc,2016,March
3528,3528,2016-03-01,Testbook,Consumer Internet,Online Test Preparation Platform,Mumbai,Private Equity,0.0,s ch,s ch group,2016,March
3529,3529,2016-03-01,Testbook,Consumer Internet,Online Test Preparation Platform,Mumbai,Private Equity,0.0,co,falcon edge,2016,March
3530,3530,2016-03-01,IQlect,Technology,Big Data Analytics Platform,Bangalore,Private Equity,0.0,lipbu tan,lipbu tan,2016,March
3531,3531,2016-03-01,IQlect,Technology,Big Data Analytics Platform,Bangalore,Private Equity,0.0,michael marks,michael,2016,March
3532,3532,2016-03-01,IQlect,Technology,Big Data Analytics Platform,Bangalore,Private Equity,0.0,nicolas braithwaite,ola,2016,March
3533,3533,2016-03-02,MoMark,Consumer Internet,Mobile Wallet Aggregation platform,Noida,Private Equity,5.652,yournest angel fund,you,2016,March
3534,3534,2016-03-02,Skedool,Consumer Internet,AI based Office Assistant Mobile App,Seattle / Bangalore,Seed Funding,0.0,kludein llcnphanindra sama,phanindra sama,2016,March
3535,3535,2016-03-02,Skedool,Consumer Internet,AI based Office Assistant Mobile App,Seattle / Bangalore,Seed Funding,0.0,narayan ramachran,unitus seed fundnnarayan ramachran,2016,March
3536,3536,2016-03-02,Skedool,Consumer Internet,AI based Office Assistant Mobile App,Seattle / Bangalore,Seed Funding,0.0,pranav pai,the uks development finance institution  p surendra pai,2016,March
3537,3537,2016-03-02,Systemantics,Technology,Industrial robots maker,Bangalore,Private Equity,13.188,nan nilekani,il,2016,March
3538,3538,2016-03-02,Systemantics,Technology,Industrial robots maker,Bangalore,Private Equity,13.188,accel,accel,2016,March
3539,3539,2016-03-03,Vertuals,Technology,Audio Visual Digital Content creators for Brands,Mumbai,Seed Funding,0.0,dino morea,dino morea,2016,March
3540,3540,2016-03-03,Imarticus Learning,Education,Financial Services & Analytics Education Institute,Mumbai,Private Equity,9.42,blinc advisors,inc,2016,March
3541,3541,2016-03-03,Imarticus Learning,Education,Financial Services & Analytics Education Institute,Mumbai,Private Equity,9.42,amit nanavati,amit singhal  unitus seed fund,2016,March
3542,3542,2016-03-03,Imarticus Learning,Education,Financial Services & Analytics Education Institute,Mumbai,Private Equity,9.42,tashwinder singh,seep singh,2016,March
3543,3543,2016-03-03,Imarticus Learning,Education,Financial Services & Analytics Education Institute,Mumbai,Private Equity,9.42,taranjit jaswal,taranjit jaswal,2016,March
3544,3544,2016-03-03,Imarticus Learning,Education,Financial Services & Analytics Education Institute,Mumbai,Private Equity,9.42,amit khanna,amit khanna letsventure,2016,March
3545,3545,2016-03-03,Shouut,Consumer Internet,Social Discovery Mobile app,New Delhi,Seed Funding,4.71,undisclosed,undisclosed,2016,March
3546,3546,2016-03-04,TinyStep,Consumer Internet,Parenting Social Network Platform,Bangalore,Private Equity,0.0,matt glickman,matt glickman,2016,March
3547,3547,2016-03-04,Aahaa,ECommerce,Office Products Super Store,Chennai,Private Equity,9.42,yournest angel fund,you,2016,March
3548,3548,2016-03-04,Arcatron Mobility,Technology,Smart wheelchair Design and Development,Pune,Seed Funding,0.0,sudhir mehta,seep mehta family office,2016,March
3549,3549,2016-03-04,Arcatron Mobility,Technology,Smart wheelchair Design and Development,Pune,Seed Funding,0.0,anoop hingorani,anoop hingorani,2016,March
3550,3550,2016-03-04,FTCash,Consumer Internet,Mobile Payments Platform,Kolkata,Seed Funding,1.413,ivycap ventures,ivycamp ventures,2016,March
3551,3551,2016-03-04,Civilsdaily,Consumer Internet,Civil Services News Aggregator,New Delhi,Seed Funding,0.0,manoj kumar,subho ray  samir kumar,2016,March
3552,3552,2016-03-04,Civilsdaily,Consumer Internet,Civil Services News Aggregator,New Delhi,Seed Funding,0.0,undisclosed,undisclosed,2016,March
3553,3553,2016-03-04,Zappka,Consumer Internet,Mobile App discovery and review platform,Gurgaon,Seed Funding,0.942,daman soni,daman soni,2016,March
3554,3554,2016-03-04,Zappka,Consumer Internet,Mobile App discovery and review platform,Gurgaon,Seed Funding,0.942,rajat gupta,prashant gupta  others,2016,March
3555,3555,2016-03-04,Zappka,Consumer Internet,Mobile App discovery and review platform,Gurgaon,Seed Funding,0.942,others,other,2016,March
3556,3556,2016-03-04,Tarusa World,ECommerce,Handicraft products eTailer,Mumbai,Seed Funding,0.0,mohit gulati,subhkam ventures  mohit khadaria,2016,March
3557,3557,2016-03-04,medECUBE,Healthcare,Healthcare related Services provider,Gurgaon,Private Equity,37.68,artiman ventures,breakthrough energy ventures,2016,March
3558,3558,2016-03-07,N.O.W,Consumer Internet,Bike Taxi Service & Hyperlocal Delivery App,Noida,Seed Funding,4.71,ruchirans jaipuria,ruchirans jaipuria,2016,March
3559,3559,2016-03-07,N.O.W,Consumer Internet,Bike Taxi Service & Hyperlocal Delivery App,Noida,Seed Funding,4.71,anuj sanghi,anuj sanghi,2016,March
3560,3560,2016-03-07,Ninjacart,ECommerce,B2B marketplace for Farmers & Retailers,Bangalore,Private Equity,28.26,accel,accel,2016,March
3561,3561,2016-03-07,Ninjacart,ECommerce,B2B marketplace for Farmers & Retailers,Bangalore,Private Equity,28.26,qualcomm ventures,qualcomm venture,2016,March
3562,3562,2016-03-07,Ninjacart,ECommerce,B2B marketplace for Farmers & Retailers,Bangalore,Private Equity,28.26,m,paytm,2016,March
3563,3563,2016-03-07,Ninjacart,ECommerce,B2B marketplace for Farmers & Retailers,Bangalore,Private Equity,28.26,s partners,insignia ventures partners,2016,March
3564,3564,2016-03-07,Ninjacart,ECommerce,B2B marketplace for Farmers & Retailers,Bangalore,Private Equity,28.26,zop smart,xc2xa0 smart start fund kunal shah,2016,March
3565,3565,2016-03-07,Reach,Consumer Internet,Cross Platform P2P file sharing mobile app,Bangalore,Seed Funding,4.71,rebright partners,redbright partners,2016,March
3566,3566,2016-03-07,Reach,Consumer Internet,Cross Platform P2P file sharing mobile app,Bangalore,Seed Funding,4.71,sol primero,sol primero,2016,March
3567,3567,2016-03-07,Reach,Consumer Internet,Cross Platform P2P file sharing mobile app,Bangalore,Seed Funding,4.71,sudhir anarao,sudhir rao,2016,March
3568,3568,2016-03-07,Reach,Consumer Internet,Cross Platform P2P file sharing mobile app,Bangalore,Seed Funding,4.71,ankur warikoo,ankur warikoo,2016,March
3569,3569,2016-03-07,Reach,Consumer Internet,Cross Platform P2P file sharing mobile app,Bangalore,Seed Funding,4.71,ankur singla,ankur singla,2016,March
3570,3570,2016-03-07,Vanity Cube,Consumer Internet,Hyperlocal Beauty Services platform,New Delhi,Seed Funding,2.355,unicorn ventures,unicorn venture,2016,March
3571,3571,2016-03-07,Wooplr,ECommerce,Curated Fashion ECommerce portal,Bangalore,Seed Funding,0.0,naveen tewari,naveen tiwari,2016,March
3572,3572,2016-03-07,Wooplr,ECommerce,Curated Fashion ECommerce portal,Bangalore,Seed Funding,0.0,abhay singhal,amit singhal  unitus seed fund,2016,March
3573,3573,2016-03-07,Wooplr,ECommerce,Curated Fashion ECommerce portal,Bangalore,Seed Funding,0.0,amit gupta,amajit gupta,2016,March
3574,3574,2016-03-07,Wooplr,ECommerce,Curated Fashion ECommerce portal,Bangalore,Seed Funding,0.0,piyush shah,myntra  mitesh shah finance chief,2016,March
3575,3575,2016-03-07,Wooplr,ECommerce,Curated Fashion ECommerce portal,Bangalore,Seed Funding,0.0,raghunan g,raghunan gangappa,2016,March
3576,3576,2016-03-07,Wooplr,ECommerce,Curated Fashion ECommerce portal,Bangalore,Seed Funding,0.0,rajiv mehta,seep mehta family office,2016,March
3577,3577,2016-03-07,Medidaili,Consumer Internet,Medical Support service platform,Bangalore,Seed Funding,0.942,undisclosed,undisclosed,2016,March
3578,3578,2016-03-08,Finomena,Technology,Credit Worthiness Big Data Analytics,New Delhi,Private Equity,0.0,matrix partner,bessemer venture partner,2016,March
3579,3579,2016-03-08,Cookaroo,Consumer Internet,Food Delivery Platform,Bangalore,Seed Funding,0.0,vijay krishna yadav,bharat vijay,2016,March
3580,3580,2016-03-08,vPhrase Analytics,Technology,AI based data analytics platform,Mumbai,Seed Funding,0.0,apoorv ranjan sharma,dr apoorv ranjan sharma,2016,March
3581,3581,2016-03-08,vPhrase Analytics,Technology,AI based data analytics platform,Mumbai,Seed Funding,0.0,daud ali  others,others,2016,March
3582,3582,2016-03-08,LoveCycles,Consumer Internet,Women\\xe2\\x80\\x99s health Tracker,Bangalore,Seed Funding,7.065,prime venture partners,prime venture partners  others,2016,March
3583,3583,2016-03-08,Kartrocket,ECommerce,ECommerce SAAS platform,New Delhi,Private Equity,75.36,undisclosed,undisclosed,2016,March
3584,3584,2016-03-08,Kartrocket,ECommerce,ECommerce SAAS platform,New Delhi,Private Equity,75.36,bertelsmann india investments,bertelsmann india,2016,March
3585,3585,2016-03-08,Kartrocket,ECommerce,ECommerce SAAS platform,New Delhi,Private Equity,75.36,nirvana digital india fund,india quotient,2016,March
3586,3586,2016-03-08,Kartrocket,ECommerce,ECommerce SAAS platform,New Delhi,Private Equity,75.36,nirvana digital investment holding co ltd,nirvana digital investment holding,2016,March
3587,3587,2016-03-08,Kartrocket,ECommerce,ECommerce SAAS platform,New Delhi,Private Equity,75.36,500 startups,500 startups,2016,March
3588,3588,2016-03-08,dunzo,Consumer Internet,Daily Task Management App,Bangalore,Seed Funding,6.123,aspada investment advisors,aspada investment,2016,March
3589,3589,2016-03-08,dunzo,Consumer Internet,Daily Task Management App,Bangalore,Seed Funding,6.123,blume ventures,blume ventures  rtp global,2016,March
3590,3590,2016-03-09,Indiamart,ECommerce,B2B Marketplace for SMBs,Noida,Private Equity,0.0,amadeus capital,trifecta capital advisors,2016,March
3591,3591,2016-03-09,SmartVizX,Technology,Virtual Reality Solutions,Noida,Seed Funding,4.71,indian angel network,india quotient  letsventures angel fund,2016,March
3592,3592,2016-03-09,SmartVizX,Technology,Virtual Reality Solutions,Noida,Seed Funding,4.71,stanford angels,director at byramjee jeejeebhoy pvt ltd were among the angels,2016,March
3593,3593,2016-03-09,SmartVizX,Technology,Virtual Reality Solutions,Noida,Seed Funding,4.71,entrepreneurs india,entrepreneurs,2016,March
3594,3594,2016-03-09,MyGubbi,Real Estate,Interior Design & Home D\\xc3\\xa9cor Solutions,Bangalore,Seed Funding,23.55,vipul parekh,pidilite industries director ajay parekh,2016,March
3595,3595,2016-03-09,MyGubbi,Real Estate,Interior Design & Home D\\xc3\\xa9cor Solutions,Bangalore,Seed Funding,23.55,ajesh k murthy,rajesh k murthy,2016,March
3596,3596,2016-03-09,Nukkad Shops,Consumer Internet,Hyperlocal Grocery Delivery Service,Hyderabad,Seed Funding,9.42,purpletalk inc,inc,2016,March
3597,3597,2016-03-09,Cloudacar,Consumer Internet,Carpooling Mobile App,Pune,Seed Funding,0.0,amit choudhary,amit singhal  unitus seed fund,2016,March
3598,3598,2016-03-09,Cloudacar,Consumer Internet,Carpooling Mobile App,Pune,Seed Funding,0.0,anuj puri,anuj srivastava,2016,March
3599,3599,2016-03-09,Justride,Consumer Internet,Self Drive Car Rental,Mumbai,Seed Funding,3.768,dheeraj jain,dheerag jain,2016,March
3600,3600,2016-03-09,Justride,Consumer Internet,Self Drive Car Rental,Mumbai,Seed Funding,3.768,other angel investors,9 other angel investors,2016,March
3601,3601,2016-03-09,Yana,Consumer Internet,Personal AI Transaction Engine App,Gurgaon,Seed Funding,0.0,puneet gupta,puneet gupta  pradeep k jaisingh,2016,March
3602,3602,2016-03-10,Big Fish Ventures,Food & Beverage,premium dining lounges Chain,New Delhi,Private Equity,104.562,undisclosed,undisclosed,2016,March
3603,3603,2016-03-10,Stylflip,ECommerce,Pre-Owned Fashion marketplace mobile app,Mumbai,Seed Funding,0.0,raj gala shah,myntra  mitesh shah finance chief,2016,March
3604,3604,2016-03-10,Stylflip,ECommerce,Pre-Owned Fashion marketplace mobile app,Mumbai,Seed Funding,0.0,zaheer memon,zaheer memon,2016,March
3605,3605,2016-03-10,Icertis,Technology,Contract Management Software Solutions platform,Pune/Seattle,Private Equity,141.3,ignition partners,stellaris venture partners,2016,March
3606,3606,2016-03-10,Icertis,Technology,Contract Management Software Solutions platform,Pune/Seattle,Private Equity,141.3,greycroft partners,greycroft,2016,March
3607,3607,2016-03-10,Icertis,Technology,Contract Management Software Solutions platform,Pune/Seattle,Private Equity,141.3,fidelity growth partners india,fidelity growth partners,2016,March
3608,3608,2016-03-10,Supplified,ECommerce,Construction material eTailer,New Delhi,Seed Funding,9.42,mohit goel,rohit goel,2016,March
3609,3609,2016-03-11,JollyFoodFellow,Technology,Food Related Marketing & Branding platform,Ahmedabad,Seed Funding,0.0,janak parikh,janak parikh,2016,March
3610,3610,2016-03-14,PinkBlue,ECommerce,Medical Supplies eTailer,Bangalore,Seed Funding,2.1063873600000003,hari krishna,krishna jhunjhunwala,2016,March
3611,3611,2016-03-14,PinkBlue,ECommerce,Medical Supplies eTailer,Bangalore,Seed Funding,2.1063873600000003,ajay modani,pidilite industries director ajay parekh,2016,March
3612,3612,2016-03-14,PinkBlue,ECommerce,Medical Supplies eTailer,Bangalore,Seed Funding,2.1063873600000003,dr v ravinder,al nour international holdings  mark v investments,2016,March
3613,3613,2016-03-14,PinkBlue,ECommerce,Medical Supplies eTailer,Bangalore,Seed Funding,2.1063873600000003,anirudh rastogi,atul gupta  saurabh rastogi,2016,March
3614,3614,2016-03-14,PinkBlue,ECommerce,Medical Supplies eTailer,Bangalore,Seed Funding,2.1063873600000003,abhishek jain,xc2xa0 abhishek jain,2016,March
3615,3615,2016-03-14,PinkBlue,ECommerce,Medical Supplies eTailer,Bangalore,Seed Funding,2.1063873600000003,rakesh gakhar,radhakrishan damani  rakesh jhunjhunwala,2016,March
3616,3616,2016-03-14,PinkBlue,ECommerce,Medical Supplies eTailer,Bangalore,Seed Funding,2.1063873600000003,rajeev mudumba,rajeev arora  ram ramsundar,2016,March
3617,3617,2016-03-14,PinkBlue,ECommerce,Medical Supplies eTailer,Bangalore,Seed Funding,2.1063873600000003,nagendra prasad bhanuprakash,mr manoj prasad,2016,March
3618,3618,2016-03-14,TruckingCube,Logistics,"Domestic, Commercial, and Industrial Goods Movers",New Delhi,Private Equity,140.358,agarwal movers group,manipal education  medical group memg,2016,March
3619,3619,2016-03-14,eSwasthya,Consumer Internet,Online Medicine Delivery Aggregator,Ahmedabad,Seed Funding,0.0,hemang sahani,hemant sahni,2016,March
3620,3620,2016-03-15,FlipClass,Consumer Internet,Tutor Search Platform,Bangalore,Private Equity,9.42,s ch  co pvt ltd,co,2016,March
3621,3621,2016-03-15,FlipClass,Consumer Internet,Tutor Search Platform,Bangalore,Private Equity,9.42,blume ventures,blume ventures  rtp global,2016,March
3622,3622,2016-03-15,Proximit,Technology,Advertising Technology,Pune,Seed Funding,1.413,funding through 1crowd platform,1crowd,2016,March
3623,3623,2016-03-15,WithMe,Consumer Internet,Personalized Fashion App,Gurgaon,Seed Funding,2.355,alex kuruvilla,il,2016,March
3624,3624,2016-03-15,WithMe,Consumer Internet,Personalized Fashion App,Gurgaon,Seed Funding,2.355,pradeep guha,puneet gupta  pradeep k jaisingh,2016,March
3625,3625,2016-03-15,WithMe,Consumer Internet,Personalized Fashion App,Gurgaon,Seed Funding,2.355,saket dhankar,saket dhankar,2016,March
3626,3626,2016-03-15,WithMe,Consumer Internet,Personalized Fashion App,Gurgaon,Seed Funding,2.355,rajan phare,rajan anan from google,2016,March
3627,3627,2016-03-16,Gapoon,Consumer Internet,Hyperlocal Home Maintenance services,Bangalore,Seed Funding,1.6956,chrashekar tallapragada,chrashekar tallapragada,2016,March
3628,3628,2016-03-16,Gapoon,Consumer Internet,Hyperlocal Home Maintenance services,Bangalore,Seed Funding,1.6956,pankaj kapoor,sunjay kapoor  telama investment,2016,March
3629,3629,2016-03-16,Avagmah,Consumer Internet,Online Education Portal,Bangalore,Seed Funding,0.0,kris gopalakrishnan,kris gopalkrishnan,2016,March
3630,3630,2016-03-16,Avagmah,Consumer Internet,Online Education Portal,Bangalore,Seed Funding,0.0,atul nishar,atul gupta  saurabh rastogi,2016,March
3631,3631,2016-03-16,WorkIndia,Consumer Internet,Online Job Board,Mumbai,Seed Funding,0.0,beenext,denlow investment trust  beenext,2016,March
3632,3632,2016-03-16,Wealthy,Consumer Internet,Online Investment management portal,Bangalore,Seed Funding,2.355,zishaan hayath,zishan hayath,2016,March
3633,3633,2016-03-16,Wealthy,Consumer Internet,Online Investment management portal,Bangalore,Seed Funding,2.355,abhishek goyal,abhishekh goyal,2016,March
3634,3634,2016-03-16,Wealthy,Consumer Internet,Online Investment management portal,Bangalore,Seed Funding,2.355,arjun  rohan malhotra,rohan malhotra,2016,March
3635,3635,2016-03-16,Wealthy,Consumer Internet,Online Investment management portal,Bangalore,Seed Funding,2.355,harpreet singh grover,shivani singh,2016,March
3636,3636,2016-03-16,Wealthy,Consumer Internet,Online Investment management portal,Bangalore,Seed Funding,2.355,gagan dugal,gagan dugal,2016,March
3637,3637,2016-03-17,Pramati,Healthcare,Specialized Patient Care platform,Noida,Seed Funding,1.884,undisclosed,undisclosed,2016,March
3638,3638,2016-03-17,Qlivery,Consumer Internet,Ondemand Concierge Service,Gurgaon,Seed Funding,2.1666,swastika company ltd,swastika company pvt ltd,2016,March
3639,3639,2016-03-17,HealthEnablr,Consumer Internet,Doctor Discovery and booking platform,Mumbai,Seed Funding,7.536,undisclosed,undisclosed,2016,March
3640,3640,2016-03-17,Liftiee,Consumer Internet,Car/ bike Pooling App,Mumbai,Seed Funding,1.01736,rannvijay singh,rannvijay singha,2016,March
3641,3641,2016-03-17,Liftiee,Consumer Internet,Car/ bike Pooling App,Mumbai,Seed Funding,1.01736,anita hassanani,anita hassanani,2016,March
3642,3642,2016-03-18,Hello Curry,Food & Beverage,Quick Service Restaurant Chain,Hyderabad,Private Equity,14.13,sashi reddi,sashi reddy,2016,March
3643,3643,2016-03-18,Hello Curry,Food & Beverage,Quick Service Restaurant Chain,Hyderabad,Private Equity,14.13,other unnamed investors,other,2016,March
3644,3644,2016-03-19,goSporto,Consumer Internet,Online Sports discovery and booking platform,New Delhi,Seed Funding,0.2826,naveen gupta,prashant gupta  others,2016,March
3645,3645,2016-03-21,OneClickWash,Consumer Internet,Online Laundry & Washing service Booking & Delivery,Gurgaon,Seed Funding,0.0,unitus seed fund,amit singhal  unitus seed fund,2016,March
3646,3646,2016-03-21,Girnar Software,Consumer Internet,Online News Media Network,Jaipur,Private Equity,0.0,google capital,google,2016,March
3647,3647,2016-03-21,Room On Call,Consumer Internet,Budget hotel aggregator,Gurgaon,Private Equity,18.84,cashurdrive marketing pvt ltd,pine labs pte ltd,2016,March
3648,3648,2016-03-22,BYJU'S,Consumer Internet,Educational Video Content Creator,Bangalore,Private Equity,706.5,sequoia capital,quona capital,2016,March
3649,3649,2016-03-22,BYJU'S,Consumer Internet,Educational Video Content Creator,Bangalore,Private Equity,706.5,sofina,sofina sa,2016,March
3650,3650,2016-03-22,BigBasket,eCommerce,Online Grocery Shop,Bangalore,Private Equity,1413.0,abraaj group,manipal education  medical group memg,2016,March
3651,3651,2016-03-22,DrivoJoy,Consumer Internet,On-demand 2-wheeler Servicing platform,Bangalore,Seed Funding,5.652,indian angel network,india quotient  letsventures angel fund,2016,March
3652,3652,2016-03-22,DrivoJoy,Consumer Internet,On-demand 2-wheeler Servicing platform,Bangalore,Seed Funding,5.652,tracxn labs,tracxnlabs,2016,March
3653,3653,2016-03-22,DrivoJoy,Consumer Internet,On-demand 2-wheeler Servicing platform,Bangalore,Seed Funding,5.652,others,other,2016,March
3654,3654,2016-03-22,Smartron,Technology,Internet of Things Device manufacturer,Bangalore,Private Equity,0.0,sachin tendulkar,alok mittal  sachin bhatia,2016,March
3655,3655,2016-03-22,LifCare,Consumer Internet,Online Pharmacy portal,Jaipur,Seed Funding,0.0,rajul garg,ps1 venture  globallogic cofounder rajul garg,2016,March
3656,3656,2016-03-22,LifCare,Consumer Internet,Online Pharmacy portal,Jaipur,Seed Funding,0.0,alok mittal,alok mittal  sachin bhatia,2016,March
3657,3657,2016-03-22,LifCare,Consumer Internet,Online Pharmacy portal,Jaipur,Seed Funding,0.0,kunal shah,kunal shah  manish patel,2016,March
3658,3658,2016-03-22,LifCare,Consumer Internet,Online Pharmacy portal,Jaipur,Seed Funding,0.0,rishi mawat,rishi mawat,2016,March
3659,3659,2016-03-22,LifCare,Consumer Internet,Online Pharmacy portal,Jaipur,Seed Funding,0.0,dheeraj jain,dheerag jain,2016,March
3660,3660,2016-03-22,LifCare,Consumer Internet,Online Pharmacy portal,Jaipur,Seed Funding,0.0,seep ton,xc2xa0 seep ton,2016,March
3661,3661,2016-03-22,LifCare,Consumer Internet,Online Pharmacy portal,Jaipur,Seed Funding,0.0,dexter angel circle,india quotient  letsventures angel fund,2016,March
3662,3662,2016-03-22,CreditSeva,Consumer Internet,Online Credit management tools,Hyderabad,Seed Funding,3.3912,pix vine capital,trifecta capital advisors,2016,March
3663,3663,2016-03-22,CreditSeva,Consumer Internet,Online Credit management tools,Hyderabad,Seed Funding,3.3912,infocomm development authority of singapore,singapore,2016,March
3664,3664,2016-03-22,CityShor,Consumer Internet,online lifestyle media recommendation portal,Ahmedabad,Seed Funding,0.0,gain,gain,2016,March
3665,3665,2016-03-23,Endless Robotics,Technology,Interior Painting Automation,Hyderabad,Seed Funding,0.942,devidas desai,rohan desai  paras patel,2016,March
3666,3666,2016-03-23,Endless Robotics,Technology,Interior Painting Automation,Hyderabad,Seed Funding,0.942,vipul gautam,gautam chhaochharia,2016,March
3667,3667,2016-03-23,Endless Robotics,Technology,Interior Painting Automation,Hyderabad,Seed Funding,0.942,singapore angel network,singapore angels network,2016,March
3668,3668,2016-03-23,SP Robotics,Technology,Robotic Classes for Students,Chennai,Seed Funding,2.826,indian angel network,india quotient  letsventures angel fund,2016,March
3669,3669,2016-03-23,StalkBuyLove,eCommerce,Fashion eTailer,New Delhi,Seed Funding,0.0,500 startups,500 startups,2016,March
3670,3670,2016-03-23,StalkBuyLove,eCommerce,Fashion eTailer,New Delhi,Seed Funding,0.0,littlerock,littlerock,2016,March
3671,3671,2016-03-23,StalkBuyLove,eCommerce,Fashion eTailer,New Delhi,Seed Funding,0.0,singularity ventures,singularity ventures  ravi dhariwal,2016,March
3672,3672,2016-03-23,eKincare,Consumer Internet,Healthcare related solutions,Hyderabad,Private Equity,3.1086,bitchemy ventures,bitkemy ventures,2016,March
3673,3673,2016-03-23,eKincare,Consumer Internet,Healthcare related solutions,Hyderabad,Private Equity,3.1086,maheshwari investments pvt ltd,rb investments,2016,March
3674,3674,2016-03-23,eKincare,Consumer Internet,Healthcare related solutions,Hyderabad,Private Equity,3.1086,anshoo gaur,anshoo gaur,2016,March
3675,3675,2016-03-23,eKincare,Consumer Internet,Healthcare related solutions,Hyderabad,Private Equity,3.1086,rama krishna reddy,amrendra reddy  manish satnaliwala,2016,March
3676,3676,2016-03-23,eKincare,Consumer Internet,Healthcare related solutions,Hyderabad,Private Equity,3.1086,seep seerapu,seep ton,2016,March
3677,3677,2016-03-23,HashLearn,Consumer Internet,Mobile based private tutoring services,,Seed Funding,0.0,bhavish aggarwal,bhavish aggarwal,2016,March
3678,3678,2016-03-23,HashLearn,Consumer Internet,Mobile based private tutoring services,,Seed Funding,0.0,binny bansal,bunny bansal,2016,March
3679,3679,2016-03-23,HashLearn,Consumer Internet,Mobile based private tutoring services,,Seed Funding,0.0,xc2xa0 rajan anan,rajan anan,2016,March
3680,3680,2016-03-23,HashLearn,Consumer Internet,Mobile based private tutoring services,,Seed Funding,0.0,mekin maheshwar,mekin maheshwari,2016,March
3681,3681,2016-03-23,HashLearn,Consumer Internet,Mobile based private tutoring services,,Seed Funding,0.0,sunil kalra,il,2016,March
3682,3682,2016-03-23,HashLearn,Consumer Internet,Mobile based private tutoring services,,Seed Funding,0.0,anupam mittal,ajay relan  vinay mittal,2016,March
3683,3683,2016-03-23,HashLearn,Consumer Internet,Mobile based private tutoring services,,Seed Funding,0.0,krishna mehra,krishna jhunjhunwala,2016,March
3684,3684,2016-03-23,HashLearn,Consumer Internet,Mobile based private tutoring services,,Seed Funding,0.0,singapore angel network,singapore angels network,2016,March
3685,3685,2016-03-23,Wheelstreet,Consumer Internet,Online Bike Rental platform,Bangalore,Private Equity,4.71,broadbean capital services,sequoia capital,2016,March
3686,3686,2016-03-24,Horntell,Consumer Internet,Unified Push Notification service,Gurgaon,Seed Funding,1.413,bharanidharan viswanathan,vishwanathan,2016,March
3687,3687,2016-03-24,Horntell,Consumer Internet,Unified Push Notification service,Gurgaon,Seed Funding,1.413,sanjiv mittal,ajay relan  vinay mittal,2016,March
3688,3688,2016-03-24,Horntell,Consumer Internet,Unified Push Notification service,Gurgaon,Seed Funding,1.413,shobhit shukla,shobhit shukla,2016,March
3689,3689,2016-03-24,Horntell,Consumer Internet,Unified Push Notification service,Gurgaon,Seed Funding,1.413,rahul agarwal,rahul agarwalla,2016,March
3690,3690,2016-03-28,Schoolkart,eCommerce,Online Marketplace for Schools,Noida,Seed Funding,2.826,undisclosed,undisclosed,2016,March
3691,3691,2016-03-29,HealthEminds,Consumer Internet,Online mental healthcare,Bangalore,Seed Funding,0.0,robin utthappa,robin utthappa,2016,March
3692,3692,2016-03-29,Babygogo,Consumer Internet,Child healthcare experts aggregator mobile app,New Delhi,Seed Funding,2.826,rajul garg,ps1 venture  globallogic cofounder rajul garg,2016,March
3693,3693,2016-03-29,Babygogo,Consumer Internet,Child healthcare experts aggregator mobile app,New Delhi,Seed Funding,2.826,daljit singh,imanpreet singh arora,2016,March
3694,3694,2016-03-29,Babygogo,Consumer Internet,Child healthcare experts aggregator mobile app,New Delhi,Seed Funding,2.826,aditya vij,aditya vazirani,2016,March
3695,3695,2016-03-29,Babygogo,Consumer Internet,Child healthcare experts aggregator mobile app,New Delhi,Seed Funding,2.826,kishore kumar,subho ray  samir kumar,2016,March
3696,3696,2016-03-29,Babygogo,Consumer Internet,Child healthcare experts aggregator mobile app,New Delhi,Seed Funding,2.826,shuchin bajaj,shuchin bajaj,2016,March
3697,3697,2016-03-29,Veritas Finance,Finance,Asset Based Lending platform,Chennai,Private Equity,44.274,sarva capital,sattva capital,2016,March
3698,3698,2016-03-29,QikShip,Consumer Internet,Mobile based Logistics provider,New Delhi,Seed Funding,1.884,undisclosed,undisclosed,2016,March
3699,3699,2016-03-29,FixNix,Consumer Internet,GRC SAAS Platform,Chennai,Seed Funding,4.71,jay vijayan,jay vijayan,2016,March
3700,3700,2016-03-30,True Balance,Technology,Mobile Balance Check App,Gurgaon,Private Equity,0.0,softbank,softbank,2016,March
3701,3701,2016-03-30,Touchkin,Healthcare,Predictive Healthcare platform,Bangalore,Seed Funding,3.768,alok mittal,alok mittal  sachin bhatia,2016,March
3702,3702,2016-03-30,Touchkin,Healthcare,Predictive Healthcare platform,Bangalore,Seed Funding,3.768,amit gupta,amajit gupta,2016,March
3703,3703,2016-03-30,Touchkin,Healthcare,Predictive Healthcare platform,Bangalore,Seed Funding,3.768,anuj srivastava,anurag srivastava,2016,March
3704,3704,2016-03-30,Touchkin,Healthcare,Predictive Healthcare platform,Bangalore,Seed Funding,3.768,himanshu aggarwal,himanshu aggrawal,2016,March
3705,3705,2016-03-30,Touchkin,Healthcare,Predictive Healthcare platform,Bangalore,Seed Funding,3.768,raghunan g,raghunan gangappa,2016,March
3706,3706,2016-03-30,Touchkin,Healthcare,Predictive Healthcare platform,Bangalore,Seed Funding,3.768,puneet agarwal,puneet gupta  pradeep k jaisingh,2016,March
3707,3707,2016-03-31,SwitchMe,Consumer Internet,Home Loan Rate comparison platform,Mumbai,Seed Funding,0.0,mohas pai,tv mohas pai,2016,March
3708,3708,2016-03-31,SwitchMe,Consumer Internet,Home Loan Rate comparison platform,Mumbai,Seed Funding,0.0,hiro mashita,hiro mashita,2016,March
3709,3709,2016-03-31,SwitchMe,Consumer Internet,Home Loan Rate comparison platform,Mumbai,Seed Funding,0.0,singapore angel network,singapore angels network,2016,March
3710,3710,2016-03-31,SwitchMe,Consumer Internet,Home Loan Rate comparison platform,Mumbai,Seed Funding,0.0,500 startups,500 startups,2016,March
3711,3711,2016-03-31,SwitchMe,Consumer Internet,Home Loan Rate comparison platform,Mumbai,Seed Funding,0.0,rajan anan,rajan anan from google,2016,March
3712,3712,2016-03-31,SwitchMe,Consumer Internet,Home Loan Rate comparison platform,Mumbai,Seed Funding,0.0,ajay sarupria,pidilite industries director ajay parekh,2016,March
3713,3713,2016-03-31,Transcell,Healthcare,Family Stem Cell Banking Services,Hyderabad,Seed Funding,0.0,indian angel network,india quotient  letsventures angel fund,2016,March
3714,3714,2016-02-01,Blue Tokai Coffee,ECommerce,Specialty Coffee Etailer,New Delhi,Seed Funding,0.0,snow leopard technology ventures,snow leopard,2016,February
3715,3715,2016-02-02,Altizone,Technology,IoT & M2M Solutions,Pune,Private Equity,37.68,wipro ventures,wipro,2016,February
3716,3716,2016-02-02,Altizone,Technology,IoT & M2M Solutions,Pune,Private Equity,37.68,xc2xa0 lumis partners,lumis partners,2016,February
3717,3717,2016-02-02,Oust App,Consumer Internet,Competitive Exam Preparation Platform,Bangalore,Seed Funding,0.0,t v mohas pai,tv mohas pai,2016,February
3718,3718,2016-02-02,Oust App,Consumer Internet,Competitive Exam Preparation Platform,Bangalore,Seed Funding,0.0,xc2xa0 aarin capital,aarin capital,2016,February
3719,3719,2016-02-02,Strike,Consumer Internet,Mobile Email productivity tool,Bangalore,Seed Funding,0.21195,multiple investors through ten minute million competition,multiple investors,2016,February
3720,3720,2016-02-02,MaaxMarket,Consumer Internet,Marketing Automation platform,,Seed Funding,0.21195,multiple investors through ten minute million competition,multiple investors,2016,February
3721,3721,2016-02-02,Gamooz,Technology,Augmented Reality Solutions,Gurgaon,Seed Funding,0.21195,multiple investors through ten minute million competition,multiple investors,2016,February
3722,3722,2016-02-02,SoundSurround,Technology,Audio Technology Solutions,Mumbai,Seed Funding,0.21195,multiple investors through ten minute million competition,multiple investors,2016,February
3723,3723,2016-02-03,Mazkara,Consumer Internet,Beauty & Wellness Platform,Pune / Dubai,Seed Funding,9.42,dunamis ventures pte ltd,axilor ventures,2016,February
3724,3724,2016-02-03,RoadGods,ECommerce,Auto Spare Parts eTailer,New Delhi,Seed Funding,0.942,green house ventures ghv,green house ventures,2016,February
3725,3725,2016-02-03,Pindropmusic,Consumer Internet,Music Discovery Mobile App,Noida,Seed Funding,0.942,green house ventures ghv,green house ventures,2016,February
3726,3726,2016-02-03,Woodpie,Consumer Internet,Book Recommendation Service,Bangalore,Seed Funding,0.2826,ingram content group,manipal education  medical group memg,2016,February
3727,3727,2016-02-04,Perfumery,ECommerce,Fragrances & Perfume eTailer,New Delhi,Seed Funding,0.2826,ora global,ping an global voyager fund,2016,February
3728,3728,2016-02-04,Perfumery,ECommerce,Fragrances & Perfume eTailer,New Delhi,Seed Funding,0.2826,others,other,2016,February
3729,3729,2016-02-05,Magic Crate,Education,Children Education Platform,Bangalore,Seed Funding,0.0,tv mohas pai,t v mohas pai,2016,February
3730,3730,2016-02-05,Magic Crate,Education,Children Education Platform,Bangalore,Seed Funding,0.0,aarin capital,xc2xa0 aarin capital,2016,February
3731,3731,2016-02-05,ZenDrive,Technology,Safe Driving Data & Analytics platform,Bangalore / SFO,Private Equity,127.17,sherpa capital,trifecta capital advisors,2016,February
3732,3732,2016-02-05,ZenDrive,Technology,Safe Driving Data & Analytics platform,Bangalore / SFO,Private Equity,127.17,nyca partners  thomvest ventures,east ventures,2016,February
3733,3733,2016-02-05,Smartcooky,ECommerce,Marketplace for Health Foods,New Delhi,Private Equity,0.0,vana luthra,vana luthra,2016,February
3734,3734,2016-02-05,Turtlemint,Consumer Internet,online personalized insurance platform,Mumbai,Private Equity,0.0,nexus venture partners,norwest venture partners,2016,February
3735,3735,2016-02-05,BHIVE,Real Estate,Workspace Rentals,Bangalore,Seed Funding,0.0,raghunan g,raghunan gangappa,2016,February
3736,3736,2016-02-05,BHIVE,Real Estate,Workspace Rentals,Bangalore,Seed Funding,0.0,venturesity,ventureast,2016,February
3737,3737,2016-02-05,BHIVE,Real Estate,Workspace Rentals,Bangalore,Seed Funding,0.0,arihant patni,arihant patni of patni family office,2016,February
3738,3738,2016-02-05,Gingercrush,Ecommerce,Personalized Products & Merchandize eTailer,Vadodara,Private Equity,9.42,saha fund,the saha fund,2016,February
3739,3739,2016-02-05,Gingercrush,Ecommerce,Personalized Products & Merchandize eTailer,Vadodara,Private Equity,9.42,tv mohas pai,t v mohas pai,2016,February
3740,3740,2016-02-05,Gingercrush,Ecommerce,Personalized Products & Merchandize eTailer,Vadodara,Private Equity,9.42,zia mody,m,2016,February
3741,3741,2016-02-05,Gingercrush,Ecommerce,Personalized Products & Merchandize eTailer,Vadodara,Private Equity,9.42,mumbai angels,mumbai angel,2016,February
3742,3742,2016-02-05,Gingercrush,Ecommerce,Personalized Products & Merchandize eTailer,Vadodara,Private Equity,9.42,ana kallugadde,ana kallugadde,2016,February
3743,3743,2016-02-05,Gingercrush,Ecommerce,Personalized Products & Merchandize eTailer,Vadodara,Private Equity,9.42,rakesh desai,rakesh jhunjhunwala,2016,February
3744,3744,2016-02-05,Gingercrush,Ecommerce,Personalized Products & Merchandize eTailer,Vadodara,Private Equity,9.42,rakesh malhotra,radhakrishan damani  rakesh jhunjhunwala,2016,February
3745,3745,2016-02-05,American Vision,Consumer Internet,Optical Store Aggregator Platform,Pune,Seed Funding,0.76302,undisclosed,undisclosed,2016,February
3746,3746,2016-02-05,DawaiLelo,Consumer Internet,Healthcare Services & Online Pharmacy Mobile App,Varanasi,Seed Funding,0.48984,undisclosed,undisclosed,2016,February
3747,3747,2016-02-06,Heads Up For Tails,Ecommerce,Pet Products eTailer,New Delhi,Seed Funding,9.42,undisclosed,undisclosed,2016,February
3748,3748,2016-02-06,LiveNutriFit,Healthcare,Weight loss & Healthcare Info portal,New Delhi,Seed Funding,0.0,mohit goel,rohit goel,2016,February
3749,3749,2016-02-06,LiveNutriFit,Healthcare,Weight loss & Healthcare Info portal,New Delhi,Seed Funding,0.0,vinod jain,aj ventures  jain international trade organisation jito,2016,February
3750,3750,2016-02-06,LiveNutriFit,Healthcare,Weight loss & Healthcare Info portal,New Delhi,Seed Funding,0.0,others,other,2016,February
3751,3751,2016-02-08,Moglix,Ecommerce,Industrial & Home Products Marketplace,New Delhi,Private Equity,0.0,ratan tata,rata tata,2016,February
3752,3752,2016-02-08,iStyleYou,Consumer Internet,Personal Fashion Stylist App,Gurgaon,Seed Funding,0.942,green house ventures ghv,green house ventures,2016,February
3753,3753,2016-02-08,AdUrCup,Consumer Internet,Ad Network,New Delhi,Seed Funding,0.942,green house ventures ghv,green house ventures,2016,February
3754,3754,2016-02-08,Weddingz,Consumer Internet,online marketplace for wedding venues and vendors,Mumbai,Private Equity,0.0,sixth sense ventures,sixth sense,2016,February
3755,3755,2016-02-08,Urban Dhobi,Consumer Internet,On Demand Laundry Services,Jaipur,Seed Funding,0.0,vinod bansal,axilor ventures  binny bansal,2016,February
3756,3756,2016-02-08,Urban Dhobi,Consumer Internet,On Demand Laundry Services,Jaipur,Seed Funding,0.0,sanjeev singhal,sanjeev sinha,2016,February
3757,3757,2016-02-08,Gray Routes,Consumer Internet,Last mile logistics solutions,Mumbai,Seed Funding,0.0,mahesh parasuraman,mahesh parasuraman,2016,February
3758,3758,2016-02-08,Gray Routes,Consumer Internet,Last mile logistics solutions,Mumbai,Seed Funding,0.0,rahul gautam,rahul gupta,2016,February
3759,3759,2016-02-08,Gray Routes,Consumer Internet,Last mile logistics solutions,Mumbai,Seed Funding,0.0,others,other,2016,February
3760,3760,2016-02-08,Xpressbees,ECommerce,ECommerce Logistics solutions,Pune,Private Equity,117.75,saif partners,saif partners  lgt impact ventures,2016,February
3761,3761,2016-02-08,Xpressbees,ECommerce,ECommerce Logistics solutions,Pune,Private Equity,117.75,idg ventures india,dg ventures india,2016,February
3762,3762,2016-02-08,Xpressbees,ECommerce,ECommerce Logistics solutions,Pune,Private Equity,117.75,vertex ventures,vertex ventures southeast asia sea  india  sistema asia fund,2016,February
3763,3763,2016-02-08,Xpressbees,ECommerce,ECommerce Logistics solutions,Pune,Private Equity,117.75,indian angel network,india quotient  letsventures angel fund,2016,February
3764,3764,2016-02-08,Invictus Oncology,Healthcare,Cancer therapeutic Info & Solutions,New Delhi,Private Equity,0.0,ratan tata,rata tata,2016,February
3765,3765,2016-02-08,Hansel.io,Technology,Mobile App Tech Solutions,Bangalore,Seed Funding,0.0,endiya partners,endiya partnersnn,2016,February
3766,3766,2016-02-08,Hansel.io,Technology,Mobile App Tech Solutions,Bangalore,Seed Funding,0.0,mekin maheshwari,mekin maheshwar,2016,February
3767,3767,2016-02-08,Hansel.io,Technology,Mobile App Tech Solutions,Bangalore,Seed Funding,0.0,rajesh sawhney,rajesh sawheny,2016,February
3768,3768,2016-02-09,Inc42,Consumer Internet,Startup Focused Media News Portal,New Delhi,Seed Funding,0.0,india ventures,idg ventures india,2016,February
3769,3769,2016-02-09,Inc42,Consumer Internet,Startup Focused Media News Portal,New Delhi,Seed Funding,0.0,aarin capital,xc2xa0 aarin capital,2016,February
3770,3770,2016-02-09,Inc42,Consumer Internet,Startup Focused Media News Portal,New Delhi,Seed Funding,0.0,others,other,2016,February
3771,3771,2016-02-09,GOQii,Technology,Personalized fitness coaching & Fitness band,Mumbai,Private Equity,0.0,edelweiss financial services,ant financial,2016,February
3772,3772,2016-02-10,Capzest,Consumer Internet,Digital Lending Platform,Mumbai,Seed Funding,1.884,lion ventures,helion ventures,2016,February
3773,3773,2016-02-10,GlamStudios,Consumer Internet,Online Salon Aggregator,Noida,Seed Funding,0.0,aqeel ahmed,aqeel ahmed,2016,February
3774,3774,2016-02-10,Affimity,Consumer Internet,Social Networking platform,Bangalore,Seed Funding,11.304,undisclosed,undisclosed,2016,February
3775,3775,2016-02-10,Anandakanda,Technology,Medicine Intake Reminder System,Pune,Seed Funding,1.413,undisclosed,undisclosed,2016,February
3776,3776,2016-02-10,JoulestoWatts,Technology,IT services & Talent collaboration services startup,Bangalore,Seed Funding,0.0,manipal global education services,tiger global,2016,February
3777,3777,2016-02-10,Shopkirana,Consumer Internet,Retailer Supply Chain platform,Indore,Seed Funding,0.0,atul jain,aj ventures  jain international trade organisation jito,2016,February
3778,3778,2016-02-10,Shopkirana,Consumer Internet,Retailer Supply Chain platform,Indore,Seed Funding,0.0,anil gelra,il,2016,February
3779,3779,2016-02-10,Shopkirana,Consumer Internet,Retailer Supply Chain platform,Indore,Seed Funding,0.0,jaikumar nair,jaikumar nair,2016,February
3780,3780,2016-02-10,Stylofie,Consumer Internet,Online Beauty Parlour search & discovery Platform,Gurgaon,Seed Funding,0.0,jaideep mehta,seep mehta family office,2016,February
3781,3781,2016-02-10,OyBob,eCommerce,Hyperlocal Products & Services marketplace,Gurgaon,Seed Funding,0.0,sachin dalal,alok mittal  sachin bhatia,2016,February
3782,3782,2016-02-12,ActOnMagic,Technology,Cloud Analytics and Management Products,Bangalore,Seed Funding,1.1775,indian angel network,india quotient  letsventures angel fund,2016,February
3783,3783,2016-02-12,Bonhomia,Food & Beverage,premium Tea and Coffee,New Delhi,Seed Funding,9.42,alok rawat,alok mittal  sachin bhatia,2016,February
3784,3784,2016-02-12,Bonhomia,Food & Beverage,premium Tea and Coffee,New Delhi,Seed Funding,9.42,grey orange robotics,grey orange,2016,February
3785,3785,2016-02-12,iGrenEnergi,Technology,Solar Power Solutions,Mumbai,Seed Funding,9.42,sunil mehta,il,2016,February
3786,3786,2016-02-12,RKSV,Consumer Internet,Online Stock Trading Platform,Mumbai,Private Equity,37.68,kalaari capital,romulus capital  kalaari capital,2016,February
3787,3787,2016-02-15,Aasaanjobs,Consumer Internet,Online Recruitment Marketplace,Mumbai,Private Equity,47.1,aspada advisors,aspada,2016,February
3788,3788,2016-02-15,Aasaanjobs,Consumer Internet,Online Recruitment Marketplace,Mumbai,Private Equity,47.1,idg ventures,idg venture,2016,February
3789,3789,2016-02-15,Aasaanjobs,Consumer Internet,Online Recruitment Marketplace,Mumbai,Private Equity,47.1,xc2xa0 inventus capital,inventus capital,2016,February
3790,3790,2016-02-15,Snapdeal,eCommerce,Horizontal Online Marketplace,New Delhi,Private Equity,1884.0,ontario teachers pension plan,ontario teachers,2016,February
3791,3791,2016-02-15,Snapdeal,eCommerce,Horizontal Online Marketplace,New Delhi,Private Equity,1884.0,others,other,2016,February
3792,3792,2016-02-15,Jugnoo,Consumer Internet,Transportation & On-demand delivery aggregator,Chandigarh,Private Equity,0.0,saumya ton,xc2xa0 seep ton,2016,February
3793,3793,2016-02-15,Snapbizz,Technology,Connectivity platform for local grocery stores,Bangalore,Private Equity,0.0,ratan tata,rata tata,2016,February
3794,3794,2016-02-15,GoYaNo,Consumer Internet,Events & Restaurant Discovery Marketplace App,Gurgaon,Seed Funding,0.471,mukesh kumar gupta,atul gupta  saurabh rastogi,2016,February
3795,3795,2016-02-15,RentSher,Consumer Internet,Online Household Product Rental platform,Bangalore,Seed Funding,2.826,vaibhav doshi,vaibhav doshi,2016,February
3796,3796,2016-02-15,RentSher,Consumer Internet,Online Household Product Rental platform,Bangalore,Seed Funding,2.826,abhay singhal,amit singhal  unitus seed fund,2016,February
3797,3797,2016-02-15,RentSher,Consumer Internet,Online Household Product Rental platform,Bangalore,Seed Funding,2.826,vibhu garg,ps1 venture  globallogic cofounder rajul garg,2016,February
3798,3798,2016-02-15,RentSher,Consumer Internet,Online Household Product Rental platform,Bangalore,Seed Funding,2.826,joby babu,joby babu,2016,February
3799,3799,2016-02-15,RentSher,Consumer Internet,Online Household Product Rental platform,Bangalore,Seed Funding,2.826,abhishek acharya,abhishek acharya,2016,February
3800,3800,2016-02-15,RentSher,Consumer Internet,Online Household Product Rental platform,Bangalore,Seed Funding,2.826,manish shah,myntra  mitesh shah finance chief,2016,February
3801,3801,2016-02-15,Buddy,Finance,Micro Lending Platform for eCommerce purchases,Bangalore,Seed Funding,4.71,blume ventures,blume ventures  rtp global,2016,February
3802,3802,2016-02-15,Buddy,Finance,Micro Lending Platform for eCommerce purchases,Bangalore,Seed Funding,4.71,xc2xa0 tracxn labs,tracxn labs,2016,February
3803,3803,2016-02-15,Legistify,Consumer Internet,Online Legal services platform,New Delhi,Seed Funding,0.0,ranjit singh,imanpreet singh arora,2016,February
3804,3804,2016-02-16,TableHero,Consumer Internet,Dynamic Restaurant Website creator,Bangalore,Seed Funding,9.42,growx ventures,growx,2016,February
3805,3805,2016-02-16,TableHero,Consumer Internet,Dynamic Restaurant Website creator,Bangalore,Seed Funding,9.42,kunal shah,kunal shah  manish patel,2016,February
3806,3806,2016-02-16,TableHero,Consumer Internet,Dynamic Restaurant Website creator,Bangalore,Seed Funding,9.42,seep ton,xc2xa0 seep ton,2016,February
3807,3807,2016-02-16,TableHero,Consumer Internet,Dynamic Restaurant Website creator,Bangalore,Seed Funding,9.42,haresh chawla,haresh chawla,2016,February
3808,3808,2016-02-16,TableHero,Consumer Internet,Dynamic Restaurant Website creator,Bangalore,Seed Funding,9.42,powai lake ventures,rps ventures,2016,February
3809,3809,2016-02-16,TableHero,Consumer Internet,Dynamic Restaurant Website creator,Bangalore,Seed Funding,9.42,globevestor,globeinvestor,2016,February
3810,3810,2016-02-16,BetterPlace,Technology,Data analytics based Verification services Platform,Bangalore,Seed Funding,9.1374,unitus seed fund,amit singhal  unitus seed fund,2016,February
3811,3811,2016-02-16,Salebhai,eCommerce,"Sweets, Eatables, Handicrafts Online Marketplace",Ahmedabad,Seed Funding,0.0,virendra shekhawat,virendra shekhawat,2016,February
3812,3812,2016-02-16,Salebhai,eCommerce,"Sweets, Eatables, Handicrafts Online Marketplace",Ahmedabad,Seed Funding,0.0,deepak chokhani,deepak chokhani,2016,February
3813,3813,2016-02-16,Salebhai,eCommerce,"Sweets, Eatables, Handicrafts Online Marketplace",Ahmedabad,Seed Funding,0.0,yogesh patel,kunal shah  manish patel,2016,February
3814,3814,2016-02-16,Salebhai,eCommerce,"Sweets, Eatables, Handicrafts Online Marketplace",Ahmedabad,Seed Funding,0.0,others,other,2016,February
3815,3815,2016-02-16,icustommadeit,eCommerce,Professional Custom creators Marketplace,Pune,Private Equity,37.68,br capital,b capital,2016,February
3816,3816,2016-02-16,icustommadeit,eCommerce,Professional Custom creators Marketplace,Pune,Private Equity,37.68,siddhivinayak skyscrapers,siddhivinayak skyscrapers,2016,February
3817,3817,2016-02-16,icustommadeit,eCommerce,Professional Custom creators Marketplace,Pune,Private Equity,37.68,dinesh r challa,r ramaraj,2016,February
3818,3818,2016-02-16,Tring,Consumer Internet,Instant Messaging App,Pune,Seed Funding,0.0,vishwadeep bajaj,vishwadeep bajaj,2016,February
3819,3819,2016-02-16,Tring,Consumer Internet,Instant Messaging App,Pune,Seed Funding,0.0,others,other,2016,February
3820,3820,2016-02-16,Medinfi,Consumer Internet,Doctor & Clinics Discovery platform,Bangalore,Seed Funding,0.0,rajnish sinha,dr pramath raj sinha,2016,February
3821,3821,2016-02-16,Medinfi,Consumer Internet,Doctor & Clinics Discovery platform,Bangalore,Seed Funding,0.0,prijit debnath,prijit debnath,2016,February
3822,3822,2016-02-16,Medinfi,Consumer Internet,Doctor & Clinics Discovery platform,Bangalore,Seed Funding,0.0,kanchan ghoshal,kanchan ghoshal,2016,February
3823,3823,2016-02-17,Timemytask,Consumer Internet,On-Demand home cleaning services,Mumbai,Seed Funding,0.0,lead angels,lead angels network,2016,February
3824,3824,2016-02-17,GameZop,Technology,Mobile Gaming Platform,New Delhi,Seed Funding,3.297,kwan entertainment,roy kwan,2016,February
3825,3825,2016-02-17,GameZop,Technology,Mobile Gaming Platform,New Delhi,Seed Funding,3.297,marketing solutions,cashurdrive marketing pvt ltd,2016,February
3826,3826,2016-02-17,GameZop,Technology,Mobile Gaming Platform,New Delhi,Seed Funding,3.297,powerhouse ventures,powerhouse ventures usa,2016,February
3827,3827,2016-02-17,GameZop,Technology,Mobile Gaming Platform,New Delhi,Seed Funding,3.297,others,other,2016,February
3828,3828,2016-02-17,Notary Mama,Consumer Internet,On-demand Legal documentation and registration service,Bangalore,Seed Funding,0.0,dr nish domlur,dr apoorv ranjan sharma,2016,February
3829,3829,2016-02-17,Notary Mama,Consumer Internet,On-demand Legal documentation and registration service,Bangalore,Seed Funding,0.0,amit sill,il,2016,February
3830,3830,2016-02-17,The Viral Fever,Consumer Internet,Independent Online Video production company,Mumbai,Private Equity,94.2,tiger global,ping an global voyager fund,2016,February
3831,3831,2016-02-17,Avanti Learning,Education,Private Coaching Classes,New Delhi,Private Equity,47.1,michael,michael patrick hickey,2016,February
3832,3832,2016-02-17,Avanti Learning,Education,Private Coaching Classes,New Delhi,Private Equity,47.1,susan dell foundation,michael  susan dell foundation,2016,February
3833,3833,2016-02-17,Bollant Industries,Technology,Eco-friendly consumer & packaging products,Hyderabad,Private Equity,0.0,ratan tata,rata tata,2016,February
3834,3834,2016-02-18,GetVee,Consumer Internet,Matrimony & Couples only mobile platform,New Delhi,Private Equity,0.0,lightspeed venture partners,lightspeed venture partners india,2016,February
3835,3835,2016-02-18,GetVee,Consumer Internet,Matrimony & Couples only mobile platform,New Delhi,Private Equity,0.0,k ganesh,puneet gupta  pradeep k jaisingh,2016,February
3836,3836,2016-02-18,HealthKumbh,Consumer Internet,Health related Information portal,Ahmedabad,Seed Funding,0.68766,undisclosed,undisclosed,2016,February
3837,3837,2016-02-18,Unlaze,Consumer Internet,Social Networking app for outdoor interests,Gurgaon,Seed Funding,0.0,sujal shah,myntra  mitesh shah finance chief,2016,February
3838,3838,2016-02-18,Unlaze,Consumer Internet,Social Networking app for outdoor interests,Gurgaon,Seed Funding,0.0,dino morea,dino morea,2016,February
3839,3839,2016-02-18,Tracxn,Technology,Indian Startup ecosystem trends analyzer & funding platform,Bangalore,Private Equity,0.0,nan nilekani,il,2016,February
3840,3840,2016-02-18,Tracxn,Technology,Indian Startup ecosystem trends analyzer & funding platform,Bangalore,Private Equity,0.0,mohas pai,tv mohas pai,2016,February
3841,3841,2016-02-18,Tracxn,Technology,Indian Startup ecosystem trends analyzer & funding platform,Bangalore,Private Equity,0.0,neeraj arora,rajeev arora  ram ramsundar,2016,February
3842,3842,2016-02-18,Tracxn,Technology,Indian Startup ecosystem trends analyzer & funding platform,Bangalore,Private Equity,0.0,an rajaraman,ping an global voyager fund,2016,February
3843,3843,2016-02-18,Tracxn,Technology,Indian Startup ecosystem trends analyzer & funding platform,Bangalore,Private Equity,0.0,girish mathrubootham,girish matrubootham,2016,February
3844,3844,2016-02-18,Tracxn,Technology,Indian Startup ecosystem trends analyzer & funding platform,Bangalore,Private Equity,0.0,aneesh reddy,amrendra reddy  manish satnaliwala,2016,February
3845,3845,2016-02-18,Tracxn,Technology,Indian Startup ecosystem trends analyzer & funding platform,Bangalore,Private Equity,0.0,teruhide sato,teruhide sato in addition to mks switzerl,2016,February
3846,3846,2016-02-18,Careongo,ECommerce,Online Pharmacy store,New Delhi,Seed Funding,2.826,farooq oomerbhoy,farooq oomerbhoy,2016,February
3847,3847,2016-02-18,Careongo,ECommerce,Online Pharmacy store,New Delhi,Seed Funding,2.826,other angel investors,9 other angel investors,2016,February
3848,3848,2016-02-18,Ark Robot,Technology,Warehouse Automation,Bangalore,Seed Funding,3.297,qualcomm through qprize contest,qualcomm,2016,February
3849,3849,2016-02-19,Jaypore,ECommerce,Ethnic Products marketplace,New Delhi,Private Equity,47.1,aavishkaar,aavishkaar venture management,2016,February
3850,3850,2016-02-19,Finance Buddha,Consumer Internet,Online Loan Comparison & Discovery platform,Bangalore,Seed Funding,0.0,chennai angels,the chennai angels,2016,February
3851,3851,2016-02-19,AlmaConnect,Consumer Internet,Alumni social network,New Delhi,Seed Funding,0.0,mohas pai,tv mohas pai,2016,February
3852,3852,2016-02-19,AlmaConnect,Consumer Internet,Alumni social network,New Delhi,Seed Funding,0.0,varun aggarwal,varun agarwal,2016,February
3853,3853,2016-02-19,Advantage Club,Consumer Internet,mobile platform for corporate employee benefits,Gurgaon,Seed Funding,3.768,purvi ventures,pi ventures,2016,February
3854,3854,2016-02-19,Advantage Club,Consumer Internet,mobile platform for corporate employee benefits,Gurgaon,Seed Funding,3.768,others,other,2016,February
3855,3855,2016-02-19,LocalRamu,Consumer Internet,mobile based aggregator for local service providers,Bangalore,Seed Funding,0.0,undisclosed,undisclosed,2016,February
3856,3856,2016-02-22,Baby Berry,Consumer Internet,Parenting Mobile app,Bangalore,Seed Funding,9.42,nitin bagmane,nitin bagmane,2016,February
3857,3857,2016-02-22,Baby Berry,Consumer Internet,Parenting Mobile app,Bangalore,Seed Funding,9.42,undisclosed,undisclosed,2016,February
3858,3858,2016-02-22,Magicpin,Consumer Internet,Hyperlocal Discover Mobile App,New Delhi,Private Equity,28.26,lightspeed india,xc2xa0 lightspeed india,2016,February
3859,3859,2016-02-22,First Eat,Consumer Internet,Healthy Food Delivery platform,New Delhi,Seed Funding,0.942,undisclosed,undisclosed,2016,February
3860,3860,2016-02-22,SigTuple,Technology,Healthcare based Tech Solutions,Bangalore,Seed Funding,0.0,sachin bansal,axilor ventures  binny bansal,2016,February
3861,3861,2016-02-22,SigTuple,Technology,Healthcare based Tech Solutions,Bangalore,Seed Funding,0.0,binny bansal,bunny bansal,2016,February
3862,3862,2016-02-22,SigTuple,Technology,Healthcare based Tech Solutions,Bangalore,Seed Funding,0.0,accel,accel,2016,February
3863,3863,2016-02-22,SigTuple,Technology,Healthcare based Tech Solutions,Bangalore,Seed Funding,0.0,others,other,2016,February
3864,3864,2016-02-22,Taskbob,Consumer Internet,Hyperlocal Handyman services platform,Mumbai,Private Equity,42.39,ivycap ventures,ivycamp ventures,2016,February
3865,3865,2016-02-22,Taskbob,Consumer Internet,Hyperlocal Handyman services platform,Mumbai,Private Equity,42.39,orios venture partners,orios ventures partners,2016,February
3866,3866,2016-02-22,Taskbob,Consumer Internet,Hyperlocal Handyman services platform,Mumbai,Private Equity,42.39,mayfield india,mayfield,2016,February
3867,3867,2016-02-22,Styledotme,Consumer Internet,Mobile Fashion App,New Delhi,Seed Funding,0.34854,indian angel network,india quotient  letsventures angel fund,2016,February
3868,3868,2016-02-22,NewsLaundry,Consumer Internet,Independent News Media Portal,New Delhi,Private Equity,0.0,omidyar network,omidyar networks,2016,February
3869,3869,2016-02-22,NewsLaundry,Consumer Internet,Independent News Media Portal,New Delhi,Private Equity,0.0,xc2xa0 vikram lal,xc2xa0,2016,February
3870,3870,2016-02-22,NewsLaundry,Consumer Internet,Independent News Media Portal,New Delhi,Private Equity,0.0,abhijit bhari,abhijit bhari,2016,February
3871,3871,2016-02-22,NewsLaundry,Consumer Internet,Independent News Media Portal,New Delhi,Private Equity,0.0,mahesh murthy,mahesh murthy,2016,February
3872,3872,2016-02-22,NewsLaundry,Consumer Internet,Independent News Media Portal,New Delhi,Private Equity,0.0,shashank bhagat,shashank bhagat,2016,February
3873,3873,2016-02-23,CupoNation,Consumer Internet,Deals and Discount platform,Gurgaon,Private Equity,103.62,rocket internet ag,rocket internet,2016,February
3874,3874,2016-02-23,CupoNation,Consumer Internet,Deals and Discount platform,Gurgaon,Private Equity,103.62,holtzbrink ventures,rps ventures,2016,February
3875,3875,2016-02-23,CupoNation,Consumer Internet,Deals and Discount platform,Gurgaon,Private Equity,103.62,new enterprise associates nea,new enterprise associates,2016,February
3876,3876,2016-02-23,CupoNation,Consumer Internet,Deals and Discount platform,Gurgaon,Private Equity,103.62,eventures,evc ventures,2016,February
3877,3877,2016-02-23,CupoNation,Consumer Internet,Deals and Discount platform,Gurgaon,Private Equity,103.62,runet,runet south asia,2016,February
3878,3878,2016-02-23,CupoNation,Consumer Internet,Deals and Discount platform,Gurgaon,Private Equity,103.62,deutsche telekom strategic investments dtsi,deutsche telekom strategic investments,2016,February
3879,3879,2016-02-23,CupoNation,Consumer Internet,Deals and Discount platform,Gurgaon,Private Equity,103.62,silicon valley bank,alphabets growth investment arm capital g  axis bank,2016,February
3880,3880,2016-02-23,Aarav UAV,Technology,unmanned aerial vehicles creator,Kanpur,Seed Funding,0.0,startupxseed ventures,startupxseed ventures llp,2016,February
3881,3881,2016-02-23,Aarav UAV,Technology,unmanned aerial vehicles creator,Kanpur,Seed Funding,0.0,the phoenix fund  others,others,2016,February
3882,3882,2016-02-24,Sayfix,Consumer Internet,Hyperlocal Home Services Provider,Bangalore,Seed Funding,1.5072,yajnanarayana kammaje,yajnanarayana kammaje,2016,February
3883,3883,2016-02-24,LoanZen,Consumer Internet,Peer to peer Lending marketplace,Bangalore,Seed Funding,0.0,tracxn syndicate,tracxn,2016,February
3884,3884,2016-02-24,NoBroker,Consumer Internet,Peer to peer property listing platform,Bangalore,Private Equity,94.2,beenext,denlow investment trust  beenext,2016,February
3885,3885,2016-02-24,NoBroker,Consumer Internet,Peer to peer property listing platform,Bangalore,Private Equity,94.2,digital garage,digital garage inc,2016,February
3886,3886,2016-02-24,NoBroker,Consumer Internet,Peer to peer property listing platform,Bangalore,Private Equity,94.2,beenos,beenos asia,2016,February
3887,3887,2016-02-24,NoBroker,Consumer Internet,Peer to peer property listing platform,Bangalore,Private Equity,94.2,qualgro,qualgro,2016,February
3888,3888,2016-02-24,NoBroker,Consumer Internet,Peer to peer property listing platform,Bangalore,Private Equity,94.2,mamoru taniya,mamoru taniya,2016,February
3889,3889,2016-02-24,NoBroker,Consumer Internet,Peer to peer property listing platform,Bangalore,Private Equity,94.2,saif partners,saif partners  lgt impact ventures,2016,February
3890,3890,2016-02-24,AppilyEver,Consumer Internet,Online wedding services marketplace,Hyderabad,Seed Funding,3.768,varun aggarwal,varun agarwal,2016,February
3891,3891,2016-02-24,AppilyEver,Consumer Internet,Online wedding services marketplace,Hyderabad,Seed Funding,3.768,suresh venkat,venk,2016,February
3892,3892,2016-02-24,AppilyEver,Consumer Internet,Online wedding services marketplace,Hyderabad,Seed Funding,3.768,raj y,y combinator,2016,February
3893,3893,2016-02-24,Pocketin,Consumer Internet,Hotel reservations & Deal platform,Noida,Seed Funding,1.413,swastika company ltd,swastika company pvt ltd,2016,February
3894,3894,2016-02-24,FeetApart,Consumer Internet,Employee engagements & Rewards platform,Bangalore,Seed Funding,0.0,vishal bali,vishal malik,2016,February
3895,3895,2016-02-24,FeetApart,Consumer Internet,Employee engagements & Rewards platform,Bangalore,Seed Funding,0.0,others,other,2016,February
3896,3896,2016-02-25,OfBusiness,eCommerce,B2B commerce Marketplace,Gurgaon,Private Equity,47.1,matrix partner,bessemer venture partner,2016,February
3897,3897,2016-02-25,CarveNiche,Consumer Internet,Personalized Learning Solutions & products,Bangalore,Seed Funding,0.0,calcutta angels,calcutta angels network can,2016,February
3898,3898,2016-02-25,CarveNiche,Consumer Internet,Personalized Learning Solutions & products,Bangalore,Seed Funding,0.0,lead angels,lead angels network,2016,February
3899,3899,2016-02-25,CarveNiche,Consumer Internet,Personalized Learning Solutions & products,Bangalore,Seed Funding,0.0,others,other,2016,February
3900,3900,2016-02-25,Juspay,Consumer Internet,Digital Payments solutions,Bangalore,Private Equity,54.636,accel,accel,2016,February
3901,3901,2016-02-25,Juspay,Consumer Internet,Digital Payments solutions,Bangalore,Private Equity,54.636,ashish hemrajani,ashish ch,2016,February
3902,3902,2016-02-25,Juspay,Consumer Internet,Digital Payments solutions,Bangalore,Private Equity,54.636,parikshit dar,parikshit dar,2016,February
3903,3903,2016-02-25,Juspay,Consumer Internet,Digital Payments solutions,Bangalore,Private Equity,54.636,rajesh balpe,rajesh yohanan  rahul garg,2016,February
3904,3904,2016-02-25,Funcart,eCommerce,Party Supplies Etailer,New Delhi,Seed Funding,0.6594,undisclosed,undisclosed,2016,February
3905,3905,2016-02-26,Freedom Smart Labs,Technology,IoT retail solutions,New Delhi,Seed Funding,1.3659,kapil goel,il,2016,February
3906,3906,2016-02-26,EduBridge,Consumer Internet,Skill development and vocational training platform,Mumbai,Private Equity,23.55,insitor impact asia fund,india quotient  letsventures angel fund,2016,February
3907,3907,2016-02-26,EduBridge,Consumer Internet,Skill development and vocational training platform,Mumbai,Private Equity,23.55,acumen fund,ping an global voyager fund,2016,February
3908,3908,2016-02-29,Nestaway,Consumer Internet,Online Home Rental Marketplace,Bangalore,Private Equity,0.0,ratan tata,rata tata,2016,February
3909,3909,2016-02-29,Hopscotch,eCommerce,Baby & Kids Products Online Flash sales platform,Mumbai,Private Equity,122.46,eduardo saverin,eduardo saverin,2016,February
3910,3910,2016-02-29,PinClick,Consumer Internet,Online real estate listings,Bangalore,Private Equity,0.0,undisclosed,undisclosed,2016,February
3911,3911,2016-01-01,Smartcooky,ECommerce,Health Food / Personal Care Marketplace,New Delhi,Seed Funding,0.0,rajan anan,rajan anan from google,2016,January
3912,3912,2016-01-01,Smartcooky,ECommerce,Health Food / Personal Care Marketplace,New Delhi,Seed Funding,0.0,pramod bhasin,pramod bhasin,2016,January
3913,3913,2016-01-01,Smartcooky,ECommerce,Health Food / Personal Care Marketplace,New Delhi,Seed Funding,0.0,siddharth pai,siddharth patil,2016,January
3914,3914,2016-01-01,Smartcooky,ECommerce,Health Food / Personal Care Marketplace,New Delhi,Seed Funding,0.0,tv mohas pai,t v mohas pai,2016,January
3915,3915,2016-01-01,Smartcooky,ECommerce,Health Food / Personal Care Marketplace,New Delhi,Seed Funding,0.0,manvinder singh banga,josh talks founders supriya paul  shobha banga,2016,January
3916,3916,2016-01-01,Helpi,Consumer Internet,On Demand Cleaning Services Mobile App,Mumbai,Seed Funding,0.0,undisclosed,undisclosed,2016,January
3917,3917,2016-01-04,DogSpot,ECommerce,Online Pet Store,Gurgaon,Seed Funding,0.0,ratan tata,rata tata,2016,January
3918,3918,2016-01-04,Career360,Education,College Education Portal,New Delhi,Private Equity,0.0,merittrac,merittrac,2016,January
3919,3919,2016-01-04,B9 Beverages,Food & Beverage,Craft Beer manufacturing company,New Delhi,Private Equity,56.52,sequoia capital,quona capital,2016,January
3920,3920,2016-01-04,B9 Beverages,Food & Beverage,Craft Beer manufacturing company,New Delhi,Private Equity,56.52,kunal bahl,kunal shah  manish patel,2016,January
3921,3921,2016-01-04,B9 Beverages,Food & Beverage,Craft Beer manufacturing company,New Delhi,Private Equity,56.52,rohit bansal,rohit,2016,January
3922,3922,2016-01-04,B9 Beverages,Food & Beverage,Craft Beer manufacturing company,New Delhi,Private Equity,56.52,deepinder goyal,sunil goyal ashish gupta,2016,January
3923,3923,2016-01-04,B9 Beverages,Food & Beverage,Craft Beer manufacturing company,New Delhi,Private Equity,56.52,ashish dhawan,sunil goyal ashish gupta,2016,January
3924,3924,2016-01-04,B9 Beverages,Food & Beverage,Craft Beer manufacturing company,New Delhi,Private Equity,56.52,mayank singhal,mayank singhal  others,2016,January
3925,3925,2016-01-05,WIMWI Foods,Food & Beverage,Healthy food manufacturing & sales startup,Ahmedabad,Seed Funding,0.0,centre for innovation incubation  entrepreneurship ciie,entrepreneurs,2016,January
3926,3926,2016-01-05,MyChild App,Education,Child Disorder Information & Education,Bhopal,Seed Funding,0.942,samir bangara,subho ray  samir kumar,2016,January
3927,3927,2016-01-05,MyChild App,Education,Child Disorder Information & Education,Bhopal,Seed Funding,0.942,anisha mittal,ajay relan  vinay mittal,2016,January
3928,3928,2016-01-05,MyChild App,Education,Child Disorder Information & Education,Bhopal,Seed Funding,0.942,amit gupta,amajit gupta,2016,January
3929,3929,2016-01-05,MyChild App,Education,Child Disorder Information & Education,Bhopal,Seed Funding,0.942,pallav nadhani,mohas pai pallav nadhani,2016,January
3930,3930,2016-01-05,MyChild App,Education,Child Disorder Information & Education,Bhopal,Seed Funding,0.942,lalit mangal,lalit mangal,2016,January
3931,3931,2016-01-05,MyChild App,Education,Child Disorder Information & Education,Bhopal,Seed Funding,0.942,arihant patni,arihant patni of patni family office,2016,January
3932,3932,2016-01-05,MyChild App,Education,Child Disorder Information & Education,Bhopal,Seed Funding,0.942,dr ritesh malik,ritesh malik,2016,January
3933,3933,2016-01-05,MyChild App,Education,Child Disorder Information & Education,Bhopal,Seed Funding,0.942,deobrat singh,imanpreet singh arora,2016,January
3934,3934,2016-01-05,MyChild App,Education,Child Disorder Information & Education,Bhopal,Seed Funding,0.942,saurab paruthi,saurab paruthi,2016,January
3935,3935,2016-01-05,MyChild App,Education,Child Disorder Information & Education,Bhopal,Seed Funding,0.942,singapore angel network,singapore angels network,2016,January
3936,3936,2016-01-05,Instaproc,ECommerce,B2B Procurement Marketplace for Office Products,Noida,Seed Funding,0.0,dinesh agarwal,vipin agarwal  others,2016,January
3937,3937,2016-01-05,360Ride,Consumer Internet,Ride Sharing platform,Bangalore,Seed Funding,1.413,undisclosed,undisclosed,2016,January
3938,3938,2016-01-05,Alef Mobitech,Consumer Internet,Cloud Mobility Solutions,Mumbai,Private Equity,47.1,tata capital innovation fund,sequoia capital,2016,January
3939,3939,2016-01-06,Tracxn,BFSI,Startup Funding Deal Discovery & Execution platform,Bangalore,Seed Funding,0.0,ratan tata,rata tata,2016,January
3940,3940,2016-01-06,Qdesq,Real Estate,Branded Workspaces Aggregator,Gurgaon,Seed Funding,0.0,dheeraj jain,dheerag jain,2016,January
3941,3941,2016-01-06,Qdesq,Real Estate,Branded Workspaces Aggregator,Gurgaon,Seed Funding,0.0,jagdish kumar,jagdish,2016,January
3942,3942,2016-01-06,Qdesq,Real Estate,Branded Workspaces Aggregator,Gurgaon,Seed Funding,0.0,bharat gupta,prashant gupta  others,2016,January
3943,3943,2016-01-06,Qdesq,Real Estate,Branded Workspaces Aggregator,Gurgaon,Seed Funding,0.0,ankush saigal,ankush saigal,2016,January
3944,3944,2016-01-06,Qdesq,Real Estate,Branded Workspaces Aggregator,Gurgaon,Seed Funding,0.0,praveen saini,mr praveen someshwar,2016,January
3945,3945,2016-01-06,Sensara,Technology,"TV Search, Guide and Remote mobile app",Bangalore,Seed Funding,7.065,lalitesh katragadda,lalitesh katragadda,2016,January
3946,3946,2016-01-06,Sensara,Technology,"TV Search, Guide and Remote mobile app",Bangalore,Seed Funding,7.065,xc2xa0 ganayantrika systems,xc2xa0,2016,January
3947,3947,2016-01-06,Zebpay,Consumer Internet,Bitcoin Buying & Selling Mobile App,Ahmedabad,Private Equity,9.42,arjun ha,arjun sharmaa,2016,January
3948,3948,2016-01-06,Zebpay,Consumer Internet,Bitcoin Buying & Selling Mobile App,Ahmedabad,Private Equity,9.42,amit jindal,amit singhal  unitus seed fund,2016,January
3949,3949,2016-01-06,Zebpay,Consumer Internet,Bitcoin Buying & Selling Mobile App,Ahmedabad,Private Equity,9.42,nagendra chaudhary,nagendra prasad bhanuprakash,2016,January
3950,3950,2016-01-06,PlanMy MedicalTrip,Healthcare,Medical Tourism platform,Pune,Seed Funding,1.413,bhanu vikram parsotam,vikram mehta,2016,January
3951,3951,2016-01-06,PlanMy MedicalTrip,Healthcare,Medical Tourism platform,Pune,Seed Funding,1.413,rohan desai  paras patel,kantilal patel,2016,January
3952,3952,2016-01-06,MyCity4Kids,Education,Children Education & Information platform,Gurgaon,Private Equity,28.26,sidbi venture capital limited,sidbi venture capital,2016,January
3953,3953,2016-01-06,MyCity4Kids,Education,Children Education & Information platform,Gurgaon,Private Equity,28.26,yournest angel fund,you,2016,January
3954,3954,2016-01-06,Justdakhila.com,Education,School Student admissions platform,New Delhi,Seed Funding,7.065,ankur gupta,ankush gupta,2016,January
3955,3955,2016-01-07,PitStop,Consumer Internet,Automobile Service Booking App,Bangalore,Seed Funding,0.0,myntralivspace founders,josh talks founders supriya paul  shobha banga,2016,January
3956,3956,2016-01-07,Bikxie,Consumer Internet,Two Wheeler Taxi Service,Gurgaon,Seed Funding,0.0,undisclosed,undisclosed,2016,January
3957,3957,2016-01-07,Infurnia,Consumer Internet,Online Furniture Customization platform,Bangalore,Seed Funding,1.5072,idein ventures,india ventures,2016,January
3958,3958,2016-01-07,Myly,Education,Mobile Based Education platform,Jaipur,Seed Funding,0.942,newbie promoter pvt ltd,supera pte ltd,2016,January
3959,3959,2016-01-07,MakeMyTrip,Consumer Internet,Online Travel/Hotel Booking platform,Gurgaon,Private Equity,1695.6,ctripcom international ltd,pine labs pte ltd,2016,January
3960,3960,2016-01-08,Melorra,ECommerce,Online/ Mobile Jewellery Retailer,Bangalore,Private Equity,47.1,lightbox ventures,lightbox ventures  others,2016,January
3961,3961,2016-01-08,ConfirmTKT,Consumer Internet,Train PNR Status Prediction Platform,Bangalore,Seed Funding,2.355,krishna jhujhunwala,krishna jhunjhunwala,2016,January
3962,3962,2016-01-08,ConfirmTKT,Consumer Internet,Train PNR Status Prediction Platform,Bangalore,Seed Funding,2.355,dr apoorv ranjan sharma,apoorv ranjan sharma,2016,January
3963,3963,2016-01-08,ConfirmTKT,Consumer Internet,Train PNR Status Prediction Platform,Bangalore,Seed Funding,2.355,anirudh damani,radhakrishan damani  rakesh jhunjhunwala,2016,January
3964,3964,2016-01-08,ConfirmTKT,Consumer Internet,Train PNR Status Prediction Platform,Bangalore,Seed Funding,2.355,an ladsariya,ping an global voyager fund,2016,January
3965,3965,2016-01-08,ConfirmTKT,Consumer Internet,Train PNR Status Prediction Platform,Bangalore,Seed Funding,2.355,sanjay mehta,seep mehta family office,2016,January
3966,3966,2016-01-08,ConfirmTKT,Consumer Internet,Train PNR Status Prediction Platform,Bangalore,Seed Funding,2.355,others,other,2016,January
3967,3967,2016-01-08,Gyaanzone,Education,Career Planning and Education Advisory Platform,Mumbai,Seed Funding,0.4239,gbim technologies pvt ltd,ani technologies pvt ltd,2016,January
3968,3968,2016-01-08,FlatFurnish,Consumer Internet,Online Furnishing Rental Platform,Gurgaon,Seed Funding,0.0,arun chra mohan,arun garg,2016,January
3969,3969,2016-01-09,Lumiere,ECommerce,Organic Food eTailer,Bangalore,Private Equity,0.0,undisclosed,undisclosed,2016,January
3970,3970,2016-01-11,Koovs,ECommerce,Online Fashion Apparel Retailer,Gurgaon,Private Equity,50.868,nahata family,il,2016,January
3971,3971,2016-01-11,Koovs,ECommerce,Online Fashion Apparel Retailer,Gurgaon,Private Equity,50.868,waheed alli,waheed alli,2016,January
3972,3972,2016-01-11,Wishup,Consumer Internet,Mobile app based Concierge Service,New Delhi,Seed Funding,0.0,500 startups,500 startups,2016,January
3973,3973,2016-01-11,Wishup,Consumer Internet,Mobile app based Concierge Service,New Delhi,Seed Funding,0.0,mato peric,mato peric,2016,January
3974,3974,2016-01-11,Wishup,Consumer Internet,Mobile app based Concierge Service,New Delhi,Seed Funding,0.0,tracxnlabs,tracxn labs,2016,January
3975,3975,2016-01-11,FreshMenu,Consumer Internet,Online / Mobile Food Ordering platform,Bangalore,Private Equity,155.43,zodius capital,trifecta capital advisors,2016,January
3976,3976,2016-01-11,FreshMenu,Consumer Internet,Online / Mobile Food Ordering platform,Bangalore,Private Equity,155.43,lightspeed venture partners,lightspeed venture partners india,2016,January
3977,3977,2016-01-11,SavvyMob,ECommerce,Last Minute Hotel Bookings mobile marketplace,Bangalore,Seed Funding,9.42,tv mohas pai,t v mohas pai,2016,January
3978,3978,2016-01-11,SavvyMob,ECommerce,Last Minute Hotel Bookings mobile marketplace,Bangalore,Seed Funding,9.42,letsventure,lets venture,2016,January
3979,3979,2016-01-11,Fashionablyin,Consumer Internet,Mobile based Geo-target Fashion Marketplace,Mumbai,Seed Funding,0.0,ranjan mahtani,dr apoorv ranjan sharma,2016,January
3980,3980,2016-01-12,Shopclues,ECommerce,ECommerce Marketplace,Gurgaon,Private Equity,942.0,gic,fung strategic holdings,2016,January
3981,3981,2016-01-12,Shopclues,ECommerce,ECommerce Marketplace,Gurgaon,Private Equity,942.0,tiger global,ping an global voyager fund,2016,January
3982,3982,2016-01-12,Shopclues,ECommerce,ECommerce Marketplace,Gurgaon,Private Equity,942.0,nexus venture partners,norwest venture partners,2016,January
3983,3983,2016-01-12,Hike Messenger,Consumer Internet,P2P Messaging Service,New Delhi,Private Equity,0.0,matt mullenweg,matt mullenweg,2016,January
3984,3984,2016-01-12,Hike Messenger,Consumer Internet,P2P Messaging Service,New Delhi,Private Equity,0.0,adam dangelo,farooq adam mukadam,2016,January
3985,3985,2016-01-12,Hike Messenger,Consumer Internet,P2P Messaging Service,New Delhi,Private Equity,0.0,aditya agarwal,aditya aggarwal,2016,January
3986,3986,2016-01-12,Hike Messenger,Consumer Internet,P2P Messaging Service,New Delhi,Private Equity,0.0,xc2xa0 ruchi sanghvi,ruchi sanghvi,2016,January
3987,3987,2016-01-12,Hike Messenger,Consumer Internet,P2P Messaging Service,New Delhi,Private Equity,0.0,others,other,2016,January
3988,3988,2016-01-12,iBus Networks,Technology,Next Generation in-building connectivity,Bangalore,Private Equity,21.666,vallabh bhanshali,vallabh bhanshali,2016,January
3989,3989,2016-01-12,iBus Networks,Technology,Next Generation in-building connectivity,Bangalore,Private Equity,21.666,n squared management llc,kalaari capital  private equity firm multiples alternate asset management,2016,January
3990,3990,2016-01-12,iBus Networks,Technology,Next Generation in-building connectivity,Bangalore,Private Equity,21.666,jagdish,jagdish kumar,2016,January
3991,3991,2016-01-12,iBus Networks,Technology,Next Generation in-building connectivity,Bangalore,Private Equity,21.666,seep mehta family office,prashant mehta,2016,January
3992,3992,2016-01-12,Happy2Refer,Consumer Internet,Mobile based Referral Platform,Mumbai,Seed Funding,2.355,equity crest,susquehanna growth equity,2016,January
3993,3993,2016-01-12,Happy2Refer,Consumer Internet,Mobile based Referral Platform,Mumbai,Seed Funding,2.355,vinners,vinners,2016,January
3994,3994,2016-01-12,Happy2Refer,Consumer Internet,Mobile based Referral Platform,Mumbai,Seed Funding,2.355,sparknext,sparknext,2016,January
3995,3995,2016-01-13,CarTrade,Consumer Internet,Auto Classifieds Portal,Mumbai,Private Equity,1365.9,temasek holdings,temasek,2016,January
3996,3996,2016-01-13,CarTrade,Consumer Internet,Auto Classifieds Portal,Mumbai,Private Equity,1365.9,march capital,march capital partners,2016,January
3997,3997,2016-01-13,CarTrade,Consumer Internet,Auto Classifieds Portal,Mumbai,Private Equity,1365.9,warburg pincus,wargburg pincus,2016,January
3998,3998,2016-01-13,Rentomo,Consumer Internet,peer-to-peer renting Marketplace,Bangalore,Seed Funding,0.942,shiva ashok,ashok kumar gajera,2016,January
3999,3999,2016-01-13,Rentomo,Consumer Internet,peer-to-peer renting Marketplace,Bangalore,Seed Funding,0.942,other unnamed investors,other,2016,January
4000,4000,2016-01-13,Roder,Consumer Internet,inter-city cab aggregator,New Delhi,Seed Funding,2.2608,unicorn india ventures,unicorn india ventures  isme ace,2016,January
4001,4001,2016-01-13,Bucker,Consumer Internet,Food Ordering Mobile App,Hyderabad,Seed Funding,0.0,50k ventures,rainforest ventures,2016,January
4002,4002,2016-01-13,Bucker,Consumer Internet,Food Ordering Mobile App,Hyderabad,Seed Funding,0.0,munish jauhar,munish jauhar,2016,January
4003,4003,2016-01-13,Bucker,Consumer Internet,Food Ordering Mobile App,Hyderabad,Seed Funding,0.0,pulkit jain,aj ventures  jain international trade organisation jito,2016,January
4004,4004,2016-01-13,Bucker,Consumer Internet,Food Ordering Mobile App,Hyderabad,Seed Funding,0.0,rohit narang,rohit na,2016,January
4005,4005,2016-01-13,Care24,Healthcare,Professional Health Services Platform,Mumbai,Private Equity,37.68,saif partners,saif partners  lgt impact ventures,2016,January
4006,4006,2016-01-13,Care24,Healthcare,Professional Health Services Platform,Mumbai,Private Equity,37.68,india quotient,india quotient  letsventures angel fund,2016,January
4007,4007,2016-01-13,Obino,Healthcare,Weigh Loss Coaching,Mumbai,Private Equity,0.0,roundglass partners,roundglass partners llc,2016,January
4008,4008,2016-01-14,Snapshopr,Consumer Internet,Visual Search & Image Recognition Platform,Bangalore,Seed Funding,0.0,amod malviya,amod malviya,2016,January
4009,4009,2016-01-14,Buildkar,ECommerce,Construction Material Marketplace,Bangalore,Seed Funding,0.0,mustafa wajid,mustafa wajid,2016,January
4010,4010,2016-01-14,Buildkar,ECommerce,Construction Material Marketplace,Bangalore,Seed Funding,0.0,umang kumar,subho ray  samir kumar,2016,January
4011,4011,2016-01-14,Buildkar,ECommerce,Construction Material Marketplace,Bangalore,Seed Funding,0.0,others,other,2016,January
4012,4012,2016-01-14,Orahi,Consumer Internet,Carpooling Mobile App,Gurgaon,Seed Funding,4.8984,indian angel network,india quotient  letsventures angel fund,2016,January
4013,4013,2016-01-14,Zapr,Technology,TV to Mobile audience Platform,Gurgaon,Seed Funding,0.0,flipkart,flipkart logistics pvt ltd,2016,January
4014,4014,2016-01-14,Zapr,Technology,TV to Mobile audience Platform,Gurgaon,Seed Funding,0.0,saavn,saavn,2016,January
4015,4015,2016-01-14,Zapr,Technology,TV to Mobile audience Platform,Gurgaon,Seed Funding,0.0,micromax,micromax informatics ltd,2016,January
4016,4016,2016-01-14,Zapr,Technology,TV to Mobile audience Platform,Gurgaon,Seed Funding,0.0,dhiraj rajaram,dhiraj rajaram,2016,January
4017,4017,2016-01-14,Zapr,Technology,TV to Mobile audience Platform,Gurgaon,Seed Funding,0.0,ambiga dhiraj,ambiga dhiraj,2016,January
4018,4018,2016-01-14,Zapr,Technology,TV to Mobile audience Platform,Gurgaon,Seed Funding,0.0,dinesh agarwal,vipin agarwal  others,2016,January
4019,4019,2016-01-14,Zapr,Technology,TV to Mobile audience Platform,Gurgaon,Seed Funding,0.0,samir bangara,subho ray  samir kumar,2016,January
4020,4020,2016-01-14,Zapr,Technology,TV to Mobile audience Platform,Gurgaon,Seed Funding,0.0,sanjay nath,sanjay sathe,2016,January
4021,4021,2016-01-14,Zapr,Technology,TV to Mobile audience Platform,Gurgaon,Seed Funding,0.0,arihant patni,arihant patni of patni family office,2016,January
4022,4022,2016-01-15,Remidio,Healthcare,Healthcare Product Manufacturer,Bangalore,Private Equity,0.0,cipherplexus capital advisors,sequoia capital,2016,January
4023,4023,2016-01-15,Remidio,Healthcare,Healthcare Product Manufacturer,Bangalore,Private Equity,0.0,indian angel network,india quotient  letsventures angel fund,2016,January
4024,4024,2016-01-15,Fitso,Consumer Internet,Fitness related Social Networking App & Forum,Gurgaon,Seed Funding,1.884,varun khurana,varun khanna,2016,January
4025,4025,2016-01-15,Fitso,Consumer Internet,Fitness related Social Networking App & Forum,Gurgaon,Seed Funding,1.884,samar singla,samar singla,2016,January
4026,4026,2016-01-15,Fitso,Consumer Internet,Fitness related Social Networking App & Forum,Gurgaon,Seed Funding,1.884,vinay bansal,ajay relan  vinay mittal,2016,January
4027,4027,2016-01-15,evibe.in,Consumer Internet,Party Hall Booking platform,Bangalore,Seed Funding,0.0,hyderabad angels,hyderabad angels at startup heroes event,2016,January
4028,4028,2016-01-15,evibe.in,Consumer Internet,Party Hall Booking platform,Bangalore,Seed Funding,0.0,lalit mangal,lalit mangal,2016,January
4029,4029,2016-01-15,evibe.in,Consumer Internet,Party Hall Booking platform,Bangalore,Seed Funding,0.0,xc2xa0 vikas malpani,xc2xa0,2016,January
4030,4030,2016-01-15,evibe.in,Consumer Internet,Party Hall Booking platform,Bangalore,Seed Funding,0.0,gaurav bhalotia,gaurav suri  ankit kesarwani,2016,January
4031,4031,2016-01-15,evibe.in,Consumer Internet,Party Hall Booking platform,Bangalore,Seed Funding,0.0,lv prasad,mr manoj prasad,2016,January
4032,4032,2016-01-15,Zoctr,Consumer Internet,healthcare aggregator platform,Mumbai,Seed Funding,0.0,times group,times group br capital,2016,January
4033,4033,2016-01-15,Jobick,Consumer Internet,Mobile app based Job Search,Noida,Seed Funding,0.0,abhinav mathur,abhinav mathur,2016,January
4034,4034,2016-01-16,Plick,Consumer Internet,Instant Content Transfer Mobile App,Mumbai,Seed Funding,0.0,sanjay mehta,seep mehta family office,2016,January
4035,4035,2016-01-18,Voice Friends,Consumer Internet,Dating & Singles Chat Platform,Mumbai,Seed Funding,0.0,huzaifa khorakiwala,huzaifa khorakiwala,2016,January
4036,4036,2016-01-18,Kartrocket,Consumer Internet,SAAS DIY\\xc2\\xa0 ECommerce Platform,New Delhi,Private Equity,56.52,bertelsmann india investments,bertelsmann india,2016,January
4037,4037,2016-01-18,Kartrocket,Consumer Internet,SAAS DIY\\xc2\\xa0 ECommerce Platform,New Delhi,Private Equity,56.52,nirvana digital india fund,india quotient,2016,January
4038,4038,2016-01-18,Kartrocket,Consumer Internet,SAAS DIY\\xc2\\xa0 ECommerce Platform,New Delhi,Private Equity,56.52,nirvana digital investment holding,nirvana digital investment holding co ltd,2016,January
4039,4039,2016-01-18,Kartrocket,Consumer Internet,SAAS DIY\\xc2\\xa0 ECommerce Platform,New Delhi,Private Equity,56.52,500 startups,500 startups,2016,January
4040,4040,2016-01-19,Swiggy,Consumer Internet,Online/Mobile food ordering platform,Bangalore,Private Equity,329.7,harmony partners,y partners,2016,January
4041,4041,2016-01-19,Swiggy,Consumer Internet,Online/Mobile food ordering platform,Bangalore,Private Equity,329.7,rb investments,rb investments pte ltd,2016,January
4042,4042,2016-01-19,Swiggy,Consumer Internet,Online/Mobile food ordering platform,Bangalore,Private Equity,329.7,existing investors,valpro capital  existing investors,2016,January
4043,4043,2016-01-19,TinyStep,Consumer Internet,Parenting Social Network,Bangalore,Seed Funding,0.0,flipkart,flipkart logistics pvt ltd,2016,January
4044,4044,2016-01-19,Cashkaro,Consumer Internet,Coupon & Cashback platform,Gurgaon,Private Equity,0.0,ratan tata,rata tata,2016,January
4045,4045,2016-01-19,Gameezop,Consumer Internet,Casual Gaming platform,New Delhi,Seed Funding,0.0,an chrasekaran,ping an global voyager fund,2016,January
4046,4046,2016-01-19,Gameezop,Consumer Internet,Casual Gaming platform,New Delhi,Seed Funding,0.0,others,other,2016,January
4047,4047,2016-01-19,DailyObjects,ECommerce,Mobile Accessories etailer,New Delhi,Private Equity,13.188,unilazer fund,il,2016,January
4048,4048,2016-01-19,DailyObjects,ECommerce,Mobile Accessories etailer,New Delhi,Private Equity,13.188,xc2xa0 phanindra sama,phanindra sama,2016,January
4049,4049,2016-01-19,DailyObjects,ECommerce,Mobile Accessories etailer,New Delhi,Private Equity,13.188,peyush bansal,axilor ventures  binny bansal,2016,January
4050,4050,2016-01-19,Indus OS,Technology,Local language Mobile OS,Mumbai,Private Equity,47.1,omidyar network,omidyar networks,2016,January
4051,4051,2016-01-19,CollegeDunia,Consumer Internet,Educational College Search platform,New Delhi,Seed Funding,4.1919,umang kumar,subho ray  samir kumar,2016,January
4052,4052,2016-01-19,Villgro,Finance,Social Business Incubator & Fund,Chennai,Private Equity,32.97,lemelson foundation,michael  susan dell foundation,2016,January
4053,4053,2016-01-19,Villgro,Finance,Social Business Incubator & Fund,Chennai,Private Equity,32.97,michael  susan dell foundation,susan dell foundation,2016,January
4054,4054,2016-01-20,Reddoorz,Consumer Internet,Budget Accomodation Aggregator,New Delhi,Private Equity,0.0,500 startups,500 startups,2016,January
4055,4055,2016-01-20,IndustryBuying,ECommerce,B2B Industrial Goods Marketplace,New Delhi,Private Equity,16.956,trifecta capital,trifecta capital advisors,2016,January
4056,4056,2016-01-20,Just Buy Live,ECommerce,B2B Marketplace for Distributors,Mumbai,Private Equity,188.4,alpha capital,alfa capital,2016,January
4057,4057,2016-01-20,IMbesharam,ECommerce,Adult Products Etailers,New Delhi / US,Private Equity,37.68,undisclosed,undisclosed,2016,January
4058,4058,2016-01-20,Moodoo,Consumer Internet,Social Meeting organizer App,Mumbai / UK,Seed Funding,0.3768,saxc3xafd business school seed fund,vertex growth fund,2016,January
4059,4059,2016-01-20,Saral Designs,Healthcare,Women Hygiene Product Manufacturer,Mumbai,Seed Funding,0.0,farooq adam,farooq adam mukadam,2016,January
4060,4060,2016-01-20,Saral Designs,Healthcare,Women Hygiene Product Manufacturer,Mumbai,Seed Funding,0.0,ambi parameswaran,ambi parameswaran,2016,January
4061,4061,2016-01-21,FirstCry,ECommerce,Kids Focused eTailer,Pune,Private Equity,0.0,ratan tata,rata tata,2016,January
4062,4062,2016-01-21,Fisdom,Consumer Internet,Personal Finance Mobile App,Bangalore,Seed Funding,4.71,rob chra,arun chra mohan,2016,January
4063,4063,2016-01-21,Easypolicy,Consumer Internet,Online insurance policy aggregator,Noida,Private Equity,20.724,unilazer ventures,unilazer,2016,January
4064,4064,2016-01-21,Housing.com,Consumer Internet,Online Real Estate Portal,Mumbai,Private Equity,141.3,softbank,softbank,2016,January
4065,4065,2016-01-21,CREO,Technology,Smartphone OS Developer,Bangalore,Private Equity,28.26,sequoia capital,quona capital,2016,January
4066,4066,2016-01-21,CREO,Technology,Smartphone OS Developer,Bangalore,Private Equity,28.26,beenext ventures,beenext,2016,January
4067,4067,2016-01-21,CREO,Technology,Smartphone OS Developer,Bangalore,Private Equity,28.26,india quotient,india quotient  letsventures angel fund,2016,January
4068,4068,2016-01-21,CREO,Technology,Smartphone OS Developer,Bangalore,Private Equity,28.26,an chrasekaran,ping an global voyager fund,2016,January
4069,4069,2016-01-22,ShabdaNagari,Consumer Internet,Hindi Language Social Networking Portal,Kanpur,Seed Funding,1.884,kanpur angels,mumbai angels network,2016,January
4070,4070,2016-01-22,ShabdaNagari,Consumer Internet,Hindi Language Social Networking Portal,Kanpur,Seed Funding,1.884,others,other,2016,January
4071,4071,2016-01-22,Little,Consumer Internet,Deal Discovery App,Bangalore,Private Equity,0.0,gic,fung strategic holdings,2016,January
4072,4072,2016-01-22,SnapBizz,ECommerce,Mobile based Retail Market Ecosystem,Bangalore,Private Equity,67.824,jungle ventures,lakestar  jungle ventures,2016,January
4073,4073,2016-01-22,SnapBizz,ECommerce,Mobile based Retail Market Ecosystem,Bangalore,Private Equity,67.824,taurus value creation,creation investments capital management,2016,January
4074,4074,2016-01-22,SnapBizz,ECommerce,Mobile based Retail Market Ecosystem,Bangalore,Private Equity,67.824,konly venture,konglo ventures,2016,January
4075,4075,2016-01-22,SnapBizz,ECommerce,Mobile based Retail Market Ecosystem,Bangalore,Private Equity,67.824,blume ventures,blume ventures  rtp global,2016,January
4076,4076,2016-01-22,Qlivery,Consumer Internet,on-demand concierge services,Gurgaon,Seed Funding,0.0,chigarh angels funding,chigarh angels,2016,January
4077,4077,2016-01-22,PlexusMD,Consumer Internet,Social Network for Healthcare Professionals,Ahmedabad,Seed Funding,0.0,arihant patni,arihant patni of patni family office,2016,January
4078,4078,2016-01-22,PlexusMD,Consumer Internet,Social Network for Healthcare Professionals,Ahmedabad,Seed Funding,0.0,avnish mehra,kk mehra,2016,January
4079,4079,2016-01-22,PlexusMD,Consumer Internet,Social Network for Healthcare Professionals,Ahmedabad,Seed Funding,0.0,pranay adhvaryu,pranay adhvaryu,2016,January
4080,4080,2016-01-22,PlexusMD,Consumer Internet,Social Network for Healthcare Professionals,Ahmedabad,Seed Funding,0.0,ravi sampat,singularity ventures  ravi dhariwal,2016,January
4081,4081,2016-01-22,Silvan,Technology,Home Automation & Security Solutions,Bangalore,Seed Funding,4.8513,the chennai angels,chennai angels,2016,January
4082,4082,2016-01-22,EPS,Technology,Electronic Payments Solution Company,Mumbai,Private Equity,329.7,apis partners,apis partner,2016,January
4083,4083,2016-01-22,Qubole,Technology,Enterprise Cloud Based Data Processing,Bangalore,Private Equity,282.6,institutional venture partners,saif partners,2016,January
4084,4084,2016-01-22,Qubole,Technology,Enterprise Cloud Based Data Processing,Bangalore,Private Equity,282.6,norwest venture partners,rwe,2016,January
4085,4085,2016-01-22,Qubole,Technology,Enterprise Cloud Based Data Processing,Bangalore,Private Equity,282.6,lightspeed venture partners,lightspeed venture partners india,2016,January
4086,4086,2016-01-22,Qubole,Technology,Enterprise Cloud Based Data Processing,Bangalore,Private Equity,282.6,crv,crv,2016,January
4087,4087,2016-01-22,Gajty,Healthcare,Salons & Spa Chain,Gurgaon,Seed Funding,0.0,purvi ventures,pi ventures,2016,January
4088,4088,2016-01-25,SIFTR Labs,Consumer Internet,Photography curation & Aggregator platform,Mumbai,Seed Funding,1.413,venture catalysts,venture catalyst,2016,January
4089,4089,2016-01-25,Power2SME,Consumer Internet,SME Online Buying Hub,Gurgaon,Private Equity,197.82,nan nilekani,il,2016,January
4090,4090,2016-01-25,Power2SME,Consumer Internet,SME Online Buying Hub,Gurgaon,Private Equity,197.82,accel,accel,2016,January
4091,4091,2016-01-25,Power2SME,Consumer Internet,SME Online Buying Hub,Gurgaon,Private Equity,197.82,kalaari capital  inventus capital,kalaari capital,2016,January
4092,4092,2016-01-25,SkyCandle,ECommerce,Home D\\xc3\\xa9cor Product etailer,New Delhi,Private Equity,0.0,gpa group,manipal education  medical group memg,2016,January
4093,4093,2016-01-27,Teabox.com,ECommerce,Specialty Tea ETailer,Siliguri,Private Equity,0.0,ratan tata,rata tata,2016,January
4094,4094,2016-01-27,Buildzar,ECommerce,Construction Material ETailer,Gurgaon,Private Equity,37.68,puneet dalmia,xc2xa0 puneet dalmia,2016,January
4095,4095,2016-01-27,Applicate,Technology,"Sales, Market, Distribution & Data Analytics Platform",Bangalore,Seed Funding,9.42,undisclosed,undisclosed,2016,January
4096,4096,2016-01-27,WhatsOnRent,ECommerce,Online Rental Marketplace,Bangalore,Seed Funding,0.0,lalit mangal,lalit mangal,2016,January
4097,4097,2016-01-27,WhatsOnRent,ECommerce,Online Rental Marketplace,Bangalore,Seed Funding,0.0,others,other,2016,January
4098,4098,2016-01-28,Zebi (yet to launch),Technology,Data Intelligence & Analytics,Hyderabad,Seed Funding,9.42,un disclosed investors,hyperplane venture capital  several angel investors,2016,January
4099,4099,2016-01-28,Truce,FMCG,Vegetables & Fruits Supply Chain,Mumbai,Seed Funding,3.4854,anupam mittal,ajay relan  vinay mittal,2016,January
4100,4100,2016-01-28,Truce,FMCG,Vegetables & Fruits Supply Chain,Mumbai,Seed Funding,3.4854,amit gupta,amajit gupta,2016,January
4101,4101,2016-01-28,Truce,FMCG,Vegetables & Fruits Supply Chain,Mumbai,Seed Funding,3.4854,utsav somani,utsav somani,2016,January
4102,4102,2016-01-28,Truce,FMCG,Vegetables & Fruits Supply Chain,Mumbai,Seed Funding,3.4854,neeraj goenka,neeraj goenka,2016,January
4103,4103,2016-01-28,Truce,FMCG,Vegetables & Fruits Supply Chain,Mumbai,Seed Funding,3.4854,farooq adam mukadam,farooq adam,2016,January
4104,4104,2016-01-28,JustDoc,Consumer Interne,Medical Video Consultation platform,Bangalore,Seed Funding,0.0,tv mohas pai,t v mohas pai,2016,January
4105,4105,2016-01-28,JustDoc,Consumer Interne,Medical Video Consultation platform,Bangalore,Seed Funding,0.0,mohit saxena,xc2xa0 mohit saxena,2016,January
4106,4106,2016-01-28,JustDoc,Consumer Interne,Medical Video Consultation platform,Bangalore,Seed Funding,0.0,raghunan g,raghunan gangappa,2016,January
4107,4107,2016-01-28,JustDoc,Consumer Interne,Medical Video Consultation platform,Bangalore,Seed Funding,0.0,singapore angel network,singapore angels network,2016,January
4108,4108,2016-01-28,JustDoc,Consumer Interne,Medical Video Consultation platform,Bangalore,Seed Funding,0.0,tracxnlabs,tracxn labs,2016,January
4109,4109,2016-01-28,Myeglu,Technology,Connected Smart Home Solutions,Bangalore,Seed Funding,0.0,foxconn technology group,foxconn,2016,January
4110,4110,2016-01-28,Myeglu,Technology,Connected Smart Home Solutions,Bangalore,Seed Funding,0.0,others,other,2016,January
4111,4111,2016-01-29,BitGiving,Consumer Internet,Crowd Funding Platform,New Delhi,Seed Funding,0.0,harminder sahni,harminder sahani,2016,January
4112,4112,2016-01-29,BitGiving,Consumer Internet,Crowd Funding Platform,New Delhi,Seed Funding,0.0,krishna mehra,krishna jhunjhunwala,2016,January
4113,4113,2016-01-29,BitGiving,Consumer Internet,Crowd Funding Platform,New Delhi,Seed Funding,0.0,sanjay bakshi,sanjay bakshi,2016,January
4114,4114,2016-01-29,Qriyo,Consumer Internet,Online Fitness & Educational information Aggregator,Jodhpur,Seed Funding,1.5072,idein ventures,india ventures,2016,January
4115,4115,2016-01-29,N.O.W,Consumer Internet,Rental Bike Aggregator App,Noida,Seed Funding,0.0,maple capital advisors,lok capital,2016,January
4116,4116,2016-01-29,Aisle,Consumer Internet,Indians focused Matchmaking App,Bangalore,Seed Funding,1.7427,termsheet,termsheet,2016,January
4117,4117,2016-01-29,Aisle,Consumer Internet,Indians focused Matchmaking App,Bangalore,Seed Funding,1.7427,ah ventures,fao ventures,2016,January
4118,4118,2016-01-29,FreshMenu,Consumer Internet,Fresh Food Delivery platform,Bangalore,Private Equity,160.14,zodius technology fund,hr technology fund,2016,January
4119,4119,2016-01-29,FreshMenu,Consumer Internet,Fresh Food Delivery platform,Bangalore,Private Equity,160.14,lightspeed venture partners,lightspeed venture partners india,2016,January
4120,4120,2016-01-29,Truebil,ECommerce,Online marketplace for cars,Mumbai,Private Equity,48.513,kalaari capital,romulus capital  kalaari capital,2016,January
4121,4121,2016-01-29,Truebil,ECommerce,Online marketplace for cars,Mumbai,Private Equity,48.513,inventus capital,xc2xa0 inventus capital,2016,January
4122,4122,2016-01-29,Truebil,ECommerce,Online marketplace for cars,Mumbai,Private Equity,48.513,tekton ventures,breakthrough energy ventures,2016,January
4123,4123,2016-01-29,Truebil,ECommerce,Online marketplace for cars,Mumbai,Private Equity,48.513,kae capital,vc firms india quotient  kae capital,2016,January
4124,4124,2016-01-29,Rare Media,Technology,Mobile & Cloud based App developer,New Delhi,Private Equity,10.362,info edge india ltd,info edge india ltd  temasek,2016,January
4125,4125,2016-01-29,TinMen,Consumer Internet,Food Delivery Platform,Hyderabad,Seed Funding,0.0,lead angel network,lead angels network,2016,January
4126,4126,2016-01-29,CodingLabs,Technology,Coding Skill Showcase & Resume Builder,Hyderabad,Seed Funding,0.0,vineet nalla,vineel nalla,2016,January
4127,4127,2016-01-30,FindUrClass,Consumer Internet,Hobby & Activity Class Aggregator,Mumbai,Seed Funding,0.0,amit patni,arihant patni of patni family office,2016,January
4128,4128,2016-01-30,FindUrClass,Consumer Internet,Hobby & Activity Class Aggregator,Mumbai,Seed Funding,0.0,anirudh damani,radhakrishan damani  rakesh jhunjhunwala,2016,January
4129,4129,2016-01-30,FindUrClass,Consumer Internet,Hobby & Activity Class Aggregator,Mumbai,Seed Funding,0.0,samir shah,myntra  mitesh shah finance chief,2016,January
4130,4130,2016-01-30,DesignBids,Consumer Internet,Interior Design Marketplace,New Delhi,Seed Funding,0.0,indian angel network,india quotient  letsventures angel fund,2016,January
4131,4131,2015-12-01,CollegeDekho,Online Education Information platform,,Jaipur,Seed Funding,9.42,girnarsoft,girnarsoft,2015,December
4132,4132,2015-12-01,Black White Orange Brands,Brand Licensing Startup,,Mumbai,Seed Funding,0.0,youwecan ventures,yourwecan ventures,2015,December
4133,4133,2015-12-01,Biteclub,Gourmet Food Discovery & Delivery platform,,Gurgaon,Private Equity,0.0,growx ventures,growx,2015,December
4134,4134,2015-12-01,Patel Logistics,Transportation & Logistics Platform,,Mumbai,Private Equity,52.752,frontline strategy,frontline strategy,2015,December
4135,4135,2015-12-01,Wigzo,Enterprise Marketing Automation platform,,New Delhi,Seed Funding,4.71,aarin capital partners,kalaari capital partners,2015,December
4136,4136,2015-12-01,Wigzo,Enterprise Marketing Automation platform,,New Delhi,Seed Funding,4.71,tv mohas pai,t v mohas pai,2015,December
4137,4137,2015-12-01,Zapluk,"Health, Wellness & Beauty Services App",,Hyderabad,Seed Funding,0.0,undisclosed,undisclosed,2015,December
4138,4138,2015-12-01,Godof Hospitals,Digital Healthcare,,New Delhi,Seed Funding,18.84,pankaj gupta,prashant gupta  others,2015,December
4139,4139,2015-12-02,RoomsTonite,Last Minute Hotel Booking App,,Bangalore,Seed Funding,14.13,lashit sanghvi,ghv,2015,December
4140,4140,2015-12-02,RoomsTonite,Last Minute Hotel Booking App,,Bangalore,Seed Funding,14.13,nikhil vora,il,2015,December
4141,4141,2015-12-02,RoomsTonite,Last Minute Hotel Booking App,,Bangalore,Seed Funding,14.13,venkat vardhan,venk,2015,December
4142,4142,2015-12-02,RoomsTonite,Last Minute Hotel Booking App,,Bangalore,Seed Funding,14.13,mohammed bin abdul rehman al khalifa,mohammed khan,2015,December
4143,4143,2015-12-02,RoomsTonite,Last Minute Hotel Booking App,,Bangalore,Seed Funding,14.13,xc2xa0 ralph berezan,xc2xa0,2015,December
4144,4144,2015-12-02,RoomsTonite,Last Minute Hotel Booking App,,Bangalore,Seed Funding,14.13,vissal mathew,vissal mathew,2015,December
4145,4145,2015-12-02,RoomsTonite,Last Minute Hotel Booking App,,Bangalore,Seed Funding,14.13,xc2xa0 balamurali krishna,xc2xa0,2015,December
4146,4146,2015-12-02,Kaaryah,Womens Fashion Wear Portal,,New Delhi,Private Equity,0.0,the saha fund,saha fund,2015,December
4147,4147,2015-12-02,Kaaryah,Womens Fashion Wear Portal,,New Delhi,Private Equity,0.0,tv mohas pai,t v mohas pai,2015,December
4148,4148,2015-12-03,Anakage,Product Learning platform,,Bangalore,Seed Funding,0.0,cio angel network can,cio angel network,2015,December
4149,4149,2015-12-03,EasyKhaana,Online Food ordering & Delivery platform,,New Delhi,Seed Funding,0.942,undisclosed,undisclosed,2015,December
4150,4150,2015-12-03,Shuttl,App based Bus Pooling Services,,Gurgaon,Private Equity,188.4,sequoia capital,quona capital,2015,December
4151,4151,2015-12-03,Shuttl,App based Bus Pooling Services,,Gurgaon,Private Equity,188.4,times internet ltd,times internet,2015,December
4152,4152,2015-12-03,Shuttl,App based Bus Pooling Services,,Gurgaon,Private Equity,188.4,one more fund,ping an global voyager fund,2015,December
4153,4153,2015-12-03,Eckovation,Social Learning Platform,,New Delhi,Seed Funding,0.0,chigarh angel network can,chigarh angels network can,2015,December
4154,4154,2015-12-03,Fitcircle,Social Fitness platform,,Mumbai,Seed Funding,0.0,beerud sheth  ravi mantha,ravi viswanathan,2015,December
4155,4155,2015-12-04,Applop,On Demand Mobile app developer,,Kolkata,Seed Funding,0.942,accel,accel,2015,December
4156,4156,2015-12-04,CaRPM,Car Maintenance & Management mobile app,,Gurgaon,Seed Funding,0.942,accel,accel,2015,December
4157,4157,2015-12-04,NDTV Wedding portal,Online Wedding Marketplace,,New Delhi,Private Equity,188.4,cerracap,cerracap,2015,December
4158,4158,2015-12-04,Splitkart,Splitting Bills Mobile App,,New Delhi,Seed Funding,0.0,rajesh sawhney,rajesh sawheny,2015,December
4159,4159,2015-12-04,Splitkart,Splitting Bills Mobile App,,New Delhi,Seed Funding,0.0,anupam mittal,ajay relan  vinay mittal,2015,December
4160,4160,2015-12-04,Splitkart,Splitting Bills Mobile App,,New Delhi,Seed Funding,0.0,dinesh agarwal,vipin agarwal  others,2015,December
4161,4161,2015-12-04,Splitkart,Splitting Bills Mobile App,,New Delhi,Seed Funding,0.0,gaurav gupta,prashant gupta  others,2015,December
4162,4162,2015-12-07,Zenatix,IOT Energy Management Analytics platform,,Gurgaon,Private Equity,0.0,blume ventures,blume ventures  rtp global,2015,December
4163,4163,2015-12-07,Customfurnish,Custom Made furniture e-tailer,,Hyderabad,Private Equity,42.39,agnus capital,trifecta capital advisors,2015,December
4164,4164,2015-12-07,Faasos,QSR Chain,,Pune,Private Equity,282.6,runet,runet south asia,2015,December
4165,4165,2015-12-07,Faasos,QSR Chain,,Pune,Private Equity,282.6,sequoia capital,quona capital,2015,December
4166,4166,2015-12-07,Faasos,QSR Chain,,Pune,Private Equity,282.6,xc2xa0 lightbox ventures,lightbox ventures,2015,December
4167,4167,2015-12-07,Vlurn,eLearning platform,,Mumbai,Seed Funding,0.0,vidyadhar sarfare,vidyadhar sarfare,2015,December
4168,4168,2015-12-07,Leaf Wearables,Smart Safety Wearable Devices,,New Delhi,Seed Funding,2.355,ajeet khurana jinesh shah,ajeet khurana,2015,December
4169,4169,2015-12-07,Leaf Wearables,Smart Safety Wearable Devices,,New Delhi,Seed Funding,2.355,vikram chachra,bhanu vikram parsotam,2015,December
4170,4170,2015-12-07,Leaf Wearables,Smart Safety Wearable Devices,,New Delhi,Seed Funding,2.355,dr aniruddha malpani,aniruddha malpani,2015,December
4171,4171,2015-12-07,Coolshare,Cab Sharing service Mobile app,,Mumbai,Seed Funding,0.942,gopal aggarwal,s gopal,2015,December
4172,4172,2015-12-08,mFicient,Cloud Enterprise Mobility Platform,,New Delhi,Seed Funding,0.0,undisclosed,undisclosed,2015,December
4173,4173,2015-12-08,HeyBiz,Online Shopping Assistant Mobile app,,New Delhi,Seed Funding,0.0,shopclues,shopclues,2015,December
4174,4174,2015-12-08,Yumist,Home Cooked Food Order & Delivery platform,,Gurgaon,Private Equity,18.84,unilazer ventures,unilazer,2015,December
4175,4175,2015-12-08,Yumist,Home Cooked Food Order & Delivery platform,,Gurgaon,Private Equity,18.84,orios venture partners,orios ventures partners,2015,December
4176,4176,2015-12-08,Yumist,Home Cooked Food Order & Delivery platform,,Gurgaon,Private Equity,18.84,steven lurie,steven lurie,2015,December
4177,4177,2015-12-09,Jigsaw Academy,Online School for Analytics learning,,Bangalore,Private Equity,28.26,manipal global education services,tiger global,2015,December
4178,4178,2015-12-09,JoeHukum,Chat based personal Assistant App,,Gurgaon,Seed Funding,0.0,tracxnlabs,tracxn labs,2015,December
4179,4179,2015-12-09,JoeHukum,Chat based personal Assistant App,,Gurgaon,Seed Funding,0.0,jitendra gupta,prashant gupta  others,2015,December
4180,4180,2015-12-09,JoeHukum,Chat based personal Assistant App,,Gurgaon,Seed Funding,0.0,prashant ton,prashant gupta  others,2015,December
4181,4181,2015-12-09,Voxweb,Picture creation & Social mobile app,,Mumbai,Seed Funding,3.297,undisclosed,undisclosed,2015,December
4182,4182,2015-12-09,Aye Finance,Nonbanking finance company,,New Delhi,Private Equity,28.26,saif partners,saif partners  lgt impact ventures,2015,December
4183,4183,2015-12-09,Aye Finance,Nonbanking finance company,,New Delhi,Private Equity,28.26,accion,omidyar network  accion venture labs,2015,December
4184,4184,2015-12-09,JumboBasket,eCommerce returns etailer,,Chandigarh,Seed Funding,0.0,chigarh angels network,chigarh angels network can,2015,December
4185,4185,2015-12-10,BlackBuck,Online Freight Services Aggregator,,Bangalore,Private Equity,235.5,tiger global,ping an global voyager fund,2015,December
4186,4186,2015-12-10,BlackBuck,Online Freight Services Aggregator,,Bangalore,Private Equity,235.5,yuri milner,il,2015,December
4187,4187,2015-12-10,BlackBuck,Online Freight Services Aggregator,,Bangalore,Private Equity,235.5,apoletto,apoletto managers,2015,December
4188,4188,2015-12-10,BlackBuck,Online Freight Services Aggregator,,Bangalore,Private Equity,235.5,accel,accel,2015,December
4189,4189,2015-12-10,BlackBuck,Online Freight Services Aggregator,,Bangalore,Private Equity,235.5,flipkart,flipkart logistics pvt ltd,2015,December
4190,4190,2015-12-10,HomeStudio,Online Branded Furniture etailer,,Bangalore,Private Equity,47.1,bren corporation,co,2015,December
4191,4191,2015-12-10,PropheSee,Digital Analytics Platform,,New Delhi,Seed Funding,4.71,indian angel network,india quotient  letsventures angel fund,2015,December
4192,4192,2015-12-10,PropheSee,Digital Analytics Platform,,New Delhi,Seed Funding,4.71,stanford angels,director at byramjee jeejeebhoy pvt ltd were among the angels,2015,December
4193,4193,2015-12-10,PropheSee,Digital Analytics Platform,,New Delhi,Seed Funding,4.71,entrepreneurs india,entrepreneurs,2015,December
4194,4194,2015-12-10,i2e1,Internet Network Infrastructure Services,,New Delhi,Seed Funding,4.71,growx ventures,growx,2015,December
4195,4195,2015-12-10,Holisol Logistics,Supply Chain & Logistics Solutions,,New Delhi,Private Equity,94.2,clsa capital partners aria iv funds,sequoia capital,2015,December
4196,4196,2015-12-10,Stay Simple Resorts,Holiday Resort Chain,,Bangalore,Seed Funding,0.0,mr sudhir,mr manoj prasad,2015,December
4197,4197,2015-12-10,Stay Simple Resorts,Holiday Resort Chain,,Bangalore,Seed Funding,0.0,ms shalini sethi,ms dhoni,2015,December
4198,4198,2015-12-10,Stay Simple Resorts,Holiday Resort Chain,,Bangalore,Seed Funding,0.0,mr praveen someshwar,praveen dubey,2015,December
4199,4199,2015-12-10,Paynear,Mobile Point of Sale solutions,,Hyderabad,Private Equity,23.55,mitesh majithia,myntra  mitesh shah finance chief,2015,December
4200,4200,2015-12-10,Chillr,Peer-to-Peer Money Transfer & Recharge App,,Mumbai,Private Equity,659.4,sequoia capital,quona capital,2015,December
4201,4201,2015-12-10,Chillr,Peer-to-Peer Money Transfer & Recharge App,,Mumbai,Private Equity,659.4,blume ventures,blume ventures  rtp global,2015,December
4202,4202,2015-12-10,Chillr,Peer-to-Peer Money Transfer & Recharge App,,Mumbai,Private Equity,659.4,uniqorn ventures  other,uniqorn ventures,2015,December
4203,4203,2015-12-11,EureQa,Test Automation SAAS platform,,Hyderabad/USA,Seed Funding,5.652,sashi reddi,sashi reddy,2015,December
4204,4204,2015-12-11,EureQa,Test Automation SAAS platform,,Hyderabad/USA,Seed Funding,5.652,gabriel investments,al nour international holdings  mark v investments,2015,December
4205,4205,2015-12-11,LocalCircles,Citizens Engagement Platform,,Noida,Private Equity,0.0,an mahindra,mahindra,2015,December
4206,4206,2015-12-11,GetFocus,Indoor Navigation & Analytics Solutions,,Mumbai,Seed Funding,0.0,undisclosed,undisclosed,2015,December
4207,4207,2015-12-11,UrbanClap,Hyperlocal On-Demand Household Services platform,,Gurgaon,Private Equity,0.0,ratan tata,rata tata,2015,December
4208,4208,2015-12-11,OnlineRTI,Online RTI application services,,Bangalore,Seed Funding,1.413,letsventure,lets venture,2015,December
4209,4209,2015-12-11,OnlineRTI,Online RTI application services,,Bangalore,Seed Funding,1.413,mohas pai,tv mohas pai,2015,December
4210,4210,2015-12-11,Powerstores,ECommerce Website Creation SAAS platform,,Goa,Seed Funding,0.0,extreme venture partnersxc2xa0 william bissell,william bissel,2015,December
4211,4211,2015-12-11,Weddingz.in,Wedding Venues & Vendors Marketplace,,Mumbai,Seed Funding,9.42,rajan anan,rajan anan from google,2015,December
4212,4212,2015-12-11,Weddingz.in,Wedding Venues & Vendors Marketplace,,Mumbai,Seed Funding,9.42,zoya akhtar,zoya akhtar,2015,December
4213,4213,2015-12-11,Weddingz.in,Wedding Venues & Vendors Marketplace,,Mumbai,Seed Funding,9.42,reema kagati,reema kagati,2015,December
4214,4214,2015-12-11,Weddingz.in,Wedding Venues & Vendors Marketplace,,Mumbai,Seed Funding,9.42,ruchi narain,xc2xa0 ruchi sanghvi,2015,December
4215,4215,2015-12-11,Weddingz.in,Wedding Venues & Vendors Marketplace,,Mumbai,Seed Funding,9.42,amrish kumar,amrish rau from payu india,2015,December
4216,4216,2015-12-11,Weddingz.in,Wedding Venues & Vendors Marketplace,,Mumbai,Seed Funding,9.42,hrishikesh parekar,hrishikesh parekar,2015,December
4217,4217,2015-12-11,Intelligent Interfaces,Interface development platform for Government officials,,Bangalore,Seed Funding,0.0,sachin bansal,axilor ventures  binny bansal,2015,December
4218,4218,2015-12-11,Intelligent Interfaces,Interface development platform for Government officials,,Bangalore,Seed Funding,0.0,binny bansal,bunny bansal,2015,December
4219,4219,2015-12-14,Capricoast,Modular Furnishings Marketplace,,Bangalore,Private Equity,32.97,accel,accel,2015,December
4220,4220,2015-12-14,Capricoast,Modular Furnishings Marketplace,,Bangalore,Private Equity,32.97,rb investments,rb investments pte ltd,2015,December
4221,4221,2015-12-14,JetSetGo,Private Jet Bookings Marketplace,,Bangalore,Private Equity,0.0,puneet dalmia,xc2xa0 puneet dalmia,2015,December
4222,4222,2015-12-14,Cabsguru,Cab search Comparison & Booking platform,,New Delhi,Seed Funding,1.884,prashanth ranganathan,r ranganathan,2015,December
4223,4223,2015-12-14,Whoop,Performance Optimization Platform for athletes,,Boston,Private Equity,28.26,infosys,infosys cofounder kris gopalakrishnan,2015,December
4224,4224,2015-12-15,BookEventz,Event Venue Booking Platform,,Mumbai,Seed Funding,0.0,mumbai angels,mumbai angel,2015,December
4225,4225,2015-12-15,BookEventz,Event Venue Booking Platform,,Mumbai,Seed Funding,0.0,singapore angel network,singapore angels network,2015,December
4226,4226,2015-12-15,BookEventz,Event Venue Booking Platform,,Mumbai,Seed Funding,0.0,zishaan hayath,zishan hayath,2015,December
4227,4227,2015-12-15,Deal Street Asia,Digital Media Platform,,Singapore,Seed Funding,0.0,vijay shekhar sharma,nishit sharma,2015,December
4228,4228,2015-12-15,Deal Street Asia,Digital Media Platform,,Singapore,Seed Funding,0.0,singapore angels network,singapore angel network,2015,December
4229,4229,2015-12-15,Streamoid,visual search and discovery platform,,Bangalore / Palo Alto,Seed Funding,9.42,undisclosed,undisclosed,2015,December
4230,4230,2015-12-16,Housejoy,Home services marketplace,,Bangalore,Private Equity,211.95,amazon,amazon alexa fund,2015,December
4231,4231,2015-12-16,Housejoy,Home services marketplace,,Bangalore,Private Equity,211.95,vertex ventures,vertex ventures southeast asia sea  india  sistema asia fund,2015,December
4232,4232,2015-12-16,Housejoy,Home services marketplace,,Bangalore,Private Equity,211.95,qualcomm,qualcomm venture,2015,December
4233,4233,2015-12-16,Housejoy,Home services marketplace,,Bangalore,Private Equity,211.95,runet technology partners,runet,2015,December
4234,4234,2015-12-16,Housejoy,Home services marketplace,,Bangalore,Private Equity,211.95,matrix partner,bessemer venture partner,2015,December
4235,4235,2015-12-16,Bluebirch,End to End reverse logistics Solution platform,,Bangalore,Seed Funding,18.84,chicago capital ventures,sequoia capital,2015,December
4236,4236,2015-12-16,Bluebirch,End to End reverse logistics Solution platform,,Bangalore,Seed Funding,18.84,sanjay mehta,seep mehta family office,2015,December
4237,4237,2015-12-16,Bluebirch,End to End reverse logistics Solution platform,,Bangalore,Seed Funding,18.84,others,other,2015,December
4238,4238,2015-12-16,MeraDoctor,Virtual Health consultation app,,Mumbai,Private Equity,11.304,unilazer,il,2015,December
4239,4239,2015-12-16,STAGE 3,Online Renting platform,,New Delhi,Seed Funding,0.0,nisha sharma,nishit sharma,2015,December
4240,4240,2015-12-16,STAGE 3,Online Renting platform,,New Delhi,Seed Funding,0.0,puneet dalmia,xc2xa0 puneet dalmia,2015,December
4241,4241,2015-12-16,STAGE 3,Online Renting platform,,New Delhi,Seed Funding,0.0,balaji prabhakar,balaji prabhakar,2015,December
4242,4242,2015-12-17,Rivigo,Logistics Services Provider,,Gurgaon,Private Equity,282.6,saif partners  others,saif partners,2015,December
4243,4243,2015-12-17,Springboard,Data Science & UX design Learning platform,,Bangalore,Seed Funding,16.014,allen blue,rosy blue securities,2015,December
4244,4244,2015-12-17,Springboard,Data Science & UX design Learning platform,,Bangalore,Seed Funding,16.014,john katzman,john katzman,2015,December
4245,4245,2015-12-17,Springboard,Data Science & UX design Learning platform,,Bangalore,Seed Funding,16.014,naveen tewari,naveen tiwari,2015,December
4246,4246,2015-12-17,Springboard,Data Science & UX design Learning platform,,Bangalore,Seed Funding,16.014,kartik hosanagar,kartik hosanagar,2015,December
4247,4247,2015-12-17,Springboard,Data Science & UX design Learning platform,,Bangalore,Seed Funding,16.014,kashyap deorah,kashyap deorah,2015,December
4248,4248,2015-12-17,Springboard,Data Science & UX design Learning platform,,Bangalore,Seed Funding,16.014,500 startups,500 startups,2015,December
4249,4249,2015-12-17,Springboard,Data Science & UX design Learning platform,,Bangalore,Seed Funding,16.014,blue fog capital,trifecta capital advisors,2015,December
4250,4250,2015-12-17,Eatfresh,Online marketplace for Chef Meals,,Bangalore,Private Equity,0.0,kalaari capital,romulus capital  kalaari capital,2015,December
4251,4251,2015-12-18,Ampere Vehicles,Electric Bike Manufacturers,,Coimbatore,Seed Funding,11.304,kris gopalakrishnan,kris gopalkrishnan,2015,December
4252,4252,2015-12-18,Ampere Vehicles,Electric Bike Manufacturers,,Coimbatore,Seed Funding,11.304,others,other,2015,December
4253,4253,2015-12-18,Focus Digit,ECommerce platform solutions,,New Delhi,Seed Funding,0.0,turning ideas,turning ideas,2015,December
4254,4254,2015-12-18,The News Minute,Online Media Publication,,Bangalore,Seed Funding,0.0,quintillion media,gree ventures  summit media,2015,December
4255,4255,2015-12-18,CBREX,International Hiring Platform,,Mumbai / NY,Seed Funding,1.884,prahlad rao,subba rao telidevara,2015,December
4256,4256,2015-12-18,CBREX,International Hiring Platform,,Mumbai / NY,Seed Funding,1.884,sundara rajan,rajan anan from google,2015,December
4257,4257,2015-12-18,CBREX,International Hiring Platform,,Mumbai / NY,Seed Funding,1.884,vikram chachra,bhanu vikram parsotam,2015,December
4258,4258,2015-12-21,TruckMandi,Logistics Service Provider Marketplace,,New Delhi,Private Equity,18.84,ritesh dwivedy,innov8 founder ritesh malik,2015,December
4259,4259,2015-12-21,TruckMandi,Logistics Service Provider Marketplace,,New Delhi,Private Equity,18.84,ramakant sharma,ld sharma,2015,December
4260,4260,2015-12-21,TruckMandi,Logistics Service Provider Marketplace,,New Delhi,Private Equity,18.84,mount nathan advisors,mount nathan advisors pte ltd,2015,December
4261,4261,2015-12-21,Peppertap,Hyperlocal\\xc2\\xa0 Grocery Delivery Service,,Gurgaon,Private Equity,37.68,innoven capital,innoven capital india,2015,December
4262,4262,2015-12-21,KOOH Sports,Sports Education Platform,,Mumbai,Private Equity,18.84,tcs,tcs,2015,December
4263,4263,2015-12-21,KOOH Sports,Sports Education Platform,,Mumbai,Private Equity,18.84,hdfc,hdfc life,2015,December
4264,4264,2015-12-21,KOOH Sports,Sports Education Platform,,Mumbai,Private Equity,18.84,faering capital,aarin capital,2015,December
4265,4265,2015-12-21,KOOH Sports,Sports Education Platform,,Mumbai,Private Equity,18.84,elevate sports,moksh sports ventures,2015,December
4266,4266,2015-12-22,RentOnGo,"Bike, Appliances Renting marketplace",,Bangalore,Seed Funding,0.0,an chrasekaran,ping an global voyager fund,2015,December
4267,4267,2015-12-22,RentOnGo,"Bike, Appliances Renting marketplace",,Bangalore,Seed Funding,0.0,rajesh sawhney,rajesh sawheny,2015,December
4268,4268,2015-12-22,RentOnGo,"Bike, Appliances Renting marketplace",,Bangalore,Seed Funding,0.0,kalpana tatavarti,kalpana tatavarti,2015,December
4269,4269,2015-12-22,RentOnGo,"Bike, Appliances Renting marketplace",,Bangalore,Seed Funding,0.0,shivanan pare,shivanan pare,2015,December
4270,4270,2015-12-22,Industrybuying,Online Marketplace for Industrial Goods,,New Delhi,Seed Funding,0.0,murugappa group,manipal education  medical group memg,2015,December
4271,4271,2015-12-22,Industrybuying,Online Marketplace for Industrial Goods,,New Delhi,Seed Funding,0.0,tvs group,manipal education  medical group memg,2015,December
4272,4272,2015-12-22,Industrybuying,Online Marketplace for Industrial Goods,,New Delhi,Seed Funding,0.0,vellayan subbiah,vellayan subbiah,2015,December
4273,4273,2015-12-22,Industrybuying,Online Marketplace for Industrial Goods,,New Delhi,Seed Funding,0.0,arathi krishna,krishna jhunjhunwaala,2015,December
4274,4274,2015-12-22,Industrybuying,Online Marketplace for Industrial Goods,,New Delhi,Seed Funding,0.0,arun venkatachalam,venk,2015,December
4275,4275,2015-12-22,Zapr,Reward points mobile app,,Gurgaon,Seed Funding,0.0,dinesh agarwal,vipin agarwal  others,2015,December
4276,4276,2015-12-22,LatestOne,Mobile accessories online store,,Hyderabad,Private Equity,28.26,palred technologies ltd,supera pte ltd,2015,December
4277,4277,2015-12-22,PlanetGogo,Content Discovery & reward points platform,,Gurgaon,Seed Funding,0.0,ht digital media holdings ltd,pine labs pte ltd,2015,December
4278,4278,2015-12-22,Arya.ai,Artificial Intelligence platform,,Mumbai,Private Equity,7.065,yournest angel fund,you,2015,December
4279,4279,2015-12-22,Arya.ai,Artificial Intelligence platform,,Mumbai,Private Equity,7.065,venture nursery,venturenursery,2015,December
4280,4280,2015-12-22,Doctor Insta,Medical Consultation & Doctor appointment booking platform,,Gurgaon,Private Equity,4.71,rishi parti,rishi parti,2015,December
4281,4281,2015-12-22,Doctor Insta,Medical Consultation & Doctor appointment booking platform,,Gurgaon,Private Equity,4.71,brahmax ventures,breakthrough energy ventures,2015,December
4282,4282,2015-12-22,MobieFit,Mobile Fitness App,,Goa,Private Equity,9.42,medi assist,mediassist,2015,December
4283,4283,2015-12-23,LafaLafa,"Digital Coupons, Deal & Cashback aggregator app",,Mumbai,Private Equity,0.0,vectr ventures,breakthrough energy ventures,2015,December
4284,4284,2015-12-23,Mech Mocha,Mobile Game development & Design platform,,Bangalore,Seed Funding,9.42,blume ventures,blume ventures  rtp global,2015,December
4285,4285,2015-12-23,Mech Mocha,Mobile Game development & Design platform,,Bangalore,Seed Funding,9.42,flipkart,flipkart logistics pvt ltd,2015,December
4286,4286,2015-12-23,Shotang.com,B2B eCommerce Marketplace,,Bangalore,Private Equity,47.1,exfinity venture partners,exfinity venture,2015,December
4287,4287,2015-12-23,Shotang.com,B2B eCommerce Marketplace,,Bangalore,Private Equity,47.1,unitus impact livelihoods fund,vertex growth fund,2015,December
4288,4288,2015-12-23,CityFurnish,Furniture and appliances rental platform,,Gurgaon,Seed Funding,0.0,jitendra gupta,prashant gupta  others,2015,December
4289,4289,2015-12-24,Black White Orange,B2B Merchandize platform,,Mumbai,Seed Funding,2.85426,collaborative licensing ventures llp,chiratae ventures,2015,December
4290,4290,2015-12-24,Ola,Real Estate focused Tech platform,,Gurgaon,Seed Funding,0.0,umang kumar,subho ray  samir kumar,2015,December
4291,4291,2015-12-24,Ola,Real Estate focused Tech platform,,Gurgaon,Seed Funding,0.0,ruchir arora,rajeev arora  ram ramsundar,2015,December
4292,4292,2015-12-24,Ola,Real Estate focused Tech platform,,Gurgaon,Seed Funding,0.0,others,other,2015,December
4293,4293,2015-12-24,Canvera,Photographer Online search & booking platform,,Bangalore,Private Equity,20.724,info edge india ltd,info edge india ltd  temasek,2015,December
4294,4294,2015-12-28,Town Essentials,Grocery Delivery platform,,Bangalore,Seed Funding,9.42,sharad hegde,sharad hegde,2015,December
4295,4295,2015-12-28,Town Essentials,Grocery Delivery platform,,Bangalore,Seed Funding,9.42,girish reddy,amrendra reddy  manish satnaliwala,2015,December
4296,4296,2015-12-28,Town Essentials,Grocery Delivery platform,,Bangalore,Seed Funding,9.42,siddharth patil,siddharth pai,2015,December
4297,4297,2015-12-28,Town Essentials,Grocery Delivery platform,,Bangalore,Seed Funding,9.42,shrikant patil,il,2015,December
4298,4298,2015-12-28,Bumper,Mobile Car Servicing appointment app,,Bangalore,Seed Funding,4.71,saif partners,saif partners  lgt impact ventures,2015,December
4299,4299,2015-12-29,Hotify,New Curation Mobile App,,Bangalore,Seed Funding,1.413,mahavir pratap sharma,mahavir sharma,2015,December
4300,4300,2015-12-29,MobiKwik,Mobile Wallet,,Gurgaon,Private Equity,62.172,sequoia capital,quona capital,2015,December
4301,4301,2015-12-29,MobiKwik,Mobile Wallet,,Gurgaon,Private Equity,62.172,tree line asia,vertex ventures southeast asia sea  india  sistema asia fund,2015,December
4302,4302,2015-12-29,MobiKwik,Mobile Wallet,,Gurgaon,Private Equity,62.172,innoven capital,innoven capital india,2015,December
4303,4303,2015-12-30,Intelligent Interfaces,Interface development platform for Government officials,,Bangalore,Seed Funding,0.0,yuvraj singh,imanpreet singh arora,2015,December
4304,4304,2015-11-02,Twigly,Online Food Ordering & Delivery platform,,Gurgaon,Seed Funding,1.884,amit gupta,amajit gupta,2015,November
4305,4305,2015-11-02,Twigly,Online Food Ordering & Delivery platform,,Gurgaon,Seed Funding,1.884,sahil barua,il,2015,November
4306,4306,2015-11-02,Twigly,Online Food Ordering & Delivery platform,,Gurgaon,Seed Funding,1.884,mukul singhal,amit singhal  unitus seed fund,2015,November
4307,4307,2015-11-02,Twigly,Online Food Ordering & Delivery platform,,Gurgaon,Seed Funding,1.884,tracxn labs,tracxnlabs,2015,November
4308,4308,2015-11-02,CityFlo,Bus Aggregation and rental mobile app,,Mumbai,Seed Funding,7.065,idg ventures,idg venture,2015,November
4309,4309,2015-11-03,Findyahan,hyperlocal online Services platform,,Noida,Private Equity,0.0,times group br capital,br capital,2015,November
4310,4310,2015-11-03,Sabse,WiFi \xe2\x80\x93 first Cloud communication platform,,Mumbai,Private Equity,0.0,ratan tata,rata tata,2015,November
4311,4311,2015-11-03,Pokkt,Alternate Mobile Monetization platform,,Mumbai,Private Equity,47.1,segnel venture,segnel ventures,2015,November
4312,4312,2015-11-03,Pokkt,Alternate Mobile Monetization platform,,Mumbai,Private Equity,47.1,shinji kimura,shinji kimura,2015,November
4313,4313,2015-11-03,Pokkt,Alternate Mobile Monetization platform,,Mumbai,Private Equity,47.1,sundar chanrai,sundar chanrai,2015,November
4314,4314,2015-11-03,Pokkt,Alternate Mobile Monetization platform,,Mumbai,Private Equity,47.1,jafco asia,co,2015,November
4315,4315,2015-11-03,Pokkt,Alternate Mobile Monetization platform,,Mumbai,Private Equity,47.1,singtels innov8,singtel,2015,November
4316,4316,2015-11-03,Pokkt,Alternate Mobile Monetization platform,,Mumbai,Private Equity,47.1,jungle ventures,lakestar  jungle ventures,2015,November
4317,4317,2015-11-03,Pokkt,Alternate Mobile Monetization platform,,Mumbai,Private Equity,47.1,k ganesh,puneet gupta  pradeep k jaisingh,2015,November
4318,4318,2015-11-03,oibanit,Online Food Ordering Marketplace,,Vadodara,Seed Funding,1.413,varun ahuja,varun ahuja,2015,November
4319,4319,2015-11-03,oibanit,Online Food Ordering Marketplace,,Vadodara,Seed Funding,1.413,anubhav verma,anubhav verma,2015,November
4320,4320,2015-11-03,Stuffed,Quick Service Restaurant & Online Delivery,,Mumbai,Seed Funding,3.6267,riqueza capital,trifecta capital advisors,2015,November
4321,4321,2015-11-03,LoanBaba,Online Loans Marketplace,,Mumbai,Seed Funding,3.0144,undisclosed,undisclosed,2015,November
4322,4322,2015-11-03,Deyor Rooms,Budget Hotels Aggregator,,New Delhi,Seed Funding,4.71,dheeraj jain,dheerag jain,2015,November
4323,4323,2015-11-03,Deyor Rooms,Budget Hotels Aggregator,,New Delhi,Seed Funding,4.71,others,other,2015,November
4324,4324,2015-11-03,Bidgely,Efficient Energy Management platform,,USA/India,Private Equity,156.372,constellation technology ventures exelon corporation,chiratae ventures,2015,November
4325,4325,2015-11-03,Bidgely,Efficient Energy Management platform,,USA/India,Private Equity,156.372,eon,leon seynave,2015,November
4326,4326,2015-11-03,Bidgely,Efficient Energy Management platform,,USA/India,Private Equity,156.372,rwe,norwest venture partners,2015,November
4327,4327,2015-11-03,Bidgely,Efficient Energy Management platform,,USA/India,Private Equity,156.372,khosla ventures,breakthrough energy ventures,2015,November
4328,4328,2015-11-04,Shirsa Labs,Digital Intelligent learning platform,,Mumbai,Seed Funding,2.355,ah ventures,fao ventures,2015,November
4329,4329,2015-11-04,Paytunes,Voice Call incentivization mobile app,,New Delhi,Seed Funding,0.0,cio angel network,cio angel network can,2015,November
4330,4330,2015-11-04,YourDOST,Online Counselling and psychological support platform,,Gwalior,Seed Funding,3.768,phanindra sama,kludein llcnphanindra sama,2015,November
4331,4331,2015-11-04,YourDOST,Online Counselling and psychological support platform,,Gwalior,Seed Funding,3.768,aprameya radhakrishna,aprameya radhakrishnan,2015,November
4332,4332,2015-11-04,YourDOST,Online Counselling and psychological support platform,,Gwalior,Seed Funding,3.768,aneesh reddy,amrendra reddy  manish satnaliwala,2015,November
4333,4333,2015-11-04,YourDOST,Online Counselling and psychological support platform,,Gwalior,Seed Funding,3.768,neeraj jawalkar,neeraj jawalkar,2015,November
4334,4334,2015-11-04,YourDOST,Online Counselling and psychological support platform,,Gwalior,Seed Funding,3.768,sanjay anaram,sanjay anaram,2015,November
4335,4335,2015-11-04,YourDOST,Online Counselling and psychological support platform,,Gwalior,Seed Funding,3.768,pavan ongole,pavan ongole,2015,November
4336,4336,2015-11-04,YourDOST,Online Counselling and psychological support platform,,Gwalior,Seed Funding,3.768,venk krishnan,venk krishna,2015,November
4337,4337,2015-11-05,BookMyBai,Domestic Help Aggregation platform,,Mumbai,Seed Funding,1.413,vineel nalla,vineet nalla,2015,November
4338,4338,2015-11-05,BookMyBai,Domestic Help Aggregation platform,,Mumbai,Seed Funding,1.413,others,other,2015,November
4339,4339,2015-11-05,MyIndianStay,Home Stay & room rentals platform,,Goa,Seed Funding,1.884,undisclosed,undisclosed,2015,November
4340,4340,2015-11-05,Bobble,Selfie Mobile App,,New Delhi,Private Equity,0.0,saif partners,saif partners  lgt impact ventures,2015,November
4341,4341,2015-11-05,Bobble,Selfie Mobile App,,New Delhi,Private Equity,0.0,others,other,2015,November
4342,4342,2015-11-06,RepUp,Online Reputation Management Platform,,Gurgaon,Seed Funding,0.0,indian angel network,india quotient  letsventures angel fund,2015,November
4343,4343,2015-11-06,Satvacart,Online Grocery platform,,Gurgaon,Private Equity,16.956,undisclosed,undisclosed,2015,November
4344,4344,2015-11-06,POPxo.com,Online content platform for women,,New Delhi,Private Equity,18.84,idg ventures india,dg ventures india,2015,November
4345,4345,2015-11-06,POPxo.com,Online content platform for women,,New Delhi,Private Equity,18.84,kalaari capital,romulus capital  kalaari capital,2015,November
4346,4346,2015-11-06,POPxo.com,Online content platform for women,,New Delhi,Private Equity,18.84,500 startups,500 startups,2015,November
4347,4347,2015-11-06,SparesHub,Online Vehicle Spare Parts etailer,,Pune,Seed Funding,4.3332,hyderabad angels,hyderabad angels at startup heroes event,2015,November
4348,4348,2015-11-06,SparesHub,Online Vehicle Spare Parts etailer,,Pune,Seed Funding,4.3332,m,paytm,2015,November
4349,4349,2015-11-06,SparesHub,Online Vehicle Spare Parts etailer,,Pune,Seed Funding,4.3332,s partners,insignia ventures partners,2015,November
4350,4350,2015-11-06,Explara,Event Ticketing platform,,Pune,Private Equity,4.6158,hyderabad angels,hyderabad angels at startup heroes event,2015,November
4351,4351,2015-11-06,Explara,Event Ticketing platform,,Pune,Private Equity,4.6158,singapore angel network,singapore angels network,2015,November
4352,4352,2015-11-06,Explara,Event Ticketing platform,,Pune,Private Equity,4.6158,ness wadia,ness wadia,2015,November
4353,4353,2015-11-06,Soothe Healthcare,affordable Personal Healthcare Products,,Noida,Seed Funding,0.0,saina nehwal,saina nehwal,2015,November
4354,4354,2015-11-06,Yuvi Hospitality,Premium dining Lounges & restaurants,,Gurgaon,Private Equity,141.3,chralekha construction pvt ltd,pine labs pte ltd,2015,November
4355,4355,2015-11-09,AppVirality,Mobile Growth Hacking\\nPlatform,,Hyderabad,Seed Funding,4.71,rajan anan,rajan anan from google,2015,November
4356,4356,2015-11-09,AppVirality,Mobile Growth Hacking\\nPlatform,,Hyderabad,Seed Funding,4.71,mike galgon,mike galgon,2015,November
4357,4357,2015-11-09,AppVirality,Mobile Growth Hacking\\nPlatform,,Hyderabad,Seed Funding,4.71,ravi gururaj,singularity ventures  ravi dhariwal,2015,November
4358,4358,2015-11-09,AppVirality,Mobile Growth Hacking\\nPlatform,,Hyderabad,Seed Funding,4.71,ashim mehra,ashim mehra,2015,November
4359,4359,2015-11-09,AppVirality,Mobile Growth Hacking\\nPlatform,,Hyderabad,Seed Funding,4.71,xc2xa0 mohit saxena,mohit saxena,2015,November
4360,4360,2015-11-09,AppVirality,Mobile Growth Hacking\\nPlatform,,Hyderabad,Seed Funding,4.71,internet group,asia pacific internet group,2015,November
4361,4361,2015-11-09,AppVirality,Mobile Growth Hacking\\nPlatform,,Hyderabad,Seed Funding,4.71,tnn capital  others,others,2015,November
4362,4362,2015-11-09,iStar Skill Development,Skill Training Startup,,Bangalore,Private Equity,14.13,michael,michael patrick hickey,2015,November
4363,4363,2015-11-09,iStar Skill Development,Skill Training Startup,,Bangalore,Private Equity,14.13,susan dell foundation,michael  susan dell foundation,2015,November
4364,4364,2015-11-09,iStar Skill Development,Skill Training Startup,,Bangalore,Private Equity,14.13,unitus seed fund,amit singhal  unitus seed fund,2015,November
4365,4365,2015-11-09,BigStylist.com,Beauty and Wellness Marketplace,,Mumbai,Private Equity,9.42,info edge,infoedge,2015,November
4366,4366,2015-11-09,Zilingo,Marketplace App for Bangkok,,Bangalore/ Bangkok,Private Equity,17.898,sequoia capital,quona capital,2015,November
4367,4367,2015-11-09,Zilingo,Marketplace App for Bangkok,,Bangalore/ Bangkok,Private Equity,17.898,beenext ventures,beenext,2015,November
4368,4368,2015-11-09,Zilingo,Marketplace App for Bangkok,,Bangalore/ Bangkok,Private Equity,17.898,kunal shah,kunal shah  manish patel,2015,November
4369,4369,2015-11-09,Zilingo,Marketplace App for Bangkok,,Bangalore/ Bangkok,Private Equity,17.898,seep ton,xc2xa0 seep ton,2015,November
4370,4370,2015-11-09,Didi,On-demand Maids Service Provider,,Mumbai,Seed Funding,1.413,jozef bardik,jozef bardik,2015,November
4371,4371,2015-11-09,Didi,On-demand Maids Service Provider,,Mumbai,Seed Funding,1.413,leo wang sangeeth ram,leo capital,2015,November
4372,4372,2015-11-09,Skoov.com,eCommerce Product Search Engine,,Mumbai,Seed Funding,1.413,undisclosed,undisclosed,2015,November
4373,4373,2015-11-10,Chefs Basket,Ready to cook packaged Foods,,Mumbai,Private Equity,56.52,saif partners,saif partners  lgt impact ventures,2015,November
4374,4374,2015-11-10,Chefs Basket,Ready to cook packaged Foods,,Mumbai,Private Equity,56.52,haresh chawla,haresh chawla,2015,November
4375,4375,2015-11-11,Gingercrush,Product Customization Platform,,Vadodara,Seed Funding,0.0,tv mohas pais family office,tv mohas pai,2015,November
4376,4376,2015-11-11,Delight Foods,Branded Food products online sales,,Bangalore,Private Equity,5.652,lensbridge capital,idg,2015,November
4377,4377,2015-11-11,Delight Foods,Branded Food products online sales,,Bangalore,Private Equity,5.652,mape advisory group,mape advisory,2015,November
4378,4378,2015-11-11,Delight Foods,Branded Food products online sales,,Bangalore,Private Equity,5.652,fireside ventures,healthquad  fireside ventures,2015,November
4379,4379,2015-11-11,6Degree,Talent platform for Fashion professionals,,Goa/Hyderabad,Seed Funding,0.0,centre for incubation,inc,2015,November
4380,4380,2015-11-11,6Degree,Talent platform for Fashion professionals,,Goa/Hyderabad,Seed Funding,0.0,accel,accel,2015,November
4381,4381,2015-11-11,6Degree,Talent platform for Fashion professionals,,Goa/Hyderabad,Seed Funding,0.0,goa,goa,2015,November
4382,4382,2015-11-11,RenewBuy,Auto Insurance Online platform,,Gurgaon,Seed Funding,4.71,mount nathan advisors pte ltd,mount nathan advisors,2015,November
4383,4383,2015-11-11,Grab,Hyperlocal Logistics Service Provider,,Mumbai,Seed Funding,0.0,sixth sense ventures,sixth sense,2015,November
4384,4384,2015-11-12,Hitwicket,Cricket Management Mobile Game,,Hyderabad,Seed Funding,2.355,chennai angels,the chennai angels,2015,November
4385,4385,2015-11-13,Flashdoor,On Demand Laundry Service platform,,Bangalore,Seed Funding,0.0,sujeet kumar,subho ray  samir kumar,2015,November
4386,4386,2015-11-13,Flashdoor,On Demand Laundry Service platform,,Bangalore,Seed Funding,0.0,ankit nagori,gaurav suri  ankit kesarwani,2015,November
4387,4387,2015-11-13,Flashdoor,On Demand Laundry Service platform,,Bangalore,Seed Funding,0.0,traxcn labs,tracxn labs,2015,November
4388,4388,2015-11-16,Cashkaro.com,Ecommerce Discount & Cashback coupons platform,,Gurgaon,Private Equity,34.854,kalaari capital,romulus capital  kalaari capital,2015,November
4389,4389,2015-11-16,Absentia,Virtual Reality Headset creator,,Bangalore,Seed Funding,1.6956,astarc ventures,abstract ventures,2015,November
4390,4390,2015-11-16,Absentia,Virtual Reality Headset creator,,Bangalore,Seed Funding,1.6956,50k ventures,rainforest ventures,2015,November
4391,4391,2015-11-16,Absentia,Virtual Reality Headset creator,,Bangalore,Seed Funding,1.6956,others,other,2015,November
4392,4392,2015-11-16,Renowala,Home Improvement Service platform,,Hyderabad,Seed Funding,0.0,logtally,logtally,2015,November
4393,4393,2015-11-16,TaskBucks,mobile-only tasks marketplace,,New Delhi,Private Equity,141.3,times internet,times internet ltd,2015,November
4394,4394,2015-11-17,CraftsVilla,Women Ethnic Wear\\xc2\\xa0 Online Marketplace,,Mumbai,Private Equity,320.28,sequoia capital,quona capital,2015,November
4395,4395,2015-11-17,CraftsVilla,Women Ethnic Wear\\xc2\\xa0 Online Marketplace,,Mumbai,Private Equity,320.28,lightspeed venture partners,lightspeed venture partners india,2015,November
4396,4396,2015-11-17,CraftsVilla,Women Ethnic Wear\\xc2\\xa0 Online Marketplace,,Mumbai,Private Equity,320.28,nexus venture partners,norwest venture partners,2015,November
4397,4397,2015-11-17,CraftsVilla,Women Ethnic Wear\\xc2\\xa0 Online Marketplace,,Mumbai,Private Equity,320.28,global founders capital,tiger global,2015,November
4398,4398,2015-11-17,CraftsVilla,Women Ethnic Wear\\xc2\\xa0 Online Marketplace,,Mumbai,Private Equity,320.28,apoletto,apoletto managers,2015,November
4399,4399,2015-11-17,Julia Computing,Numerical Computing & Data Science Platform,,Bangalore,Seed Funding,5.652,gordon  betty moore foundation,lemelson foundation,2015,November
4400,4400,2015-11-17,StyleTag,Designer fashion Jewellery Marketplace,,Bangalore,Seed Funding,70.65,jitu virwani,jitu virwani,2015,November
4401,4401,2015-11-17,Smytten,Online Products Discovery Platform,,Gurgaon,Seed Funding,1.884,rimpal chawla,rimpal chawla,2015,November
4402,4402,2015-11-17,Smytten,Online Products Discovery Platform,,Gurgaon,Seed Funding,1.884,anuj srivastava,anurag srivastava,2015,November
4403,4403,2015-11-17,BiBox,Kids Tool kit for Innovation platform,,Bangalore,Seed Funding,4.9926,ravi krishnamurthy,ravi iyer,2015,November
4404,4404,2015-11-17,Convegenius,Mobile Learning Solutions,,Noida / Singapore,Seed Funding,2.826,enablers platform,funding through 1crowd platform,2015,November
4405,4405,2015-11-18,Ola,Car Aggregator & Retail Mobile App,,Bangalore,Private Equity,4710.0,baillie gifford,il,2015,November
4406,4406,2015-11-18,Ola,Car Aggregator & Retail Mobile App,,Bangalore,Private Equity,4710.0,falcon edge capital,alcon edge capital,2015,November
4407,4407,2015-11-18,Ola,Car Aggregator & Retail Mobile App,,Bangalore,Private Equity,4710.0,tiger global,ping an global voyager fund,2015,November
4408,4408,2015-11-18,Ola,Car Aggregator & Retail Mobile App,,Bangalore,Private Equity,4710.0,softbank,softbank,2015,November
4409,4409,2015-11-18,Ola,Car Aggregator & Retail Mobile App,,Bangalore,Private Equity,4710.0,dst global,dst global  lightspeed venture partners global fund,2015,November
4410,4410,2015-11-18,Ola,Car Aggregator & Retail Mobile App,,Bangalore,Private Equity,4710.0,didi kuaidi,didi kuaidi,2015,November
4411,4411,2015-11-18,Goodbox,conversational commerce mobile app,,Bangalore,Private Equity,23.55,nexus venture partners,norwest venture partners,2015,November
4412,4412,2015-11-18,ScoopWhoop,Viral Content web Platform,,New Delhi,Private Equity,37.68,kalaari capital,romulus capital  kalaari capital,2015,November
4413,4413,2015-11-18,Hipship,Express local delivery platform,,Bangalore,Seed Funding,0.0,inara capital,trifecta capital advisors,2015,November
4414,4414,2015-11-18,Hipship,Express local delivery platform,,Bangalore,Seed Funding,0.0,indian angel network,india quotient  letsventures angel fund,2015,November
4415,4415,2015-11-18,Pickrr,On-Demand Local Logistics provider,,New Delhi,Seed Funding,0.0,palaash ventures,breakthrough energy ventures,2015,November
4416,4416,2015-11-18,Truelancer,Curated Freelancer Marketplace,,New Delhi,Seed Funding,0.0,blackstone valley group,manipal education  medical group memg,2015,November
4417,4417,2015-11-18,Truelancer,Curated Freelancer Marketplace,,New Delhi,Seed Funding,0.0,raghu vohra,raghu vohra,2015,November
4418,4418,2015-11-18,Truelancer,Curated Freelancer Marketplace,,New Delhi,Seed Funding,0.0,aditya dev sood,kapil dev,2015,November
4419,4419,2015-11-18,Truelancer,Curated Freelancer Marketplace,,New Delhi,Seed Funding,0.0,kamal bansal,axilor ventures  binny bansal,2015,November
4420,4420,2015-11-19,AHA Taxis,Online Taxi Rental Platform,,Noida,Seed Funding,0.0,ah ventures,fao ventures,2015,November
4421,4421,2015-11-19,UrbanClap,Mobile Services Marketplace,,Gurgaon,Private Equity,235.5,bessemer venture partner,bessemer venture partners,2015,November
4422,4422,2015-11-19,UrbanClap,Mobile Services Marketplace,,Gurgaon,Private Equity,235.5,accel,accel,2015,November
4423,4423,2015-11-19,UrbanClap,Mobile Services Marketplace,,Gurgaon,Private Equity,235.5,saif partners,saif partners  lgt impact ventures,2015,November
4424,4424,2015-11-19,SenseGiz,Smartwatch Maker,,Belgaum,Seed Funding,4.71,karnataka semiconductor venture capital firm,sequoia capital,2015,November
4425,4425,2015-11-19,PlaceofOrigin,Online Gourmet Food Marketplace,,Bangalore,Seed Funding,0.0,sd shibulal,sd shibulal,2015,November
4426,4426,2015-11-19,PlaceofOrigin,Online Gourmet Food Marketplace,,Bangalore,Seed Funding,0.0,kris gopalakrishnan,kris gopalkrishnan,2015,November
4427,4427,2015-11-19,PlaceofOrigin,Online Gourmet Food Marketplace,,Bangalore,Seed Funding,0.0,srinath batni,srinath batni,2015,November
4428,4428,2015-11-19,PlaceofOrigin,Online Gourmet Food Marketplace,,Bangalore,Seed Funding,0.0,professor tarun khanna,arun khanna,2015,November
4429,4429,2015-11-19,PlaceofOrigin,Online Gourmet Food Marketplace,,Bangalore,Seed Funding,0.0,xc2xa0 ganapathy venugopal,xc2xa0,2015,November
4430,4430,2015-11-19,Fourseven,Online Jewellery etailer,,New Delhi,Seed Funding,4.2861,indian angel network,india quotient  letsventures angel fund,2015,November
4431,4431,2015-11-20,MindTickle,Sales & Productivity Software,,Pune / US,Private Equity,117.75,new enterprise associates,new enterprise associates nea,2015,November
4432,4432,2015-11-20,Shopsense,ecommerce related software product platform,,Mumbai,Seed Funding,0.0,kae capital,vc firms india quotient  kae capital,2015,November
4433,4433,2015-11-20,Shopsense,ecommerce related software product platform,,Mumbai,Seed Funding,0.0,kunal bahl,kunal shah  manish patel,2015,November
4434,4434,2015-11-20,Shopsense,ecommerce related software product platform,,Mumbai,Seed Funding,0.0,rohit bansal,rohit,2015,November
4435,4435,2015-11-20,Medinfi,Health-Tech platform,,Bangalore,Seed Funding,2.8731,ram kumar kakani,prof ram kumar kakani,2015,November
4436,4436,2015-11-20,Medinfi,Health-Tech platform,,Bangalore,Seed Funding,2.8731,pradeep k jaisingh,puneet gupta  pradeep k jaisingh,2015,November
4437,4437,2015-11-20,Medinfi,Health-Tech platform,,Bangalore,Seed Funding,2.8731,sunil t v,il,2015,November
4438,4438,2015-11-20,Medinfi,Health-Tech platform,,Bangalore,Seed Funding,2.8731,vijay ghadge,vijay shekhar sharma,2015,November
4439,4439,2015-11-20,Medinfi,Health-Tech platform,,Bangalore,Seed Funding,2.8731,hemant kaul,hemant kaul,2015,November
4440,4440,2015-11-20,Medinfi,Health-Tech platform,,Bangalore,Seed Funding,2.8731,gurmeet chahal,gurmeet chahal,2015,November
4441,4441,2015-11-20,Medinfi,Health-Tech platform,,Bangalore,Seed Funding,2.8731,others,other,2015,November
4442,4442,2015-11-20,OUWT,Nightlife Discovery Mobile App,,Mumbai,Seed Funding,1.413,undisclosed,undisclosed,2015,November
4443,4443,2015-11-20,HeyPillow,Online Real Estate Marketplace,,Bangalore,Private Equity,28.26,hampton capital,trifecta capital advisors,2015,November
4444,4444,2015-11-21,Healers At Home,"Home Healthcare Services platform,",,New Delhi,Seed Funding,0.0,daljit singh,imanpreet singh arora,2015,November
4445,4445,2015-11-21,Healers At Home,"Home Healthcare Services platform,",,New Delhi,Seed Funding,0.0,dr pramath raj sinha,dr ranjan pai,2015,November
4446,4446,2015-11-21,Healers At Home,"Home Healthcare Services platform,",,New Delhi,Seed Funding,0.0,bvr mohan reddy,amrendra reddy  manish satnaliwala,2015,November
4447,4447,2015-11-21,Caravan Craft,Indian Ethnic Crafts Etailer,,Bangalore,Private Equity,11.304,unitus seed fund,amit singhal  unitus seed fund,2015,November
4448,4448,2015-11-21,Caravan Craft,Indian Ethnic Crafts Etailer,,Bangalore,Private Equity,11.304,bijou kurien,bijou kurien,2015,November
4449,4449,2015-11-21,Caravan Craft,Indian Ethnic Crafts Etailer,,Bangalore,Private Equity,11.304,narayan ramachran,unitus seed fundnnarayan ramachran,2015,November
4450,4450,2015-11-21,Talkoot,Social platform for traders and investors,,Bangalore,Seed Funding,0.942,undisclosed,undisclosed,2015,November
4451,4451,2015-11-23,RentoMojo,"Online Furniture, Home Appliances Rental Platform",,Bangalore,Private Equity,18.84,idg ventures india,dg ventures india,2015,November
4452,4452,2015-11-23,RentoMojo,"Online Furniture, Home Appliances Rental Platform",,Bangalore,Private Equity,18.84,accel,accel,2015,November
4453,4453,2015-11-23,Medikoe,Healthcare Services Discovery platform,,Bangalore,Seed Funding,0.942,anil menon,il,2015,November
4454,4454,2015-11-24,Stylofie,Health and Beauty Services Marketplace,,Gurgaon,Seed Funding,2.355,swastika,swastika investmart ltd,2015,November
4455,4455,2015-11-24,ServX,Automotive Services platform,,New Delhi,Seed Funding,0.0,manish gupta,manisha gupta,2015,November
4456,4456,2015-11-24,Naaptol,Online and TV Shopping Marketplace,,Mumbai,Private Equity,489.84,mitsui,m,2015,November
4457,4457,2015-11-24,Naaptol,Online and TV Shopping Marketplace,,Mumbai,Private Equity,489.84,co,falcon edge,2015,November
4458,4458,2015-11-24,Naaptol,Online and TV Shopping Marketplace,,Mumbai,Private Equity,489.84,new enterprise associates,new enterprise associates nea,2015,November
4459,4459,2015-11-24,Naaptol,Online and TV Shopping Marketplace,,Mumbai,Private Equity,489.84,canaan partners,axan partners,2015,November
4460,4460,2015-11-24,Naaptol,Online and TV Shopping Marketplace,,Mumbai,Private Equity,489.84,silicon valley bank,alphabets growth investment arm capital g  axis bank,2015,November
4461,4461,2015-11-24,Crayon Data,Big Data Analytics Platform,,Chennai/ Singapore,Private Equity,0.0,ratan tata,rata tata,2015,November
4462,4462,2015-11-25,EarlySalary.com,Mobile App based Loan disbursement platform,,Mumbai,Seed Funding,14.13,ashok agarwal,vipin agarwal  others,2015,November
4463,4463,2015-11-25,Tooler,On Demand Laundry Services App,,New Delhi,Seed Funding,1.0362,raghu khanna,rahul khanna,2015,November
4464,4464,2015-11-25,Tooler,On Demand Laundry Services App,,New Delhi,Seed Funding,1.0362,sameer gupta,prashant gupta  others,2015,November
4465,4465,2015-11-25,S Chand,Education Content Provider,,New Delhi,Private Equity,254.34,ifc everstone group,ifc,2015,November
4466,4466,2015-11-26,Stelae,Content Management Software Solutions,,Chennai,Private Equity,0.0,earlsfield capital,lok capital,2015,November
4467,4467,2015-11-26,GoQii,Fitness Tracking Management Solutions,,Mumbai,Private Equity,126.228,new enterprise associates,new enterprise associates nea,2015,November
4468,4468,2015-11-26,GoQii,Fitness Tracking Management Solutions,,Mumbai,Private Equity,126.228,cheetah mobile,il,2015,November
4469,4469,2015-11-26,Grofers,Hyper-local Grocery Delivery platform,,Gurgaon,Private Equity,1130.4,softbank,softbank,2015,November
4470,4470,2015-11-26,Grofers,Hyper-local Grocery Delivery platform,,Gurgaon,Private Equity,1130.4,tiger global,ping an global voyager fund,2015,November
4471,4471,2015-11-26,Grofers,Hyper-local Grocery Delivery platform,,Gurgaon,Private Equity,1130.4,sequoia capital,quona capital,2015,November
4472,4472,2015-11-26,Grofers,Hyper-local Grocery Delivery platform,,Gurgaon,Private Equity,1130.4,apoletto managers,apoletto,2015,November
4473,4473,2015-11-26,Pluss,Hyperlocal healthcare product Delivery Service provider,,Gurgaon,Private Equity,9.42,idg ventures,idg venture,2015,November
4474,4474,2015-11-26,Pluss,Hyperlocal healthcare product Delivery Service provider,,Gurgaon,Private Equity,9.42,m,paytm,2015,November
4475,4475,2015-11-26,Pluss,Hyperlocal healthcare product Delivery Service provider,,Gurgaon,Private Equity,9.42,s partners,insignia ventures partners,2015,November
4476,4476,2015-11-26,Pluss,Hyperlocal healthcare product Delivery Service provider,,Gurgaon,Private Equity,9.42,powerhouse ventures usa,powerhouse ventures,2015,November
4477,4477,2015-11-26,KountMoney,Online Lending Marketplace,,Bangalore,Seed Funding,0.0,tracxn,tracxn labs,2015,November
4478,4478,2015-11-26,KountMoney,Online Lending Marketplace,,Bangalore,Seed Funding,0.0,ashish goenka,sunil goyal ashish gupta,2015,November
4479,4479,2015-11-26,KountMoney,Online Lending Marketplace,,Bangalore,Seed Funding,0.0,others,other,2015,November
4480,4480,2015-11-27,StayGlad,On Demand Beauty Services Platform,,Bangalore,Private Equity,0.0,bessemer venture partners,bessemer venture partner,2015,November
4481,4481,2015-11-27,StayGlad,On Demand Beauty Services Platform,,Bangalore,Private Equity,0.0,anil chopra,il,2015,November
4482,4482,2015-11-27,JustRide,Self Driven Rental Car Platform,,Mumbai,Private Equity,18.84,undisclosed,undisclosed,2015,November
4483,4483,2015-11-27,Fastudent,Education Content etailer,,Noida,Seed Funding,0.0,ashish gupta,sunil goyal ashish gupta,2015,November
4484,4484,2015-11-27,LearnOn,Clud based Learning platform,,Chennai,Seed Funding,0.0,jmr infotech india pvt ltd,india quotient,2015,November
4485,4485,2015-11-27,Talentrack,Talent Exchange & Talent Services Marketplace,,New Delhi,Seed Funding,0.0,unigrowth inc,inc,2015,November
4486,4486,2015-11-28,M-TAXI,Two-Wheeler Taxi Service,,Gurgaon,Seed Funding,0.0,meep singh,seep singh,2015,November
4487,4487,2015-11-28,M-TAXI,Two-Wheeler Taxi Service,,Gurgaon,Seed Funding,0.0,jairaj singh,niraj singh,2015,November
4488,4488,2015-11-30,Baxi,Two-Wheeler Taxi Service,,Gurgaon,Seed Funding,13.659,manish kheterpal,anish k,2015,November
4489,4489,2015-11-30,Baxi,Two-Wheeler Taxi Service,,Gurgaon,Seed Funding,13.659,alok mittal,alok mittal  sachin bhatia,2015,November
4490,4490,2015-11-30,Baxi,Two-Wheeler Taxi Service,,Gurgaon,Seed Funding,13.659,xc2xa0 puneet dalmia,puneet dalmia,2015,November
4491,4491,2015-11-30,Superhero Brands,character merchandize sales platform,,Mumbai,Seed Funding,5.0868,dsg consumer partners,saama capital  dsg consumer partners,2015,November
4492,4492,2015-11-30,MoMagic,Mobile Application Developer,,New Delhi,Private Equity,0.0,fih mobile ltd,il,2015,November
4493,4493,2015-11-30,QikPod,Ecommerce Delivery locker services,,Bangalore,Private Equity,84.78,flipkart,flipkart logistics pvt ltd,2015,November
4494,4494,2015-11-30,QikPod,Ecommerce Delivery locker services,,Bangalore,Private Equity,84.78,accel,accel,2015,November
4495,4495,2015-11-30,QikPod,Ecommerce Delivery locker services,,Bangalore,Private Equity,84.78,delhivery,delhivery,2015,November
4496,4496,2015-11-30,QikPod,Ecommerce Delivery locker services,,Bangalore,Private Equity,84.78,foxconn,co,2015,November
4497,4497,2015-11-30,Butterfly Interactive,extra curricular activities marketplace app,,New Delhi,Seed Funding,0.0,undisclosed,undisclosed,2015,November
4498,4498,2015-11-30,Bro4U,Hyperlocal Online Home services provider,,Bangalore,Seed Funding,0.0,sargod ventures,breakthrough energy ventures,2015,November
4499,4499,2015-10-01,Indifi,Easy Business Loans platform,,Gurgaon,Seed Funding,0.0,accel,accel,2015,October
4500,4500,2015-10-01,Indifi,Easy Business Loans platform,,Gurgaon,Seed Funding,0.0,elevar equity,susquehanna growth equity,2015,October
4501,4501,2015-10-01,Indifi,Easy Business Loans platform,,Gurgaon,Seed Funding,0.0,pramod bhasin,pramod bhasin,2015,October
4502,4502,2015-10-01,Indifi,Easy Business Loans platform,,Gurgaon,Seed Funding,0.0,rajan anan,rajan anan from google,2015,October
4503,4503,2015-10-01,Indifi,Easy Business Loans platform,,Gurgaon,Seed Funding,0.0,gaurav dalmia,gaurav suri  ankit kesarwani,2015,October
4504,4504,2015-10-01,Indifi,Easy Business Loans platform,,Gurgaon,Seed Funding,0.0,abhishek goyal,abhishekh goyal,2015,October
4505,4505,2015-10-01,Indifi,Easy Business Loans platform,,Gurgaon,Seed Funding,0.0,gagan hasteer,gagan hasteer,2015,October
4506,4506,2015-10-01,Indifi,Easy Business Loans platform,,Gurgaon,Seed Funding,0.0,arun tadanki,arun venkatachalam,2015,October
4507,4507,2015-10-01,Wydr,Performance based Wholesale Marketplace,,New Delhi,Seed Funding,0.0,seep aggarwal,seep ton,2015,October
4508,4508,2015-10-01,EasyFix,Professional Services Marketplace,,Gurgaon,Seed Funding,0.0,axilor ventures,axilor,2015,October
4509,4509,2015-10-01,Muvizz,Movie-on-demand platform,,Singapore,Seed Funding,3.297,ashish todi,sunil goyal ashish gupta,2015,October
4510,4510,2015-10-01,Muvizz,Movie-on-demand platform,,Singapore,Seed Funding,3.297,abhinav patodia,abhinav patodia,2015,October
4511,4511,2015-10-01,Muvizz,Movie-on-demand platform,,Singapore,Seed Funding,3.297,kumar shwetabh,subho ray  samir kumar,2015,October
4512,4512,2015-10-01,Abhibus,us ticketing and fleet management platform,,Hyderabad,Private Equity,0.0,paytm one97 communications,one97 communications,2015,October
4513,4513,2015-10-01,Cleartax,Online Income Tax Filing platform,,New Delhi,Private Equity,0.0,paytm one97 communications,one97 communications,2015,October
4514,4514,2015-10-02,Shopalyst,Product discovery & recommendation platform,,Bangalore,Private Equity,18.84,kalaari capital,romulus capital  kalaari capital,2015,October
4515,4515,2015-10-03,Chillr,Mobile Payments App,,Mumbai,Private Equity,56.52,sequoia capital,quona capital,2015,October
4516,4516,2015-10-05,Nykaa,Beauty & Wellness Products e-tailer,,Mumbai,Private Equity,89.49,harsh mariwala,paula ravindra mariwala,2015,October
4517,4517,2015-10-05,Nykaa,Beauty & Wellness Products e-tailer,,Mumbai,Private Equity,89.49,atul nishar,atul gupta  saurabh rastogi,2015,October
4518,4518,2015-10-05,Nykaa,Beauty & Wellness Products e-tailer,,Mumbai,Private Equity,89.49,dalip pathak,dalip pathak  others,2015,October
4519,4519,2015-10-05,Nykaa,Beauty & Wellness Products e-tailer,,Mumbai,Private Equity,89.49,michael carlos,michael,2015,October
4520,4520,2015-10-05,Voylla,Fashion jewelry and accessories e-tailer,,Jaipur,Private Equity,141.3,peepul capital,trifecta capital advisors,2015,October
4521,4521,2015-10-05,IndiaLends,Online Consumer Lending platform,,New Delhi,Private Equity,9.42,dsg consumer partners,saama capital  dsg consumer partners,2015,October
4522,4522,2015-10-05,IndiaLends,Online Consumer Lending platform,,New Delhi,Private Equity,9.42,paragon partners,stellaris venture partners,2015,October
4523,4523,2015-10-05,Rock N Shop,Premium Apparel shopping portal,,New Delhi,Seed Funding,1.413,undisclosed,undisclosed,2015,October
4524,4524,2015-10-06,DocPlexus,Exclusive Platform for Doctors & Healthcare professionals,,Pune,Seed Funding,6.594,uniqorn ventures,uniqorn ventures fund,2015,October
4525,4525,2015-10-06,DocPlexus,Exclusive Platform for Doctors & Healthcare professionals,,Pune,Seed Funding,6.594,asp consulting,co,2015,October
4526,4526,2015-10-06,WorkIndia,Job Board,,Mumbai,Seed Funding,4.71,satyen kothari,satyen kothari,2015,October
4527,4527,2015-10-06,WorkIndia,Job Board,,Mumbai,Seed Funding,4.71,keshav sanghi,keshav sanghi,2015,October
4528,4528,2015-10-06,WorkIndia,Job Board,,Mumbai,Seed Funding,4.71,riddhesh ghi,riddhesh ghi,2015,October
4529,4529,2015-10-06,WorkIndia,Job Board,,Mumbai,Seed Funding,4.71,others,other,2015,October
4530,4530,2015-10-06,SportzVillage,Sports Management & Physical Education Business,,Bangalore,Private Equity,94.2,gaja capital private equity fund,gaja capital,2015,October
4531,4531,2015-10-06,SportyBeans,multi-sport program for preschoolers,,Pune,Seed Funding,0.0,youwecan ventures,yourwecan ventures,2015,October
4532,4532,2015-10-06,Burger Singh,QSR & Online delivery portal,,Gurgaon,Seed Funding,4.71,ashvin chadha,ashvin chadha,2015,October
4533,4533,2015-10-06,Burger Singh,QSR & Online delivery portal,,Gurgaon,Seed Funding,4.71,avtar monga,avtar monga,2015,October
4534,4534,2015-10-06,Burger Singh,QSR & Online delivery portal,,Gurgaon,Seed Funding,4.71,udaan angels,lead angels network,2015,October
4535,4535,2015-10-06,Burger Singh,QSR & Online delivery portal,,Gurgaon,Seed Funding,4.71,dheeraj jain,dheerag jain,2015,October
4536,4536,2015-10-06,Welcome Cure,Online Homeopathy Clinic,,Mumbai,Private Equity,56.52,unnamed media house  hnis,hnis,2015,October
4537,4537,2015-10-07,SchoolGuru,E-Learning Service Provider,,Mumbai,Private Equity,28.26,high networth individuals from india,india quotient,2015,October
4538,4538,2015-10-07,SchoolGuru,E-Learning Service Provider,,Mumbai,Private Equity,28.26,usa,indusage partners,2015,October
4539,4539,2015-10-07,Naturally Yours,Organic Food etailer,,Mumbai,Seed Funding,0.0,sanjay mehta,seep mehta family office,2015,October
4540,4540,2015-10-07,GoJavas,Delivery & Logistics Service provider,,Gurgaon,Private Equity,188.4,snapdeal,snapdeal,2015,October
4541,4541,2015-10-07,Scandid,Product Discovery & comparison App,,Pune,Private Equity,0.0,micromax informatics,micromax informatics ltd,2015,October
4542,4542,2015-10-07,StalkBuyLove,Online Apparels Fashion brand,,New Delhi,Private Equity,0.0,mato peric,mato peric,2015,October
4543,4543,2015-10-07,StalkBuyLove,Online Apparels Fashion brand,,New Delhi,Private Equity,0.0,peter kabel,peter kabel,2015,October
4544,4544,2015-10-07,StalkBuyLove,Online Apparels Fashion brand,,New Delhi,Private Equity,0.0,others,other,2015,October
4545,4545,2015-10-08,ZuperMeal,Home Cooked Food marketplace & Delivery,,Mumbai,Private Equity,18.84,sanjeev kapoor,sunjay kapoor  telama investment,2015,October
4546,4546,2015-10-08,ZuperMeal,Home Cooked Food marketplace & Delivery,,Mumbai,Private Equity,18.84,xc2xa0 ravi saxena,ravi saxena,2015,October
4547,4547,2015-10-08,ZuperMeal,Home Cooked Food marketplace & Delivery,,Mumbai,Private Equity,18.84,others,other,2015,October
4548,4548,2015-10-08,Cube26,Gesture based Mobile Development,,New Delhi,Private Equity,72.534,tiger global,ping an global voyager fund,2015,October
4549,4549,2015-10-08,Cube26,Gesture based Mobile Development,,New Delhi,Private Equity,72.534,flipkart,flipkart logistics pvt ltd,2015,October
4550,4550,2015-10-08,Mobikon,Hotel Mobile CRM Software platform,,Pune / Singapore,Private Equity,0.0,lifesreda,lifesreda,2015,October
4551,4551,2015-10-08,Mobikon,Hotel Mobile CRM Software platform,,Pune / Singapore,Private Equity,0.0,qualgro,qualgro,2015,October
4552,4552,2015-10-08,Grabhouse,Rental Accommodation Search platform,,Bangalore,Private Equity,94.2,sequoia  kalaari capital,kalaari capital,2015,October
4553,4553,2015-10-08,Quifers,Logistics Tech Platform,,Mumbai,Seed Funding,2.9202,vikas agarwal,vipin agarwal  others,2015,October
4554,4554,2015-10-08,Quifers,Logistics Tech Platform,,Mumbai,Seed Funding,2.9202,vishal khare,vivek khare  bijoy george,2015,October
4555,4555,2015-10-08,Quifers,Logistics Tech Platform,,Mumbai,Seed Funding,2.9202,sanjeev kakkar,sanjeev kakkar,2015,October
4556,4556,2015-10-08,Quifers,Logistics Tech Platform,,Mumbai,Seed Funding,2.9202,smile group,il,2015,October
4557,4557,2015-10-09,Stockroom.io,Developer Portfolio Showcase platform,,Hyderabad,Seed Funding,0.6594,undisclosed,undisclosed,2015,October
4558,4558,2015-10-09,Curofy,Doctors Network Mobile App,,New Delhi,Private Equity,0.0,roundglass partners,roundglass partners llc,2015,October
4559,4559,2015-10-09,Cloud Lending,End-to-End Lending platform,,Bangalore / San Mateo,Private Equity,75.36,sf capital group,b capital group,2015,October
4560,4560,2015-10-09,Inayo,on-demand healthcare marketplace,,Mumbai,Seed Funding,2.826,kemark ventures,kima ventures,2015,October
4561,4561,2015-10-09,Inayo,on-demand healthcare marketplace,,Mumbai,Seed Funding,2.826,amit ranjan,xc2xa0 amit ranjan,2015,October
4562,4562,2015-10-09,Inayo,on-demand healthcare marketplace,,Mumbai,Seed Funding,2.826,zishaan hayath  others,others,2015,October
4563,4563,2015-10-09,WoNoBo,360-degree view creating platform,,Bangalore,Private Equity,0.0,quikr,quikr,2015,October
4564,4564,2015-10-09,Kulzy,Advertising & Marketing Community Networking platform,,New Delhi,Seed Funding,9.42,seedfund,seedfund,2015,October
4565,4565,2015-10-09,Kulzy,Advertising & Marketing Community Networking platform,,New Delhi,Seed Funding,9.42,bedrock ventures,breakthrough energy ventures,2015,October
4566,4566,2015-10-09,Zeppery,Food Ordering & Delivery App,,New Delhi,Seed Funding,0.72534,suyash sharma,vijay shekhar sharma,2015,October
4567,4567,2015-10-12,Zify,Ride Sharing platform,,Hyderabad,Seed Funding,1.7898,sean osullivan,sean osullivan,2015,October
4568,4568,2015-10-12,Zify,Ride Sharing platform,,Hyderabad,Seed Funding,1.7898,others,other,2015,October
4569,4569,2015-10-12,Faircent,Online P2P lending marketplace,,Gurgaon,Private Equity,0.0,aarin capital partners,kalaari capital partners,2015,October
4570,4570,2015-10-12,Bizongo,B2B marketplace for industrial goods,,Mumbai,Seed Funding,0.0,accel,accel,2015,October
4571,4571,2015-10-12,Gridle,Cloud Based Collaboration platform,,Ahmedabad,Seed Funding,0.942,letsventure,lets venture,2015,October
4572,4572,2015-10-12,Tripoto,global community for travellers,,New Delhi,Private Equity,0.0,500 startups,500 startups,2015,October
4573,4573,2015-10-12,Tripoto,global community for travellers,,New Delhi,Private Equity,0.0,idg ventures,idg venture,2015,October
4574,4574,2015-10-12,Tripoto,global community for travellers,,New Delhi,Private Equity,0.0,advantedge fund,advantedge,2015,October
4575,4575,2015-10-12,Tripoto,global community for travellers,,New Delhi,Private Equity,0.0,neeraj arora,rajeev arora  ram ramsundar,2015,October
4576,4576,2015-10-12,Tripoto,global community for travellers,,New Delhi,Private Equity,0.0,leon seynave,eon,2015,October
4577,4577,2015-10-12,Mubble,Prepaid Bill manager App,,Bangalore,Private Equity,0.0,accel,accel,2015,October
4578,4578,2015-10-13,Voodoo,Mobile Only Shopping Assistant,,New Delhi,Seed Funding,9.42,saif partners,saif partners  lgt impact ventures,2015,October
4579,4579,2015-10-13,Lookup,Mobile Messaging Assistant App,,Bangalore,Private Equity,23.55,khosla impact,saif partners  lgt impact ventures,2015,October
4580,4580,2015-10-13,Lookup,Mobile Messaging Assistant App,,Bangalore,Private Equity,23.55,biz stone,biz stone,2015,October
4581,4581,2015-10-13,Lookup,Mobile Messaging Assistant App,,Bangalore,Private Equity,23.55,catamaran ventures,cataraman ventures,2015,October
4582,4582,2015-10-13,Lookup,Mobile Messaging Assistant App,,Bangalore,Private Equity,23.55,global founders capital,tiger global,2015,October
4583,4583,2015-10-13,Lookup,Mobile Messaging Assistant App,,Bangalore,Private Equity,23.55,european investment fund,india quotient  letsventures angel fund,2015,October
4584,4584,2015-10-14,AskMyGift,Personalized Wish List creator app,,Noida,Seed Funding,0.471,turning ideas,turning ideas,2015,October
4585,4585,2015-10-14,Gaana.com,Music Streaming mobile app,,Mumbai,Private Equity,0.0,micromax informatics ltd,micromax informatics,2015,October
4586,4586,2015-10-14,Zappfresh,Raw Meat & Ready to eat food etailer,,Gurgaon,Seed Funding,0.72534,undisclosed,undisclosed,2015,October
4587,4587,2015-10-14,GymTrekker,Gym Discovery platform,,Mumbai,Seed Funding,0.0,dewang neralla,dewang neralla,2015,October
4588,4588,2015-10-14,GymTrekker,Gym Discovery platform,,Mumbai,Seed Funding,0.0,roopak taneja,roopak taneja,2015,October
4589,4589,2015-10-14,GymTrekker,Gym Discovery platform,,Mumbai,Seed Funding,0.0,manisha gupta,manish gupta,2015,October
4590,4590,2015-10-15,Bounty App,Online Purchase rewards app,,Bangalore,Seed Funding,0.0,fireside ventures,healthquad  fireside ventures,2015,October
4591,4591,2015-10-15,Bounty App,Online Purchase rewards app,,Bangalore,Seed Funding,0.0,mumbai angels mape advisory group,mumbai angels,2015,October
4592,4592,2015-10-16,Homers.in,Home rental platform,,Gurgaon,Seed Funding,0.0,devesh rai g,alphabets growth investment arm capital g  axis bank,2015,October
4593,4593,2015-10-16,Homers.in,Home rental platform,,Gurgaon,Seed Funding,0.0,rajesh aggarwal,rajesh yohanan  rahul garg,2015,October
4594,4594,2015-10-16,Homers.in,Home rental platform,,Gurgaon,Seed Funding,0.0,amitpal bhutani,amitpal bhutani,2015,October
4595,4595,2015-10-16,mShipper,Crowdsourced Delivery platform,,New Delhi,Seed Funding,0.0,vijai laxmi,vijai laxmi,2015,October
4596,4596,2015-10-16,BolRealty,Real Estate Insights platform,,New Delhi,Seed Funding,0.0,manpreet singh,imanpreet singh arora,2015,October
4597,4597,2015-10-17,S-Cube Futuretech,Structural & Civil Engg Service Automation,,Mumbai,Private Equity,9.42,parampara capital,idfcparampara capital,2015,October
4598,4598,2015-10-19,LetsVenture,Startup Funding Marketplace,,Bangalore,Private Equity,0.0,accel,accel,2015,October
4599,4599,2015-10-19,LetsVenture,Startup Funding Marketplace,,Bangalore,Private Equity,0.0,anupam mittal,ajay relan  vinay mittal,2015,October
4600,4600,2015-10-19,LetsVenture,Startup Funding Marketplace,,Bangalore,Private Equity,0.0,other marquee investors,other,2015,October
4601,4601,2015-10-19,Citrus Payment,Payments Solution platform,,Mumbai,Private Equity,235.5,sequoia capital,quona capital,2015,October
4602,4602,2015-10-19,Citrus Payment,Payments Solution platform,,Mumbai,Private Equity,235.5,ascent capital,trifecta capital advisors,2015,October
4603,4603,2015-10-19,Citrus Payment,Payments Solution platform,,Mumbai,Private Equity,235.5,econtext asia,co,2015,October
4604,4604,2015-10-19,Citrus Payment,Payments Solution platform,,Mumbai,Private Equity,235.5,beenos asia,beenos,2015,October
4605,4605,2015-10-19,Holidify,Travel Destination Discovery platform,,New Delhi,Seed Funding,0.942,aarti group,manipal education  medical group memg,2015,October
4606,4606,2015-10-20,PrimaSeller,Order Fulfillment SAAS platform,,Bangalore,Seed Funding,0.0,dr aniruddha malpani manish gupta,dr aniruddha malpani,2015,October
4607,4607,2015-10-20,PrimaSeller,Order Fulfillment SAAS platform,,Bangalore,Seed Funding,0.0,m,paytm,2015,October
4608,4608,2015-10-20,PrimaSeller,Order Fulfillment SAAS platform,,Bangalore,Seed Funding,0.0,s partners,insignia ventures partners,2015,October
4609,4609,2015-10-20,PrimaSeller,Order Fulfillment SAAS platform,,Bangalore,Seed Funding,0.0,others,other,2015,October
4610,4610,2015-10-20,Opinio,Last Mile Delivery Service,,Bangalore,Private Equity,65.94,delhivery,delhivery,2015,October
4611,4611,2015-10-20,Opinio,Last Mile Delivery Service,,Bangalore,Private Equity,65.94,accel,accel,2015,October
4612,4612,2015-10-20,Attune Technologies,Healthcare IT Solutions & services,,Chennai,Private Equity,94.2,qualcomm venture,qualcomm ventures,2015,October
4613,4613,2015-10-20,Attune Technologies,Healthcare IT Solutions & services,,Chennai,Private Equity,94.2,norwest venture partners,rwe,2015,October
4614,4614,2015-10-20,iChef.in,Gourmet Meals Delivery,,Mumbai,Private Equity,0.0,springboard ventures,sd ventures,2015,October
4615,4615,2015-10-21,Jiyo Natural,Healthy Meals Food delivery platform,,Bangalore,Seed Funding,0.0,indian angel network,india quotient  letsventures angel fund,2015,October
4616,4616,2015-10-21,AgentDesks,Real Estate Mobile CRM,,New York/ India,Seed Funding,27.789,sierra ventures,spiral ventures,2015,October
4617,4617,2015-10-21,AgentDesks,Real Estate Mobile CRM,,New York/ India,Seed Funding,27.789,cota capital,co,2015,October
4618,4618,2015-10-21,AgentDesks,Real Estate Mobile CRM,,New York/ India,Seed Funding,27.789,vegas tech fund,ping an global voyager fund,2015,October
4619,4619,2015-10-21,White Owl Brewery,Micro-Brewery,,Mumbai,Private Equity,14.4126,arihant patni,arihant patni of patni family office,2015,October
4620,4620,2015-10-21,White Owl Brewery,Micro-Brewery,,Mumbai,Private Equity,14.4126,raay global investments,tiger global,2015,October
4621,4621,2015-10-21,MealHopper,Home Made Food Marketplace,,Gurgaon,Seed Funding,0.942,alok bajpai,aloke bajpai,2015,October
4622,4622,2015-10-21,MealHopper,Home Made Food Marketplace,,Gurgaon,Seed Funding,0.942,rajnish kumar,subho ray  samir kumar,2015,October
4623,4623,2015-10-21,MealHopper,Home Made Food Marketplace,,Gurgaon,Seed Funding,0.942,amit dey,m,2015,October
4624,4624,2015-10-21,Zenify.in,residential rental management platform,,Bangalore,Seed Funding,6.0288,atul jalan,atul gupta  saurabh rastogi,2015,October
4625,4625,2015-10-21,Zenify.in,residential rental management platform,,Bangalore,Seed Funding,6.0288,shrikanth,shrikanth,2015,October
4626,4626,2015-10-21,Zenify.in,residential rental management platform,,Bangalore,Seed Funding,6.0288,bharath,bharath,2015,October
4627,4627,2015-10-21,Stockal,Personalized Stock Intelligence Platform,,Bangalore,Seed Funding,0.0,r natarajan,krishnakumar natarajan,2015,October
4628,4628,2015-10-21,Stockal,Personalized Stock Intelligence Platform,,Bangalore,Seed Funding,0.0,mohan alexer,mohan alexer,2015,October
4629,4629,2015-10-23,Medd,Personal Diagnostic Mobile App,,Mumbai,Seed Funding,1.413,group of angel investors,group of investors,2015,October
4630,4630,2015-10-23,Leaping Caravan,Online food ordering & Delivery service,,Gurgaon,Seed Funding,1.413,group of angel investors,group of investors,2015,October
4631,4631,2015-10-23,Frsh,Online food ordering & Delivery service,,Gurgaon,Private Equity,9.42,mumbai angels,mumbai angel,2015,October
4632,4632,2015-10-23,Frsh,Online food ordering & Delivery service,,Gurgaon,Private Equity,9.42,mayank bhangdia,mayank bhangdia,2015,October
4633,4633,2015-10-23,Frsh,Online food ordering & Delivery service,,Gurgaon,Private Equity,9.42,kae capital,vc firms india quotient  kae capital,2015,October
4634,4634,2015-10-23,Qik Stay,Hotel Aggregator & booking platform,,New Delhi,Seed Funding,2.355,id enablers pvt ltd,bennett coleman  company ltd bccl,2015,October
4635,4635,2015-10-26,Parcelled,Online Logistics Platform,,Bangalore,Private Equity,47.1,delhivery,delhivery,2015,October
4636,4636,2015-10-26,AlmaMapper,Online Student & Campus Social Networking platform,,Ahmedabad,Seed Funding,3.768,oswal techno ventures llp,axilor ventures,2015,October
4637,4637,2015-10-26,Flexing It,Professionals & Project Search Marketplace,,New Delhi,Seed Funding,4.71,undisclosed,undisclosed,2015,October
4638,4638,2015-10-26,Netmeds.com,Online Pharmacy,,Chennai,Private Equity,471.0,orbimed,m,2015,October
4639,4639,2015-10-26,Netmeds.com,Online Pharmacy,,Chennai,Private Equity,471.0,pradip dadha group,manipal education  medical group memg,2015,October
4640,4640,2015-10-26,Razorpay,Online Payment Gateway,,Jaipur,Private Equity,84.78,tiger global,ping an global voyager fund,2015,October
4641,4641,2015-10-26,Razorpay,Online Payment Gateway,,Jaipur,Private Equity,84.78,matrix partner,bessemer venture partner,2015,October
4642,4642,2015-10-27,Jombay,Psychometric Test Online Software,,Pune,Private Equity,0.0,ventureworks india,sc gg india mobility holdings llc,2015,October
4643,4643,2015-10-27,Happitoo,Location based Nightlife recommendation\\xc2\\xa0 Platform,,Mumbai,Seed Funding,0.72534,unnamed investor,credika  unnamed angel investors,2015,October
4644,4644,2015-10-27,Care24,Professional Health Services Platform,,Mumbai,Seed Funding,3.297,india quotient,india quotient  letsventures angel fund,2015,October
4645,4645,2015-10-27,Roadrunnr,Hyperlocal Logistics Service,,Bangalore,Private Equity,94.2,sequoia capital,quona capital,2015,October
4646,4646,2015-10-27,Roadrunnr,Hyperlocal Logistics Service,,Bangalore,Private Equity,94.2,nexus venture partners,norwest venture partners,2015,October
4647,4647,2015-10-27,Simpli5d,Online user engagement platform,,Gurgaon,Private Equity,0.0,redcliffe capital,lok capital,2015,October
4648,4648,2015-10-27,Simpli5d,Online user engagement platform,,Gurgaon,Private Equity,0.0,yournest angel fund,you,2015,October
4649,4649,2015-10-28,ORIGA Leasing,Asset Financing platform,,Mumbai,Seed Funding,10.362,ah ventures,fao ventures,2015,October
4650,4650,2015-10-28,ORIGA Leasing,Asset Financing platform,,Mumbai,Seed Funding,10.362,500 startups,500 startups,2015,October
4651,4651,2015-10-28,ORIGA Leasing,Asset Financing platform,,Mumbai,Seed Funding,10.362,other hnis,other,2015,October
4652,4652,2015-10-28,Smartivity.in,Virtual Reality activity based learning platform,,New Delhi,Seed Funding,1.884,s ch  co pvt ltd,co,2015,October
4653,4653,2015-10-28,UrDoorStep,Online Grocery Store,,Bangalore,Private Equity,0.0,jupiter capital,trifecta capital advisors,2015,October
4654,4654,2015-10-29,Tavaga,Investment management platform,,Mumbai,Seed Funding,0.0,tracxn syndicate,tracxn,2015,October
4655,4655,2015-10-29,Moglix,Industrial Toons Marketplace,,Noida,Private Equity,0.0,accel,accel,2015,October
4656,4656,2015-10-29,Moglix,Industrial Toons Marketplace,,Noida,Private Equity,0.0,jungle ventures,lakestar  jungle ventures,2015,October
4657,4657,2015-10-29,ZopHop,Public Commute helper App,,Mumbai,Seed Funding,4.239,amit singhal,amit singal,2015,October
4658,4658,2015-10-29,ZopHop,Public Commute helper App,,Mumbai,Seed Funding,4.239,pk gulati,maninder gulati,2015,October
4659,4659,2015-10-29,ZopHop,Public Commute helper App,,Mumbai,Seed Funding,4.239,others,other,2015,October
4660,4660,2015-10-30,Niki.ai,Artificial Intelligence Ecommerce Chatbot,,Bangalore,Seed Funding,0.0,unilazer ventures,unilazer,2015,October
4661,4661,2015-10-30,Instavans,Truck Aggregator & Logistics service,,Bangalore,Seed Funding,0.0,suresh vaswani,suresh vaswani,2015,October
4662,4662,2015-10-30,LiftO,Ridesharing Mobile app,,Mumbai,Seed Funding,1.2246,rajesh bhatia,alok mittal  sachin bhatia,2015,October
4663,4663,2015-10-30,LiftO,Ridesharing Mobile app,,Mumbai,Seed Funding,1.2246,dheeraj mehta,seep mehta family office,2015,October
4664,4664,2015-10-30,LiftO,Ridesharing Mobile app,,Mumbai,Seed Funding,1.2246,others,other,2015,October
4665,4665,2015-10-30,TinyOwl,Food Discovery & Delivery Mobile app,,Mumbai,Private Equity,70.65,sequoia capital,quona capital,2015,October
4666,4666,2015-10-30,TinyOwl,Food Discovery & Delivery Mobile app,,Mumbai,Private Equity,70.65,matrix partner,bessemer venture partner,2015,October
4667,4667,2015-10-30,Toppr.com,Competitive exam learning platform,,Mumbai,Private Equity,18.84,innoven capital,innoven capital india,2015,October
4668,4668,2015-10-30,Kleeto,Document Digitization platform,,Gurgaon,Seed Funding,2.1666,grex,grexin,2015,October
4669,4669,2015-10-30,BeaconsTalk,proximity marketing & Mobile Advertising platform,,Mumbai,Seed Funding,0.7536,puneet bhatia,puneet gupta  pradeep k jaisingh,2015,October
4670,4670,2015-10-30,BeaconsTalk,proximity marketing & Mobile Advertising platform,,Mumbai,Seed Funding,0.7536,others,other,2015,October
4671,4671,2015-10-31,Jugnoo,Autorickshaw Aggregator & Booking platform,,Chandigarh,Private Equity,94.2,paytm,m,2015,October
4672,4672,2015-09-01,TOFlo,FinTech Startup Incubation platform,,Mumbai,Seed Funding,0.942,tania johny palathinkal,tania johny palathinkal,2015,September
4673,4673,2015-09-01,FXMartIndia,Payment Services platform,,Chandigarh,Private Equity,0.0,flipkart,flipkart logistics pvt ltd,2015,September
4674,4674,2015-09-01,Stylecracker,Personalized Styling platform,,Mumbai,Private Equity,9.42,group of hni investors,group of investors,2015,September
4675,4675,2015-09-01,Luxuryhues,Luxury goods\\xc2\\xa0 Shopping Platform,,Gurgaon,Private Equity,8.478,indian angel network,india quotient  letsventures angel fund,2015,September
4676,4676,2015-09-02,Ola,Food Delivery Platform,,Mumbai,Private Equity,0.0,ratan tata,rata tata,2015,September
4677,4677,2015-09-02,Zivame,Online Lingerie Marketplace,,Bangalore,Private Equity,376.8,zodius technology fund,hr technology fund,2015,September
4678,4678,2015-09-02,Zivame,Online Lingerie Marketplace,,Bangalore,Private Equity,376.8,khazanah nasional berhad,khazanah nasional berhad,2015,September
4679,4679,2015-09-02,Capillary Tech,Cloud software solutions,,New Delhi,Private Equity,423.9,warburg pincus,wargburg pincus,2015,September
4680,4680,2015-09-02,Capillary Tech,Cloud software solutions,,New Delhi,Private Equity,423.9,sequoia capital,quona capital,2015,September
4681,4681,2015-09-02,Capillary Tech,Cloud software solutions,,New Delhi,Private Equity,423.9,norwest venture partners,rwe,2015,September
4682,4682,2015-09-03,Jobspire,Job Search Platform,,Bangalore,Seed Funding,2.4492,purvi capital,trifecta capital advisors,2015,September
4683,4683,2015-09-03,MeraDoctor,Doctor consultancy Mobile App,,Mumbai,Seed Funding,0.0,india quotient,india quotient  letsventures angel fund,2015,September
4684,4684,2015-09-03,MeraDoctor,Doctor consultancy Mobile App,,Mumbai,Seed Funding,0.0,other investors,other angel investors,2015,September
4685,4685,2015-09-03,Vistaar Finance,Small Business Financing (NBFC),,Bangalore,Private Equity,376.8,westbridge capital,westbridge capital partners,2015,September
4686,4686,2015-09-03,Vistaar Finance,Small Business Financing (NBFC),,Bangalore,Private Equity,376.8,omidyar network,omidyar networks,2015,September
4687,4687,2015-09-03,Vistaar Finance,Small Business Financing (NBFC),,Bangalore,Private Equity,376.8,elevar equity,susquehanna growth equity,2015,September
4688,4688,2015-09-03,Vistaar Finance,Small Business Financing (NBFC),,Bangalore,Private Equity,376.8,saama capital,saama capital  dsg consumer partners,2015,September
4689,4689,2015-09-03,Vistaar Finance,Small Business Financing (NBFC),,Bangalore,Private Equity,376.8,xc2xa0 lok capital,lok capital,2015,September
4690,4690,2015-09-03,HiJinny,Beauty & Wellness Services Marketplace,,Mumbai,Seed Funding,0.0,cmyk health boutique pvt ltd,pine labs pte ltd,2015,September
4691,4691,2015-09-03,HiJinny,Beauty & Wellness Services Marketplace,,Mumbai,Seed Funding,0.0,other individual investors,individual investors,2015,September
4692,4692,2015-09-04,Clapsnslaps,Online Movie Review Platform,,Mumbai,Seed Funding,1.413,r m picture company pvt ltd,pine labs pte ltd,2015,September
4693,4693,2015-09-04,Blubox,ECommerce Brands\\xe2\\x80\\x99 Full Service Agency,,Mumbai,Seed Funding,0.942,ashish jhalani,ashish ch,2015,September
4694,4694,2015-09-04,RoomCentral,Cloud-based Hotel Booking Platform,,Bangalore,Seed Funding,18.84,karanpal singh,imanpreet singh arora,2015,September
4695,4695,2015-09-07,YouthKiAwaaz,Community Driven News/Views Platform,,New Delhi,Seed Funding,5.652,raghav bahl,raghav bahl,2015,September
4696,4696,2015-09-07,YouthKiAwaaz,Community Driven News/Views Platform,,New Delhi,Seed Funding,5.652,ritu kapur,ashish dev kapur,2015,September
4697,4697,2015-09-07,Prozo,Study Material Marketplace,,New Delhi,Seed Funding,1.9311,nalin jain,aj ventures  jain international trade organisation jito,2015,September
4698,4698,2015-09-07,Prozo,Study Material Marketplace,,New Delhi,Seed Funding,1.9311,shomil pant,il,2015,September
4699,4699,2015-09-07,Prozo,Study Material Marketplace,,New Delhi,Seed Funding,1.9311,dinesh kundu,dinesh kundu,2015,September
4700,4700,2015-09-07,Prozo,Study Material Marketplace,,New Delhi,Seed Funding,1.9311,others,other,2015,September
4701,4701,2015-09-07,Zomato,Restaurant Ratings & Reviews platform,,Gurgaon,Private Equity,565.2,temasek,info edge india ltd  temasek,2015,September
4702,4702,2015-09-07,Zomato,Restaurant Ratings & Reviews platform,,Gurgaon,Private Equity,565.2,vy capital,steadview capital  vy capital,2015,September
4703,4703,2015-09-07,Sahayog Dairy,Dairy Based Product Manufacturer,,Bhopal,Private Equity,16.956,acumen fund,ping an global voyager fund,2015,September
4704,4704,2015-09-08,MockBank,Government Test Preparation platform,,Bangalore,Seed Funding,3.768,blume ventures,blume ventures  rtp global,2015,September
4705,4705,2015-09-08,ReportBee,Smart Report Cards for Schools,,Chennai,Seed Funding,0.0,india educational investment fund,vertex growth fund,2015,September
4706,4706,2015-09-08,GuruG Learning,Teacher empowerment platform,,Bangalore,Seed Funding,0.0,india educational investment fund,vertex growth fund,2015,September
4707,4707,2015-09-10,OnlineTyari,Multilingual Test Preparation Platform,,Gurgaon,Private Equity,7.2534,500 startups,500 startups,2015,September
4708,4708,2015-09-10,OnlineTyari,Multilingual Test Preparation Platform,,Gurgaon,Private Equity,7.2534,tv mohas pai,t v mohas pai,2015,September
4709,4709,2015-09-10,OnlineTyari,Multilingual Test Preparation Platform,,Gurgaon,Private Equity,7.2534,tem capital,tr capital,2015,September
4710,4710,2015-09-10,OnlineTyari,Multilingual Test Preparation Platform,,Gurgaon,Private Equity,7.2534,vikram chachra,bhanu vikram parsotam,2015,September
4711,4711,2015-09-10,OnlineTyari,Multilingual Test Preparation Platform,,Gurgaon,Private Equity,7.2534,aloke bajpai,alok bajpai,2015,September
4712,4712,2015-09-10,IndustryBuying,Industrial Tools Marketplace,,New Delhi,Private Equity,86.664,kalaari capital,romulus capital  kalaari capital,2015,September
4713,4713,2015-09-10,IndustryBuying,Industrial Tools Marketplace,,New Delhi,Private Equity,86.664,saif partners,saif partners  lgt impact ventures,2015,September
4714,4714,2015-09-10,IndustryBuying,Industrial Tools Marketplace,,New Delhi,Private Equity,86.664,beenextan investment fund,beenext,2015,September
4715,4715,2015-09-10,The/Nudge Foundation,Non Profit Organization to alleviate poverty,,Bangalore,Seed Funding,2.9673,nanadan nilekani,il,2015,September
4716,4716,2015-09-10,The/Nudge Foundation,Non Profit Organization to alleviate poverty,,Bangalore,Seed Funding,2.9673,inmobi,m,2015,September
4717,4717,2015-09-10,The/Nudge Foundation,Non Profit Organization to alleviate poverty,,Bangalore,Seed Funding,2.9673,paytm,m,2015,September
4718,4718,2015-09-11,FitMeIn,Gym & Fitness Studios Subscription platform,,New Delhi,Seed Funding,0.942,green house ventures,green house ventures ghv,2015,September
4719,4719,2015-09-11,Envoged,pre-used luxury item Marketplace,,Mumbai,Seed Funding,0.0,ankush nijhawan,ankush nijhawa,2015,September
4720,4720,2015-09-11,Envoged,pre-used luxury item Marketplace,,Mumbai,Seed Funding,0.0,manish dhingra,amrendra reddy  manish satnaliwala,2015,September
4721,4721,2015-09-11,Envoged,pre-used luxury item Marketplace,,Mumbai,Seed Funding,0.0,gaurav bhatnagar,gaurav suri  ankit kesarwani,2015,September
4722,4722,2015-09-11,Zapyle,pre-used apparel shopping mobile app,,Bangalore,Seed Funding,9.42,undisclosed,undisclosed,2015,September
4723,4723,2015-09-11,Renomania,Home Design & D\\xc3\\xa9cor platform,,New Delhi,Seed Funding,0.0,subodh gupta,prashant gupta  others,2015,September
4724,4724,2015-09-12,CredR,Used Vehicles Marketplace,,Mumbai,Private Equity,141.3,eight road ventures,eight roads ventures,2015,September
4725,4725,2015-09-12,YatraGenie,Online Bus & Cab ticketing platform,,Hyderabad,Private Equity,0.0,ash bhardwaj,ash bhardwaj,2015,September
4726,4726,2015-09-14,CanvasFlip,Mobile App testing platform,,Hyderabad,Seed Funding,11.304,bessemer venture partners,bessemer venture partner,2015,September
4727,4727,2015-09-14,Shadowfax,Hyperlocal Delivery Services,,Gurgaon,Private Equity,84.78,eight roads ventures,eight road ventures,2015,September
4728,4728,2015-09-14,UE Life Sciences,Early Cancer Detection Solutions,,US/India,Private Equity,28.26,aarin capital,xc2xa0 aarin capital,2015,September
4729,4729,2015-09-14,UE Life Sciences,Early Cancer Detection Solutions,,US/India,Private Equity,28.26,unitus seed fund,amit singhal  unitus seed fund,2015,September
4730,4730,2015-09-14,Ola,Cab rental Mobile app,,Bangalore,Private Equity,2119.5,falcon edge capital,alcon edge capital,2015,September
4731,4731,2015-09-14,Ola,Cab rental Mobile app,,Bangalore,Private Equity,2119.5,ny based hedge fund,hedge fund,2015,September
4732,4732,2015-09-14,Ola,Cab rental Mobile app,,Bangalore,Private Equity,2119.5,tiger global,ping an global voyager fund,2015,September
4733,4733,2015-09-14,Ola,Cab rental Mobile app,,Bangalore,Private Equity,2119.5,softbank,softbank,2015,September
4734,4734,2015-09-15,Coverfox,Online Insurance Distribution Platform,,Mumbai,Private Equity,18.84,cataraman ventures,catamaran ventures,2015,September
4735,4735,2015-09-15,MoEngage,Mobile Marketing Automation Platform,,Bangalore,Private Equity,40.035,helion venture partners,helion ventures partners,2015,September
4736,4736,2015-09-15,MoEngage,Mobile Marketing Automation Platform,,Bangalore,Private Equity,40.035,exfinity ventures,exfinity venture,2015,September
4737,4737,2015-09-15,Mubble,Prepaid Mobile Bill Manager App,,Bangalore,Seed Funding,0.0,nan nilekani,il,2015,September
4738,4738,2015-09-15,Tea Trails,Chain of Tea Caf\\xc3\\xa9\\xe2\\x80\\x99s,,Mumbai,Seed Funding,9.42,anil matai,il,2015,September
4739,4739,2015-09-15,Tea Trails,Chain of Tea Caf\\xc3\\xa9\\xe2\\x80\\x99s,,Mumbai,Seed Funding,9.42,vikram ton,xc2xa0 seep ton,2015,September
4740,4740,2015-09-15,Tea Trails,Chain of Tea Caf\\xc3\\xa9\\xe2\\x80\\x99s,,Mumbai,Seed Funding,9.42,shyam sundar r,r ramaraj,2015,September
4741,4741,2015-09-15,Tea Trails,Chain of Tea Caf\\xc3\\xa9\\xe2\\x80\\x99s,,Mumbai,Seed Funding,9.42,others,other,2015,September
4742,4742,2015-09-15,Room on Call,Branded Budget Hotel Marketplace,,Noida,Seed Funding,2.826,payal syal,payal syal,2015,September
4743,4743,2015-09-15,FYNE,Home Fitting & Fixtures Marketplace,,Bangalore,Seed Funding,0.0,seep dama,xc2xa0 seep ton,2015,September
4744,4744,2015-09-15,FYNE,Home Fitting & Fixtures Marketplace,,Bangalore,Seed Funding,0.0,others,other,2015,September
4745,4745,2015-09-16,ChaiPoint,Food Subscription platform,,Bangalore,Private Equity,94.2,eight roads ventures,eight road ventures,2015,September
4746,4746,2015-09-16,WedmeGood.com,Wedding Planning Platform,,Gurgaon,Seed Funding,3.8622,indian angel network,india quotient  letsventures angel fund,2015,September
4747,4747,2015-09-16,XSTOK,B2B Mobile Auction Marketplace,,Mumbai,Seed Funding,4.239,oliphans capital,oliphabs capital,2015,September
4748,4748,2015-09-17,UniLog,ECommerce Data Analytics Platform,,Bangalore,Private Equity,0.0,kalaari capital,romulus capital  kalaari capital,2015,September
4749,4749,2015-09-17,Paintcollar,Designer Merchandize Marketplace,,Mumbai,Seed Funding,0.0,applyifi,appliyifi,2015,September
4750,4750,2015-09-17,YepMe,Private label Fashion eTailer,,Gurgaon,Private Equity,706.5,khazanah nasional berhad,khazanah nasional berhad,2015,September
4751,4751,2015-09-17,YepMe,Private label Fashion eTailer,,Gurgaon,Private Equity,706.5,helion venture partners,helion ventures partners,2015,September
4752,4752,2015-09-17,Bueno,Online Food ordering & delivery,,Gurgaon,Seed Funding,5.652,high networth individuals no details,high networth individuals no details,2015,September
4753,4753,2015-09-18,Plabro,Real Estate Broker Platform App,,New Delhi,Seed Funding,3.297,sachin bansal,axilor ventures  binny bansal,2015,September
4754,4754,2015-09-18,Plabro,Real Estate Broker Platform App,,New Delhi,Seed Funding,3.297,binny bansal,bunny bansal,2015,September
4755,4755,2015-09-18,Plabro,Real Estate Broker Platform App,,New Delhi,Seed Funding,3.297,sol primero,sol primero,2015,September
4756,4756,2015-09-18,Plabro,Real Estate Broker Platform App,,New Delhi,Seed Funding,3.297,outbox ventures,breakthrough energy ventures,2015,September
4757,4757,2015-09-18,Plabro,Real Estate Broker Platform App,,New Delhi,Seed Funding,3.297,sangram singh,imanpreet singh arora,2015,September
4758,4758,2015-09-18,CureJoy,Online Health & Wellness platform,,Bangalore,Private Equity,10.833,accel,accel,2015,September
4759,4759,2015-09-18,CureJoy,Online Health & Wellness platform,,Bangalore,Private Equity,10.833,subrata mitra,subrata mitra,2015,September
4760,4760,2015-09-18,CureJoy,Online Health & Wellness platform,,Bangalore,Private Equity,10.833,larry braitman,larry braitman,2015,September
4761,4761,2015-09-18,CureJoy,Online Health & Wellness platform,,Bangalore,Private Equity,10.833,venk krishna,venk krishnan,2015,September
4762,4762,2015-09-18,Briston Technomach,Internet of Things platform,,New Delhi,Seed Funding,1.413,undisclosed,undisclosed,2015,September
4763,4763,2015-09-18,LabStreet,Diagnostic Labs aggregator platform,,Gurgaon,Seed Funding,1.413,multiple investors,multiple angel investors,2015,September
4764,4764,2015-09-19,DailyNinja,Hyperlocal Delivery Platform,,Bangalore,Seed Funding,0.0,aprameya radhakrishna,aprameya radhakrishnan,2015,September
4765,4765,2015-09-19,DailyNinja,Hyperlocal Delivery Platform,,Bangalore,Seed Funding,0.0,naman sarawagi,naman sarawagi,2015,September
4766,4766,2015-09-19,DailyNinja,Hyperlocal Delivery Platform,,Bangalore,Seed Funding,0.0,afsal salu,fs,2015,September
4767,4767,2015-09-21,Portea Medical,Home Medical Care Services,,Bangalore,Private Equity,353.25,accel,accel,2015,September
4768,4768,2015-09-21,Portea Medical,Home Medical Care Services,,Bangalore,Private Equity,353.25,international finance corporation ifc,international finance corporation,2015,September
4769,4769,2015-09-21,Portea Medical,Home Medical Care Services,,Bangalore,Private Equity,353.25,qualcomm ventures,qualcomm venture,2015,September
4770,4770,2015-09-21,Portea Medical,Home Medical Care Services,,Bangalore,Private Equity,353.25,ventureast,ventureeast,2015,September
4771,4771,2015-09-21,Neotrade Analytics,Real-Time stock data platform,,Bangalore,Seed Funding,2.2137,rainmatter,rainmatter,2015,September
4772,4772,2015-09-21,DishCo,Food discovery & table booking app,,Mumbai,Seed Funding,0.0,an mahindra,mahindra,2015,September
4773,4773,2015-09-21,DishCo,Food discovery & table booking app,,Mumbai,Seed Funding,0.0,uday punj,uday punj,2015,September
4774,4774,2015-09-21,DishCo,Food discovery & table booking app,,Mumbai,Seed Funding,0.0,ashish hemrajani,ashish ch,2015,September
4775,4775,2015-09-21,DishCo,Food discovery & table booking app,,Mumbai,Seed Funding,0.0,sanjeev mehra,kk mehra,2015,September
4776,4776,2015-09-21,LafaLafa,coupons and cashback aggregator app,,Mumbai,Seed Funding,1.1775,500 startups,500 startups,2015,September
4777,4777,2015-09-21,ConnectAbank,Financial Products lead generation platform,,Mumbai,Seed Funding,0.0,prakhar bumb,prakhar bumb,2015,September
4778,4778,2015-09-22,VillFarm,Sustainable Agri-inputs Firm,,Bangalore,Seed Funding,0.0,unitus seed fund,amit singhal  unitus seed fund,2015,September
4779,4779,2015-09-22,VillFarm,Sustainable Agri-inputs Firm,,Bangalore,Seed Funding,0.0,indian angel network,india quotient  letsventures angel fund,2015,September
4780,4780,2015-09-22,VillFarm,Sustainable Agri-inputs Firm,,Bangalore,Seed Funding,0.0,r ramaraj,the oliver r grace,2015,September
4781,4781,2015-09-22,VillFarm,Sustainable Agri-inputs Firm,,Bangalore,Seed Funding,0.0,sunil edwards,il,2015,September
4782,4782,2015-09-22,Bestdealfinance,Financial Services Portal,,Mumbai,Private Equity,28.26,kalaari capital,romulus capital  kalaari capital,2015,September
4783,4783,2015-09-22,Bestdealfinance,Financial Services Portal,,Mumbai,Private Equity,28.26,yournest angel fund,you,2015,September
4784,4784,2015-09-22,GameXS.in,Pre-owned games Marketplace,,New Delhi,Seed Funding,0.0,lead angels,lead angels network,2015,September
4785,4785,2015-09-22,The Man Company,Content-based Subscription eCommerce platform,,New Delhi,Seed Funding,0.0,karan bajwa,karan bajwa,2015,September
4786,4786,2015-09-22,The Man Company,Content-based Subscription eCommerce platform,,New Delhi,Seed Funding,0.0,amanpreet bajaj,amanpreet bajaj,2015,September
4787,4787,2015-09-22,The Man Company,Content-based Subscription eCommerce platform,,New Delhi,Seed Funding,0.0,manish vij,amrendra reddy  manish satnaliwala,2015,September
4788,4788,2015-09-22,Virtual Logic,"virtual reality, 3d simulation and stereoscopic products",,Bangalore,Private Equity,7.536,swarnim multiventures,swarnim multiventures,2015,September
4789,4789,2015-09-22,Furdo,Online Interior Designing platform,,Bangalore,Seed Funding,3.768,bhavdeep reddy,amrendra reddy  manish satnaliwala,2015,September
4790,4790,2015-09-22,LogiNext,End-to-end Logistics platform,,Mumbai,Private Equity,94.2,paytm,m,2015,September
4791,4791,2015-09-22,Korra,Private Label Apparel sales,,New Delhi,Seed Funding,2.826,asha jadeja motwani,asha jadeja motwani,2015,September
4792,4792,2015-09-22,Korra,Private Label Apparel sales,,New Delhi,Seed Funding,2.826,others,other,2015,September
4793,4793,2015-09-23,Credihealth,Healthcare Consulting platform,,Gurgaon,Seed Funding,0.0,rajat malhotra,arjun  rohan malhotra,2015,September
4794,4794,2015-09-23,Amigobulls,Stock Market Portal,,Bangalore,Seed Funding,0.0,sharad sharma,vijay shekhar sharma,2015,September
4795,4795,2015-09-23,Amigobulls,Stock Market Portal,,Bangalore,Seed Funding,0.0,vijay an,an vijay,2015,September
4796,4796,2015-09-23,Amigobulls,Stock Market Portal,,Bangalore,Seed Funding,0.0,mohas pai pallav nadhani,pallav nadhani,2015,September
4797,4797,2015-09-23,Amigobulls,Stock Market Portal,,Bangalore,Seed Funding,0.0,singapore angels network,singapore angel network,2015,September
4798,4798,2015-09-23,Amigobulls,Stock Market Portal,,Bangalore,Seed Funding,0.0,others,other,2015,September
4799,4799,2015-09-23,SilverPush,Cross-device retargeting platform,,Gurgaon / SFO,Private Equity,11.304,m,paytm,2015,September
4800,4800,2015-09-23,SilverPush,Cross-device retargeting platform,,Gurgaon / SFO,Private Equity,11.304,s partners,insignia ventures partners,2015,September
4801,4801,2015-09-23,Juggernaut,Digital & Physical Publishing platform,,New Delhi,Private Equity,21.195,william bissell,william bissel,2015,September
4802,4802,2015-09-23,Juggernaut,Digital & Physical Publishing platform,,New Delhi,Private Equity,21.195,neeraj aggarwal,neeraj aggarwal,2015,September
4803,4803,2015-09-23,Juggernaut,Digital & Physical Publishing platform,,New Delhi,Private Equity,21.195,nan nilekani,il,2015,September
4804,4804,2015-09-23,InnerChef,Food Delivery Platform,,New Delhi,Private Equity,16.485,phanindra sama,kludein llcnphanindra sama,2015,September
4805,4805,2015-09-23,InnerChef,Food Delivery Platform,,New Delhi,Private Equity,16.485,anupam mittal,ajay relan  vinay mittal,2015,September
4806,4806,2015-09-23,InnerChef,Food Delivery Platform,,New Delhi,Private Equity,16.485,vijay shekhar sharma,nishit sharma,2015,September
4807,4807,2015-09-23,InnerChef,Food Delivery Platform,,New Delhi,Private Equity,16.485,vishal gondal,vishal gondal,2015,September
4808,4808,2015-09-23,InnerChef,Food Delivery Platform,,New Delhi,Private Equity,16.485,sateesh andara,sateesh andara,2015,September
4809,4809,2015-09-23,InnerChef,Food Delivery Platform,,New Delhi,Private Equity,16.485,others,other,2015,September
4810,4810,2015-09-24,Quintype,Data Driven Publishing platform,,Bangalore,Private Equity,31.086,raghav bahl,raghav bahl,2015,September
4811,4811,2015-09-24,Capabiliti,Employee OnBoarding & Orientation platform,,Noida,Seed Funding,3.768,500 startups,500 startups,2015,September
4812,4812,2015-09-24,Capabiliti,Employee OnBoarding & Orientation platform,,Noida,Seed Funding,3.768,smile multimedia,il,2015,September
4813,4813,2015-09-24,Capabiliti,Employee OnBoarding & Orientation platform,,Noida,Seed Funding,3.768,kunal bahl,kunal shah  manish patel,2015,September
4814,4814,2015-09-24,Capabiliti,Employee OnBoarding & Orientation platform,,Noida,Seed Funding,3.768,rohit bansal,rohit,2015,September
4815,4815,2015-09-24,Capabiliti,Employee OnBoarding & Orientation platform,,Noida,Seed Funding,3.768,girish matrubootham,girish mathrubootham,2015,September
4816,4816,2015-09-24,Fourth Partner Energy,Solar Power Solutions company,,Hyderabad,Private Equity,18.84,infuse ventures,infuse ventures fund,2015,September
4817,4817,2015-09-24,Fourth Partner Energy,Solar Power Solutions company,,Hyderabad,Private Equity,18.84,the chennai angels,chennai angels,2015,September
4818,4818,2015-09-24,Licious,Online Meat Ordering platform,,Bangalore,Seed Funding,9.42,kanwaljit singh,seep singh,2015,September
4819,4819,2015-09-24,Licious,Online Meat Ordering platform,,Bangalore,Seed Funding,9.42,tv mohas pai,t v mohas pai,2015,September
4820,4820,2015-09-25,TravelKhana,online meal-booking platform for train travelers,,New Delhi,Seed Funding,0.0,astarc ventures,abstract ventures,2015,September
4821,4821,2015-09-25,TravelKhana,online meal-booking platform for train travelers,,New Delhi,Seed Funding,0.0,others,other,2015,September
4822,4822,2015-09-28,Quickli,hyperlocal delivery platform,,New Delhi,Seed Funding,0.0,500 startups,500 startups,2015,September
4823,4823,2015-09-28,Quickli,hyperlocal delivery platform,,New Delhi,Seed Funding,0.0,mato peric,mato peric,2015,September
4824,4824,2015-09-28,Quickli,hyperlocal delivery platform,,New Delhi,Seed Funding,0.0,others,other,2015,September
4825,4825,2015-09-28,Ola,Cab Booking app platform,,Bangalore,Private Equity,282.6,didi kuaidi,didi kuaidi,2015,September
4826,4826,2015-09-29,Paytm,E-Commerce & M-Commerce platform,,New Delhi,Private Equity,6405.6,alibaba group,alibaba,2015,September
4827,4827,2015-09-29,Paytm,E-Commerce & M-Commerce platform,,New Delhi,Private Equity,6405.6,ant financial,ant financials,2015,September
4828,4828,2015-09-29,Inmobi,Mobile Advertising platform,,Bangalore,Private Equity,942.0,tennenbaum capital partners,sequoia capital,2015,September
4829,4829,2015-09-29,Inmobi,Mobile Advertising platform,,Bangalore,Private Equity,942.0,others,other,2015,September
4830,4830,2015-09-29,Peppertap,Hyperlocal Grocery Delivery,,Gurgaon,Private Equity,339.12,sequoia capital,quona capital,2015,September
4831,4831,2015-09-29,Peppertap,Hyperlocal Grocery Delivery,,Gurgaon,Private Equity,339.12,saif partners,saif partners  lgt impact ventures,2015,September
4832,4832,2015-09-29,Hugefly,Ecommerce Product recommendation platform,,Pune,Seed Funding,0.0,mayank singhal  others,others,2015,September
4833,4833,2015-09-29,Brigge,Activity Based Social Network,,Chennai,Seed Funding,0.0,the chennai angels,chennai angels,2015,September
4834,4834,2015-09-29,Zakoopi,Fashion Discovery platform,,New Delhi,Seed Funding,3.297,uniqorn ventures,uniqorn ventures fund,2015,September
4835,4835,2015-09-29,LoanCircle,Consumer lending marketplace,,Bangalore,Seed Funding,0.0,zishaan hayath,zishan hayath,2015,September
4836,4836,2015-09-29,LoanCircle,Consumer lending marketplace,,Bangalore,Seed Funding,0.0,rahul khanna,raghu khanna,2015,September
4837,4837,2015-09-29,LoanCircle,Consumer lending marketplace,,Bangalore,Seed Funding,0.0,others,other,2015,September
4838,4838,2015-09-30,Infoworks,Big Data Management Platform,,Bangalore / USA,Private Equity,47.1,nexus venture partners,norwest venture partners,2015,September
4839,4839,2015-09-30,Infoworks,Big Data Management Platform,,Bangalore / USA,Private Equity,47.1,knoll ventures  others,others,2015,September
4840,4840,2015-09-30,RedDoorz,Budget Accommodation Platform,,Noida,Seed Funding,9.42,jungle ventures,lakestar  jungle ventures,2015,September
4841,4841,2015-09-30,FirstTouch,Local Mobile OS,,Gurgaon,Seed Funding,0.0,kunal bahl,kunal shah  manish patel,2015,September
4842,4842,2015-09-30,FirstTouch,Local Mobile OS,,Gurgaon,Seed Funding,0.0,rohit bansal,rohit,2015,September
4843,4843,2015-09-30,FirstTouch,Local Mobile OS,,Gurgaon,Seed Funding,0.0,pranay chulet,pranay chulet,2015,September
4844,4844,2015-09-30,FirstTouch,Local Mobile OS,,Gurgaon,Seed Funding,0.0,naveen tiwari,naveen tewari,2015,September
4845,4845,2015-09-30,FirstTouch,Local Mobile OS,,Gurgaon,Seed Funding,0.0,amit gupta,amajit gupta,2015,September
4846,4846,2015-09-30,FirstTouch,Local Mobile OS,,Gurgaon,Seed Funding,0.0,mayank singhal,mayank singhal  others,2015,September
4847,4847,2015-09-30,Eywa Media,Digital Signal processing platform,,Bangalore,Seed Funding,9.42,ah ventures,fao ventures,2015,September
4848,4848,2015-09-30,Eywa Media,Digital Signal processing platform,,Bangalore,Seed Funding,9.42,viktor koenig pe fund,india quotient  letsventures angel fund,2015,September
4849,4849,2015-09-30,Eywa Media,Digital Signal processing platform,,Bangalore,Seed Funding,9.42,mantra ventures,breakthrough energy ventures,2015,September
4850,4850,2015-08-01,Snapdeal,Ecommerce Marketplace,,New Delhi,Private Equity,4710.0,alibaba,alibaba pictures,2015,August
4851,4851,2015-08-01,Snapdeal,Ecommerce Marketplace,,New Delhi,Private Equity,4710.0,foxconn,co,2015,August
4852,4852,2015-08-01,Snapdeal,Ecommerce Marketplace,,New Delhi,Private Equity,4710.0,softbank,softbank,2015,August
4853,4853,2015-08-01,Ressy,Restaurant Discount app,,Pune,Seed Funding,3.768,mohas pai,tv mohas pai,2015,August
4854,4854,2015-08-01,Ressy,Restaurant Discount app,,Pune,Seed Funding,3.768,others,other,2015,August
4855,4855,2015-08-03,Cuelearn,Tech-enabled learning,,New Delhi,Seed Funding,0.0,alok mittal,alok mittal  sachin bhatia,2015,August
4856,4856,2015-08-03,Connect India,ECommerce Logistics provider,,New Delhi,Private Equity,47.1,aavishkaar,aavishkaar venture management,2015,August
4857,4857,2015-08-03,The Home Salon,on-demand home beauty and wellness portal,,Mumbai,Seed Funding,0.0,venturenursery,venture nursery,2015,August
4858,4858,2015-08-03,Jusride,Self Driven Car rental,,Mumbai,Seed Funding,0.0,alok mittal,alok mittal  sachin bhatia,2015,August
4859,4859,2015-08-03,Jusride,Self Driven Car rental,,Mumbai,Seed Funding,0.0,zeeshan hayat,zeeshan hayat,2015,August
4860,4860,2015-08-03,Jusride,Self Driven Car rental,,Mumbai,Seed Funding,0.0,niraj singh,nirmal singh,2015,August
4861,4861,2015-08-03,Jusride,Self Driven Car rental,,Mumbai,Seed Funding,0.0,nikunj jain,aj ventures  jain international trade organisation jito,2015,August
4862,4862,2015-08-03,Jusride,Self Driven Car rental,,Mumbai,Seed Funding,0.0,anirudh damani,radhakrishan damani  rakesh jhunjhunwala,2015,August
4863,4863,2015-08-03,Jusride,Self Driven Car rental,,Mumbai,Seed Funding,0.0,punit goyal,sunil goyal ashish gupta,2015,August
4864,4864,2015-08-03,OYO Rooms,Budget Hotel accommodation brand,,New Delhi,Private Equity,942.0,softbank,softbank,2015,August
4865,4865,2015-08-03,OYO Rooms,Budget Hotel accommodation brand,,New Delhi,Private Equity,942.0,greenoaks capital,greenoaks capital partners,2015,August
4866,4866,2015-08-03,OYO Rooms,Budget Hotel accommodation brand,,New Delhi,Private Equity,942.0,sequoia capital,quona capital,2015,August
4867,4867,2015-08-03,OYO Rooms,Budget Hotel accommodation brand,,New Delhi,Private Equity,942.0,xc2xa0 lightspeed india,lightspeed india,2015,August
4868,4868,2015-08-03,Glowship,Energy & Environment Online Marketplace,,Bangalore,Seed Funding,0.0,infuse ventures,infuse ventures fund,2015,August
4869,4869,2015-08-03,Wizrocket,User Engagment & Analytics platform,,Mumbai,Private Equity,90.432,sequoia capital,quona capital,2015,August
4870,4870,2015-08-03,Wizrocket,User Engagment & Analytics platform,,Mumbai,Private Equity,90.432,accel,accel,2015,August
4871,4871,2015-08-04,Pickingo,On-Demand Delivery Logistics,,New Delhi,Private Equity,12.246,orios venture partners,orios ventures partners,2015,August
4872,4872,2015-08-04,Pickingo,On-Demand Delivery Logistics,,New Delhi,Private Equity,12.246,zishaan hayath,zishan hayath,2015,August
4873,4873,2015-08-05,Grex,fund raising platform for startups,,Pune,Seed Funding,6.123,kunal bajaj,kunal shah  manish patel,2015,August
4874,4874,2015-08-05,Grex,fund raising platform for startups,,Pune,Seed Funding,6.123,chru badrinarayanan,chru badrinarayanan,2015,August
4875,4875,2015-08-05,LetsTransport,Logistics Tech Platform,,Bangalore,Seed Funding,12.246,rebright partners,redbright partners,2015,August
4876,4876,2015-08-05,LetsTransport,Logistics Tech Platform,,Bangalore,Seed Funding,12.246,ankush nijhawan,ankush nijhawa,2015,August
4877,4877,2015-08-05,LetsTransport,Logistics Tech Platform,,Bangalore,Seed Funding,12.246,gaurav bhatnagar,gaurav suri  ankit kesarwani,2015,August
4878,4878,2015-08-05,LetsTransport,Logistics Tech Platform,,Bangalore,Seed Funding,12.246,manish dhingra,amrendra reddy  manish satnaliwala,2015,August
4879,4879,2015-08-05,Zo Rooms,Online budget hotel chain,,New Delhi,Private Equity,282.6,tiger global,ping an global voyager fund,2015,August
4880,4880,2015-08-05,Zo Rooms,Online budget hotel chain,,New Delhi,Private Equity,282.6,orios venture partners,orios ventures partners,2015,August
4881,4881,2015-08-05,Doormint,Hyperlocal Handyman services,,Mumbai,Private Equity,28.26,helion venture partners,helion ventures partners,2015,August
4882,4882,2015-08-05,Doormint,Hyperlocal Handyman services,,Mumbai,Private Equity,28.26,kalaari capital,romulus capital  kalaari capital,2015,August
4883,4883,2015-08-05,NightStay,hotel booking app,,Noida,Seed Funding,4.71,bedrock ventures,breakthrough energy ventures,2015,August
4884,4884,2015-08-05,NightStay,hotel booking app,,Noida,Seed Funding,4.71,rajesh sawhney,rajesh sawheny,2015,August
4885,4885,2015-08-05,NightStay,hotel booking app,,Noida,Seed Funding,4.71,shailesh singh,il,2015,August
4886,4886,2015-08-05,Zocalo,Rental Accomodation finder,,New Delhi,Seed Funding,0.0,sachin bhatia,alok mittal  sachin bhatia,2015,August
4887,4887,2015-08-05,Zocalo,Rental Accomodation finder,,New Delhi,Seed Funding,0.0,rajesh sawhney,rajesh sawheny,2015,August
4888,4888,2015-08-05,Sunday Realty Solutions,Tech Platform for property brokers,,Mumbai,Seed Funding,7.3947,ramesh jogani,ramesh jogani,2015,August
4889,4889,2015-08-05,Sunday Realty Solutions,Tech Platform for property brokers,,Mumbai,Seed Funding,7.3947,shailesh viswanathan,vishwanathan,2015,August
4890,4890,2015-08-05,Sunday Realty Solutions,Tech Platform for property brokers,,Mumbai,Seed Funding,7.3947,jay srinivasan,jay srinivasan,2015,August
4891,4891,2015-08-06,Klozee,Luxury Apparel rental,,Bangalore,Seed Funding,0.0,tracxn labs,tracxnlabs,2015,August
4892,4892,2015-08-06,Appvigil,App security\\xc2\\xa0 testing platform,,Mumbai,Seed Funding,4.71,ravi gururaj,singularity ventures  ravi dhariwal,2015,August
4893,4893,2015-08-06,Appvigil,App security\\xc2\\xa0 testing platform,,Mumbai,Seed Funding,4.71,gaurav sharma,vijay shekhar sharma,2015,August
4894,4894,2015-08-06,Appvigil,App security\\xc2\\xa0 testing platform,,Mumbai,Seed Funding,4.71,viswanath ramachran,xc2xa0 viswanath ramachran,2015,August
4895,4895,2015-08-06,Appvigil,App security\\xc2\\xa0 testing platform,,Mumbai,Seed Funding,4.71,ripplewave,ripplewave,2015,August
4896,4896,2015-08-06,practo,Doctor Appointment booking app,,Bangalore,Private Equity,847.8,sofina,sofina sa,2015,August
4897,4897,2015-08-06,practo,Doctor Appointment booking app,,Bangalore,Private Equity,847.8,google capital,google,2015,August
4898,4898,2015-08-06,practo,Doctor Appointment booking app,,Bangalore,Private Equity,847.8,altimeter capital,lok capital,2015,August
4899,4899,2015-08-06,practo,Doctor Appointment booking app,,Bangalore,Private Equity,847.8,sequoia capital,quona capital,2015,August
4900,4900,2015-08-06,practo,Doctor Appointment booking app,,Bangalore,Private Equity,847.8,yuri milner,il,2015,August
4901,4901,2015-08-06,practo,Doctor Appointment booking app,,Bangalore,Private Equity,847.8,sequoia capital,quona capital,2015,August
4902,4902,2015-08-06,practo,Doctor Appointment booking app,,Bangalore,Private Equity,847.8,matrix partner,bessemer venture partner,2015,August
4903,4903,2015-08-06,LoudShout,anonymous bulletin board app,,New Delhi,Seed Funding,0.0,sanjay sethi,sanjay sethi,2015,August
4904,4904,2015-08-06,LoudShout,anonymous bulletin board app,,New Delhi,Seed Funding,0.0,ravi jaipuria,singularity ventures  ravi dhariwal,2015,August
4905,4905,2015-08-06,LoudShout,anonymous bulletin board app,,New Delhi,Seed Funding,0.0,others,other,2015,August
4906,4906,2015-08-06,Wetravelsolo,Travel community platform,,New Delhi,Seed Funding,0.0,ccube angels,lead angels network,2015,August
4907,4907,2015-08-06,Wetravelsolo,Travel community platform,,New Delhi,Seed Funding,0.0,frontline strategy,frontline strategy,2015,August
4908,4908,2015-08-06,Ketto,Crowd funding platform,,Mumbai,Seed Funding,6.594,chennai angels,the chennai angels,2015,August
4909,4909,2015-08-06,Ketto,Crowd funding platform,,Mumbai,Seed Funding,6.594,calcutta angels,calcutta angels network can,2015,August
4910,4910,2015-08-06,Ketto,Crowd funding platform,,Mumbai,Seed Funding,6.594,ah ventures,fao ventures,2015,August
4911,4911,2015-08-06,Ketto,Crowd funding platform,,Mumbai,Seed Funding,6.594,intellecap impact investment network,ruizheng investment,2015,August
4912,4912,2015-08-06,Ketto,Crowd funding platform,,Mumbai,Seed Funding,6.594,indus age partners,indusage partners,2015,August
4913,4913,2015-08-06,Ketto,Crowd funding platform,,Mumbai,Seed Funding,6.594,singapore angel network,singapore angels network,2015,August
4914,4914,2015-08-06,Ketto,Crowd funding platform,,Mumbai,Seed Funding,6.594,india internet fund,sc gg india mobility holdings llc,2015,August
4915,4915,2015-08-06,Ketto,Crowd funding platform,,Mumbai,Seed Funding,6.594,letsventure,lets venture,2015,August
4916,4916,2015-08-06,Ezetap,Mobile based PoS solution,,Bangalore,Private Equity,235.5,horizons ventures,sb ventures,2015,August
4917,4917,2015-08-06,Ezetap,Mobile based PoS solution,,Bangalore,Private Equity,235.5,capricorn investment group,capricorn investment  ifc,2015,August
4918,4918,2015-08-06,Ezetap,Mobile based PoS solution,,Bangalore,Private Equity,235.5,socialcapital,social capital,2015,August
4919,4919,2015-08-06,Ezetap,Mobile based PoS solution,,Bangalore,Private Equity,235.5,helion advisors,sathguru catalyzer advisors,2015,August
4920,4920,2015-08-06,Ezetap,Mobile based PoS solution,,Bangalore,Private Equity,235.5,berggruen holdings,sc gg india mobility holdings llc,2015,August
4921,4921,2015-08-06,NDTV ecommerce venture,Car & Bike ecommerce platform,,Mumbai,Private Equity,0.0,inflexionpoint,inflexionpoint,2015,August
4922,4922,2015-08-06,NDTV ecommerce venture,Car & Bike ecommerce platform,,Mumbai,Private Equity,0.0,pramod bhasin,pramod bhasin,2015,August
4923,4923,2015-08-06,NDTV ecommerce venture,Car & Bike ecommerce platform,,Mumbai,Private Equity,0.0,sixth sense ventures,sixth sense,2015,August
4924,4924,2015-08-06,NDTV ecommerce venture,Car & Bike ecommerce platform,,Mumbai,Private Equity,0.0,vindi banga,josh talks founders supriya paul  shobha banga,2015,August
4925,4925,2015-08-06,NDTV ecommerce venture,Car & Bike ecommerce platform,,Mumbai,Private Equity,0.0,hiro mashita,hiro mashita,2015,August
4926,4926,2015-08-07,Carlxe2x80x99s Jr,Fast food Chain Franchisee,,Gurgaon,Seed Funding,5.9346,youwecan ventures,yourwecan ventures,2015,August
4927,4927,2015-08-07,EasyRewardz,Loyalty Programs & Reward Points,,Mumbai,Private Equity,4.71,wealth first,iifl wealth management seed venture fund,2015,August
4928,4928,2015-08-07,EasyRewardz,Loyalty Programs & Reward Points,,Mumbai,Private Equity,4.71,ashneer grover,harpreet singh grover,2015,August
4929,4929,2015-08-07,EasyRewardz,Loyalty Programs & Reward Points,,Mumbai,Private Equity,4.71,atul phadnis,atul gupta  saurabh rastogi,2015,August
4930,4930,2015-08-07,GIBSS,Energy saving solutions provider,,Mumbai,Private Equity,0.0,responsability investments,responsability,2015,August
4931,4931,2015-08-07,GIBSS,Energy saving solutions provider,,Mumbai,Private Equity,0.0,infuse ventures,infuse ventures fund,2015,August
4932,4932,2015-08-07,StoreMore.in,Self-Storage Spaces,,Noida,Seed Funding,0.0,bedrock ventures,breakthrough energy ventures,2015,August
4933,4933,2015-08-07,iOrderFresh,Grocery retail Mobile app,,New Delhi,Seed Funding,0.0,best foodworks,best foodworks,2015,August
4934,4934,2015-08-10,MyTaxiIndia,Taxi Rental platform,,Gurgaon,Private Equity,4.71,nihon kotsu,nihon kotsu co,2015,August
4935,4935,2015-08-10,eSadar,ecommerce,,New Delhi,Seed Funding,0.7536,neha vats,neha vats,2015,August
4936,4936,2015-08-10,eSadar,ecommerce,,New Delhi,Seed Funding,0.7536,gaurav vats,gaurav suri  ankit kesarwani,2015,August
4937,4937,2015-08-10,Actionable Analytics,Machine Learning Platform,,New Delhi/ Houston,Seed Funding,0.0,b m gupta,prashant gupta  others,2015,August
4938,4938,2015-08-10,Actionable Analytics,Machine Learning Platform,,New Delhi/ Houston,Seed Funding,0.0,vinod singhal,amit singhal  unitus seed fund,2015,August
4939,4939,2015-08-10,MyPoolin,mobile social network,,New Delhi,Seed Funding,2.355,qprize from qualcomm ventures,qualcomm venture,2015,August
4940,4940,2015-08-10,NearBuy (previouslyxc2xa0 groupon India),Hyper-Local Ecommerce,,New Delhi,Private Equity,150.72,sequoia capital,quona capital,2015,August
4941,4941,2015-08-10,Inkmonk,Online printing marketplace,,Chennai,Seed Funding,2.355,girish mathrubootham,girish matrubootham,2015,August
4942,4942,2015-08-10,Inkmonk,Online printing marketplace,,Chennai,Seed Funding,2.355,phanindra sama,kludein llcnphanindra sama,2015,August
4943,4943,2015-08-10,Inkmonk,Online printing marketplace,,Chennai,Seed Funding,2.355,vikram chachra,bhanu vikram parsotam,2015,August
4944,4944,2015-08-10,Inkmonk,Online printing marketplace,,Chennai,Seed Funding,2.355,others from letsventure,letsventure,2015,August
4945,4945,2015-08-10,ToneTag,mobile payment software platform,,Bangalore,Private Equity,9.42,indian angel network,india quotient  letsventures angel fund,2015,August
4946,4946,2015-08-10,Grey Orange,Automated Storage & Warehousing Solution,,Gurgaon,Private Equity,282.6,tiger global,ping an global voyager fund,2015,August
4947,4947,2015-08-11,Livspace,Home Design & D\\xc3\\xa9cor solutions,,Bangalore,Private Equity,75.36,helion ventures,helion venture,2015,August
4948,4948,2015-08-11,Livspace,Home Design & D\\xc3\\xa9cor solutions,,Bangalore,Private Equity,75.36,jungle ventures,lakestar  jungle ventures,2015,August
4949,4949,2015-08-11,Livspace,Home Design & D\\xc3\\xa9cor solutions,,Bangalore,Private Equity,75.36,bessemer venture partners,bessemer venture partner,2015,August
4950,4950,2015-08-11,WOW! MOMO,Quick Service Restaurant Chain,,Kolkata,Seed Funding,15.072,indian angel network,india quotient  letsventures angel fund,2015,August
4951,4951,2015-08-11,RainCan,Subscription based Online Grocery platform,,Pune,Seed Funding,0.942,ajeet khurana,ajeet khurana jinesh shah,2015,August
4952,4952,2015-08-11,RainCan,Subscription based Online Grocery platform,,Pune,Seed Funding,0.942,others,other,2015,August
4953,4953,2015-08-11,Allygrow Technologies,engineering services company,,Mumbai,Private Equity,188.4,zodius technology fund,hr technology fund,2015,August
4954,4954,2015-08-11,Infogain,Business and IT consulting,,New Delhi / US,Private Equity,593.46,chryscapital,chryscapital,2015,August
4955,4955,2015-08-12,OneAssist,Credit Card Fraud protection solutions,,Mumbai,Private Equity,70.65,sequoia capital,quona capital,2015,August
4956,4956,2015-08-12,OneAssist,Credit Card Fraud protection solutions,,Mumbai,Private Equity,70.65,lightspeed ventures,lightspeed,2015,August
4957,4957,2015-08-12,BigBasket,Online & mobile Grocery store,,Bangalore,Private Equity,471.0,bessemer venture partners,bessemer venture partner,2015,August
4958,4958,2015-08-12,Sheroes,Career Community for Women,,Noida,Seed Funding,7.2534,quintillion media,gree ventures  summit media,2015,August
4959,4959,2015-08-12,Sheroes,Career Community for Women,,Noida,Seed Funding,7.2534,500 startups,500 startups,2015,August
4960,4960,2015-08-12,Scripbox,Mutual Fund Investing platform,,Bangalore,Private Equity,23.55,accel,accel,2015,August
4961,4961,2015-08-12,Scripbox,Mutual Fund Investing platform,,Bangalore,Private Equity,23.55,deep kalra,deep kalra,2015,August
4962,4962,2015-08-12,Scripbox,Mutual Fund Investing platform,,Bangalore,Private Equity,23.55,rajesh magow,rajesh yohanan  rahul garg,2015,August
4963,4963,2015-08-12,Scripbox,Mutual Fund Investing platform,,Bangalore,Private Equity,23.55,mohit gupta,amit gupta,2015,August
4964,4964,2015-08-12,Scripbox,Mutual Fund Investing platform,,Bangalore,Private Equity,23.55,shamik sharma,vijay shekhar sharma,2015,August
4965,4965,2015-08-13,etaout,Ecommerce Marketing Software Platform,,Noida,Seed Funding,4.71,amit ranjan,xc2xa0 amit ranjan,2015,August
4966,4966,2015-08-13,etaout,Ecommerce Marketing Software Platform,,Noida,Seed Funding,4.71,vijay shekhar sharma,nishit sharma,2015,August
4967,4967,2015-08-13,etaout,Ecommerce Marketing Software Platform,,Noida,Seed Funding,4.71,kunal bahl,kunal shah  manish patel,2015,August
4968,4968,2015-08-13,etaout,Ecommerce Marketing Software Platform,,Noida,Seed Funding,4.71,girish mathrubootham,girish matrubootham,2015,August
4969,4969,2015-08-13,etaout,Ecommerce Marketing Software Platform,,Noida,Seed Funding,4.71,xc2xa0 group of other angel investors,other,2015,August
4970,4970,2015-08-13,IFMR Holdings,Financial Inclusion platform,,Chennai,Private Equity,235.5,accion,omidyar network  accion venture labs,2015,August
4971,4971,2015-08-13,IFMR Holdings,Financial Inclusion platform,,Chennai,Private Equity,235.5,leapfrog investments,al nour international holdings  mark v investments,2015,August
4972,4972,2015-08-13,IFMR Holdings,Financial Inclusion platform,,Chennai,Private Equity,235.5,lok capital,leo capital,2015,August
4973,4973,2015-08-13,Massblurb,Digital Marketing automation solution,,Mumbai,Seed Funding,0.0,letsventure,lets venture,2015,August
4974,4974,2015-08-13,Massblurb,Digital Marketing automation solution,,Mumbai,Seed Funding,0.0,mumbai angels,mumbai angel,2015,August
4975,4975,2015-08-13,Agrostar,Mobile Commerce for Farmers,,Pune,Private Equity,37.68,idg ventures,idg venture,2015,August
4976,4976,2015-08-14,VoxWeb,Picture based Social App,,Mumbai,Seed Funding,0.942,jitendra gupta,prashant gupta  others,2015,August
4977,4977,2015-08-14,VoxWeb,Picture based Social App,,Mumbai,Seed Funding,0.942,others,other,2015,August
4978,4978,2015-08-14,Trukky,Logistics service platform,,Ahmedabad,Seed Funding,2.3079,gujarat based angel investors,angel investors,2015,August
4979,4979,2015-08-14,Trukky,Logistics service platform,,Ahmedabad,Seed Funding,2.3079,mmy cofounder,co,2015,August
4980,4980,2015-08-14,VanityCube,On-Demand Beauty Services,,New Delhi,Seed Funding,0.0,group of angel investors,group of investors,2015,August
4981,4981,2015-08-17,Edu4Share,Exam Preparation Platform,,New Delhi,Seed Funding,2.0724,nalin jain,aj ventures  jain international trade organisation jito,2015,August
4982,4982,2015-08-17,Edu4Share,Exam Preparation Platform,,New Delhi,Seed Funding,2.0724,other angel investors,9 other angel investors,2015,August
4983,4983,2015-08-17,YourStory,Startup Focused Online Publisher,,Mumbai,Seed Funding,0.0,ratan tata,rata tata,2015,August
4984,4984,2015-08-17,YourStory,Startup Focused Online Publisher,,Mumbai,Seed Funding,0.0,vani kola,ola,2015,August
4985,4985,2015-08-17,YourStory,Startup Focused Online Publisher,,Mumbai,Seed Funding,0.0,t v mohas pai,tv mohas pai,2015,August
4986,4986,2015-08-17,YourStory,Startup Focused Online Publisher,,Mumbai,Seed Funding,0.0,karthee madasamay,alagu periyannan  karthee madasamy,2015,August
4987,4987,2015-08-17,Sampurnearth,Waste Management Solutions,,Mumbai,Seed Funding,1.5072,intellecap impact investment network,ruizheng investment,2015,August
4988,4988,2015-08-17,Sampurnearth,Waste Management Solutions,,Mumbai,Seed Funding,1.5072,family office fund,ping an global voyager fund,2015,August
4989,4989,2015-08-17,Orobind,App based Fitness coaching,,Bangalore,Private Equity,0.0,existing,existing investors,2015,August
4990,4990,2015-08-17,Orobind,App based Fitness coaching,,Bangalore,Private Equity,0.0,new investors,angel investors,2015,August
4991,4991,2015-08-17,Fixy,On demand cleaning & fixing services,,Mumbai,Seed Funding,0.0,venturenursery,venture nursery,2015,August
4992,4992,2015-08-17,MSM Box,Beauty & Lifestyle platform,,New Delhi,Seed Funding,0.0,rohit goel,rohit,2015,August
4993,4993,2015-08-17,ShadowFax,on-demand delivery service,,Gurgaon,Seed Funding,2.9202,kunal bahl,kunal shah  manish patel,2015,August
4994,4994,2015-08-17,ShadowFax,on-demand delivery service,,Gurgaon,Seed Funding,2.9202,rohit bansal,rohit,2015,August
4995,4995,2015-08-17,ShadowFax,on-demand delivery service,,Gurgaon,Seed Funding,2.9202,zishaan hayath,zishan hayath,2015,August
4996,4996,2015-08-17,ShadowFax,on-demand delivery service,,Gurgaon,Seed Funding,2.9202,prashant malik,prashant malik  others,2015,August
4997,4997,2015-08-17,Gadgets 360,Car & Bike ecommerce platform,,New Delhi,Private Equity,0.0,one97 communications,one 97 communications,2015,August
4998,4998,2015-08-18,Roposo,Fashion Discovery platform,,Gurgaon,Private Equity,141.3,tiger global,ping an global voyager fund,2015,August
4999,4999,2015-08-18,IntelligenceNODE,Data Analytics Platform,,Mumbai,Private Equity,39.564,new enterprise associates,new enterprise associates nea,2015,August
5000,5000,2015-08-18,IntelligenceNODE,Data Analytics Platform,,Mumbai,Private Equity,39.564,orios venture partners,orios ventures partners,2015,August
5001,5001,2015-08-18,HyperVerge,Deep Learning Cloud Algorithms,,Chennai,Seed Funding,9.42,nea,nea ventures,2015,August
5002,5002,2015-08-18,HyperVerge,Deep Learning Cloud Algorithms,,Chennai,Seed Funding,9.42,milliways ventures,sb ventures,2015,August
5003,5003,2015-08-18,HyperVerge,Deep Learning Cloud Algorithms,,Chennai,Seed Funding,9.42,naya ventures,aavya ventures,2015,August
5004,5004,2015-08-18,Twyst,Location based engagement & rewards platform,,Gurgaon,Seed Funding,0.0,rohit bhatia,rohit,2015,August
5005,5005,2015-08-18,Twyst,Location based engagement & rewards platform,,Gurgaon,Seed Funding,0.0,sunil nikhar,il,2015,August
5006,5006,2015-08-18,Twyst,Location based engagement & rewards platform,,Gurgaon,Seed Funding,0.0,vaibhav domkundwar,vaibhav jain,2015,August
5007,5007,2015-08-18,Twyst,Location based engagement & rewards platform,,Gurgaon,Seed Funding,0.0,siddharth nautiyal,siddharth nautiyal,2015,August
5008,5008,2015-08-18,IDfy,Online Identity Verification Services platform,,Mumbai,Private Equity,0.0,nea,nea ventures,2015,August
5009,5009,2015-08-18,IDfy,Online Identity Verification Services platform,,Mumbai,Private Equity,0.0,blume ventures,blume ventures  rtp global,2015,August
5010,5010,2015-08-18,IDfy,Online Identity Verification Services platform,,Mumbai,Private Equity,0.0,others,other,2015,August
5011,5011,2015-08-18,Zoojoo.be,Corporate Wellness App,,Bangalore,Private Equity,9.42,roundglass partners,roundglass partners llc,2015,August
5012,5012,2015-08-19,Fashionove,Fashion Search & Review Platform,,Kolkata,Seed Funding,0.0,umesh yadav,vijay krishna yadav,2015,August
5013,5013,2015-08-19,TimeSaverz,"Hyperlocal Maintenance, Repair & Cleaning services",,Mumbai,Private Equity,22.608,unilazer ventures,unilazer,2015,August
5014,5014,2015-08-19,Envoged,pre-owned Luxury online apparel seller,,Mumbai,Seed Funding,0.0,manish dhingra,amrendra reddy  manish satnaliwala,2015,August
5015,5015,2015-08-19,Envoged,pre-owned Luxury online apparel seller,,Mumbai,Seed Funding,0.0,ankush nijhawa,ankush nijhawan,2015,August
5016,5016,2015-08-19,Envoged,pre-owned Luxury online apparel seller,,Mumbai,Seed Funding,0.0,gaurav bhatnagar,gaurav suri  ankit kesarwani,2015,August
5017,5017,2015-08-19,MebelKart,Online Furniture Marketplace,,Bangalore,Private Equity,188.4,askme,m,2015,August
5018,5018,2015-08-20,LabsAdvisor,Online Diagnostic Tests Marketplace,,New Delhi,Seed Funding,1.46952,group of angel investors,group of investors,2015,August
5019,5019,2015-08-20,Flatpebble,Online marketplace for Photographers,,Hyderabad,Seed Funding,5.652,indian angel network,india quotient  letsventures angel fund,2015,August
5020,5020,2015-08-20,Bluegape.com,Visual Blogging platform,,New Delhi,Seed Funding,5.652,ah ventures,fao ventures,2015,August
5021,5021,2015-08-20,Bluegape.com,Visual Blogging platform,,New Delhi,Seed Funding,5.652,times internet,times internet ltd,2015,August
5022,5022,2015-08-20,Bluegape.com,Visual Blogging platform,,New Delhi,Seed Funding,5.652,rudy gopalakrishnan,infosys cofounder kris gopalakrishnan,2015,August
5023,5023,2015-08-21,ePoise,Job Search Platform,,Bangalore,Seed Funding,4.71,orios venture partners,orios ventures partners,2015,August
5024,5024,2015-08-21,ePoise,Job Search Platform,,Bangalore,Seed Funding,4.71,amit ranjan,xc2xa0 amit ranjan,2015,August
5025,5025,2015-08-21,ePoise,Job Search Platform,,Bangalore,Seed Funding,4.71,others,other,2015,August
5026,5026,2015-08-24,Jolly Food Fellow,Food Customer analytics platform,,Ahmedabad,Seed Funding,2.826,the 1947,the uks development finance institution  p surendra pai,2015,August
5027,5027,2015-08-24,BookMeIn,Professional Service Appointment booking service,,Mumbai,Seed Funding,3.768,ajmera group of companies,cdc group,2015,August
5028,5028,2015-08-24,iZofy,Scientific Horoscope Online Assistance platform,,Kolkata,Seed Funding,0.0,prime capital markets ltd,sequoia capital,2015,August
5029,5029,2015-08-24,rBus,Tech enabled AC bus service,,Mumbai,Seed Funding,0.0,india quotient,india quotient  letsventures angel fund,2015,August
5030,5030,2015-08-24,rBus,Tech enabled AC bus service,,Mumbai,Seed Funding,0.0,anupam mittal,ajay relan  vinay mittal,2015,August
5031,5031,2015-08-24,rBus,Tech enabled AC bus service,,Mumbai,Seed Funding,0.0,others,other,2015,August
5032,5032,2015-08-25,Qyk App,On-Demand App based Professional service provider,,Bangalore,Private Equity,9.42,growx ventures,growx,2015,August
5033,5033,2015-08-25,Qyk App,On-Demand App based Professional service provider,,Bangalore,Private Equity,9.42,tracxn labs,tracxnlabs,2015,August
5034,5034,2015-08-25,Qyk App,On-Demand App based Professional service provider,,Bangalore,Private Equity,9.42,powai lake ventures,rps ventures,2015,August
5035,5035,2015-08-25,Qyk App,On-Demand App based Professional service provider,,Bangalore,Private Equity,9.42,sahil barua,il,2015,August
5036,5036,2015-08-25,EazyDiner,Restaurant Reservation Platform,,Gurgaon,Private Equity,28.26,dsg consumer partners,saama capital  dsg consumer partners,2015,August
5037,5037,2015-08-25,EazyDiner,Restaurant Reservation Platform,,Gurgaon,Private Equity,28.26,saama capital,saama capital  dsg consumer partners,2015,August
5038,5038,2015-08-25,RevX,Cross-channel CRM platform,,Mumbai,Private Equity,37.68,norwest venture partners,rwe,2015,August
5039,5039,2015-08-25,RevX,Cross-channel CRM platform,,Mumbai,Private Equity,37.68,nexus venture partners,norwest venture partners,2015,August
5040,5040,2015-08-25,RevX,Cross-channel CRM platform,,Mumbai,Private Equity,37.68,helion venture partners,helion ventures partners,2015,August
5041,5041,2015-08-25,RevX,Cross-channel CRM platform,,Mumbai,Private Equity,37.68,draper fisher jurvetson,draper fisher jurvetson,2015,August
5042,5042,2015-08-25,RevX,Cross-channel CRM platform,,Mumbai,Private Equity,37.68,peepul capital,trifecta capital advisors,2015,August
5043,5043,2015-08-25,ICustomMadeIt,Professional Custom creators Marketplace,,Pune,Seed Funding,2.355,group of angel investors,group of investors,2015,August
5044,5044,2015-08-26,PickMyLaundry,on-Demand Washing & Dry-Cleaning,,New Delhi,Seed Funding,0.942,accel,accel,2015,August
5045,5045,2015-08-26,Belita,On-Demand Beauty Service,,Mumbai,Seed Funding,3.768,india quotient,india quotient  letsventures angel fund,2015,August
5046,5046,2015-08-26,Belita,On-Demand Beauty Service,,Mumbai,Seed Funding,3.768,letsventure investors,letsventure,2015,August
5047,5047,2015-08-26,Belita,On-Demand Beauty Service,,Mumbai,Seed Funding,3.768,lead angels,lead angels network,2015,August
5048,5048,2015-08-26,Ola,solar products and services marketplace,,Ahmedabad,Seed Funding,0.0,infuse ventures,infuse ventures fund,2015,August
5049,5049,2015-08-26,FoodTalkIndia,Online Food Community Platform,,Gurgaon,Seed Funding,4.71,undisclosed,undisclosed,2015,August
5050,5050,2015-08-27,InstaSafe,Private Cloud Networks SAAS platform,,Bangalore,Seed Funding,0.0,group of investors,group of angel investors,2015,August
5051,5051,2015-08-27,Eazy Coach,Education Marketplace,,Kolkata,Seed Funding,0.0,ravi agarwal,pravin agarwala,2015,August
5052,5052,2015-08-27,Djubo.com,Cloud Based Hotel Sales Platform,,New Delhi,Private Equity,0.0,ibibo group,manipal education  medical group memg,2015,August
5053,5053,2015-08-28,BetterButter.in,online recipe sharing platform,,New Delhi,Seed Funding,0.0,growx ventures,growx,2015,August
5054,5054,2015-08-28,BetterButter.in,online recipe sharing platform,,New Delhi,Seed Funding,0.0,manish singhal,xc2xa0 manish singhal,2015,August
5055,5055,2015-08-28,Vyomo,Beauty & Lifestyle Mobile Marketplace,,Bangalore,Private Equity,18.84,rocket internet,rocket internet ag,2015,August
5056,5056,2015-08-28,RollMafia,QSR Restaurant Chain,,Pune,Seed Funding,1.5072,equentia natural resources,equentia natural resource,2015,August
5057,5057,2015-08-29,iamwire,Digital Media publishing platform,,Gurgaon,Seed Funding,0.0,li tao,li tao,2015,August
5058,5058,2015-08-29,iamwire,Digital Media publishing platform,,Gurgaon,Seed Funding,0.0,indian angel network,india quotient  letsventures angel fund,2015,August
5059,5059,2015-08-29,iamwire,Digital Media publishing platform,,Gurgaon,Seed Funding,0.0,draphant consultants,draphant consultants,2015,August
5060,5060,2015-08-29,iamwire,Digital Media publishing platform,,Gurgaon,Seed Funding,0.0,nitin garg,ps1 venture  globallogic cofounder rajul garg,2015,August
5061,5061,2015-08-29,iamwire,Digital Media publishing platform,,Gurgaon,Seed Funding,0.0,saurabh jain,aj ventures  jain international trade organisation jito,2015,August
5062,5062,2015-08-29,iamwire,Digital Media publishing platform,,Gurgaon,Seed Funding,0.0,mohit agarwal,subhkam ventures  mohit khadaria,2015,August
5063,5063,2015-08-31,DropKaffe,Online Coffee Delivery platform,,Bangalore,Seed Funding,2.826,manish singhal,xc2xa0 manish singhal,2015,August
5064,5064,2015-08-31,DropKaffe,Online Coffee Delivery platform,,Bangalore,Seed Funding,2.826,p39 capital,trifecta capital advisors,2015,August
5065,5065,2015-08-31,DropKaffe,Online Coffee Delivery platform,,Bangalore,Seed Funding,2.826,others,other,2015,August
5066,5066,2015-08-31,Reverie,Language Localization Cloud platform,,Bangalore,Private Equity,37.68,aspada investment advisors,aspada investment,2015,August
5067,5067,2015-08-31,Reverie,Language Localization Cloud platform,,Bangalore,Private Equity,37.68,qualcomm ventures,qualcomm venture,2015,August
5068,5068,2015-08-31,Infinite Analytics,Big Data & predictive Analysis Platform,,Mumbai,Private Equity,0.0,ratan tata,rata tata,2015,August
5069,5069,2015-08-31,Infinite Analytics,Big Data & predictive Analysis Platform,,Mumbai,Private Equity,0.0,nikhil vora,il,2015,August
5070,5070,2015-08-31,Infinite Analytics,Big Data & predictive Analysis Platform,,Mumbai,Private Equity,0.0,others,other,2015,August
5071,5071,2015-07-01,Parcelled,Online Logistics Platform,,Bangalore,Seed Funding,0.0,delhivery,delhivery,2015,July
5072,5072,2015-07-01,Parcelled,Online Logistics Platform,,Bangalore,Seed Funding,0.0,tracxn labs,tracxnlabs,2015,July
5073,5073,2015-07-01,Retigence Technologies,Business IT Intelligence Services,,Mumbai,Private Equity,0.0,omnivore partners,omnivore,2015,July
5074,5074,2015-07-01,Cloudcherry Analytics,CRM / Analytics platform,,Chennai,Seed Funding,9.42,the chennai angels,chennai angels,2015,July
5075,5075,2015-07-01,Cloudcherry Analytics,CRM / Analytics platform,,Chennai,Seed Funding,9.42,idg ventures india,dg ventures india,2015,July
5076,5076,2015-07-01,HandyHome,Hyperlocal Electronics repair Service,,Mumbai,Seed Funding,5.9346,bessemer ventures,bessemer venture,2015,July
5077,5077,2015-07-01,HandyHome,Hyperlocal Electronics repair Service,,Mumbai,Seed Funding,5.9346,kae capital,vc firms india quotient  kae capital,2015,July
5078,5078,2015-07-01,iDreamCareer,Ed-Tech Platform,,New Delhi,Seed Funding,0.0,ah ventures,fao ventures,2015,July
5079,5079,2015-07-01,iDreamCareer,Ed-Tech Platform,,New Delhi,Seed Funding,0.0,vivek joshi,vivek khare  bijoy george,2015,July
5080,5080,2015-07-01,iDreamCareer,Ed-Tech Platform,,New Delhi,Seed Funding,0.0,mohit satyan,subhkam ventures  mohit khadaria,2015,July
5081,5081,2015-07-01,iDreamCareer,Ed-Tech Platform,,New Delhi,Seed Funding,0.0,others,other,2015,July
5082,5082,2015-07-01,Ola,Cab rental Mobile app,,Bangalore,Private Equity,0.0,ratan tata,rata tata,2015,July
5083,5083,2015-07-01,NxtGen,IT infrastructure & Data Center services,,Bangalore,Private Equity,127.17,ifc,ifc everstone group,2015,July
5084,5084,2015-07-01,NxtGen,IT infrastructure & Data Center services,,Bangalore,Private Equity,127.17,axon partners,axan partners,2015,July
5085,5085,2015-07-01,NxtGen,IT infrastructure & Data Center services,,Bangalore,Private Equity,127.17,intel capital,trifecta capital advisors,2015,July
5086,5086,2015-07-02,BankBazaar,Online Financial Services,,Chennai,Private Equity,565.2,amazon,amazon alexa fund,2015,July
5087,5087,2015-07-02,BankBazaar,Online Financial Services,,Chennai,Private Equity,565.2,fidelity growth partners,fidelity growth partners india,2015,July
5088,5088,2015-07-02,BankBazaar,Online Financial Services,,Chennai,Private Equity,565.2,mousse partners,sprout venture partners,2015,July
5089,5089,2015-07-02,Gozoomo,Used Car Marketplace,,Bangalore,Private Equity,47.1,saif partners,saif partners  lgt impact ventures,2015,July
5090,5090,2015-07-02,Zenatix,Internet of Things platform,,Gurgaon,Seed Funding,1.51662,rajan anan,rajan anan from google,2015,July
5091,5091,2015-07-02,Zenatix,Internet of Things platform,,Gurgaon,Seed Funding,1.51662,kunal bahl,kunal shah  manish patel,2015,July
5092,5092,2015-07-02,Zenatix,Internet of Things platform,,Gurgaon,Seed Funding,1.51662,rohit bansal,rohit,2015,July
5093,5093,2015-07-02,Zenatix,Internet of Things platform,,Gurgaon,Seed Funding,1.51662,rahul khanna,raghu khanna,2015,July
5094,5094,2015-07-03,CultureAlley,Language Learning App,,Jaipur,Private Equity,61.23,tiger global,ping an global voyager fund,2015,July
5095,5095,2015-07-03,Goqii,Mobile Fitness Marketplace,,Mumbai,Private Equity,0.0,vijay shekhar sharma,nishit sharma,2015,July
5096,5096,2015-07-03,Gingercrush,Custom Merchandize platform,,Ahmedabad,Seed Funding,9.42,gokul jaykrishna,gokul jaykrishna,2015,July
5097,5097,2015-07-03,Gingercrush,Custom Merchandize platform,,Ahmedabad,Seed Funding,9.42,br capital,b capital,2015,July
5098,5098,2015-07-04,Elanic,P2P Pre-owned goods marketplace,,Bangalore,Seed Funding,0.0,rebright partners,redbright partners,2015,July
5099,5099,2015-07-04,Elanic,P2P Pre-owned goods marketplace,,Bangalore,Seed Funding,0.0,tracxn labs,tracxnlabs,2015,July
5100,5100,2015-07-04,Elanic,P2P Pre-owned goods marketplace,,Bangalore,Seed Funding,0.0,aneesh reddy,amrendra reddy  manish satnaliwala,2015,July
5101,5101,2015-07-04,Stitchwood,Custom Furniture Marketplace,,Mumbai,Seed Funding,3.7209,powai lake ventures,rps ventures,2015,July
5102,5102,2015-07-04,Stitchwood,Custom Furniture Marketplace,,Mumbai,Seed Funding,3.7209,ajeet khurana,ajeet khurana jinesh shah,2015,July
5103,5103,2015-07-04,Stitchwood,Custom Furniture Marketplace,,Mumbai,Seed Funding,3.7209,others,other,2015,July
5104,5104,2015-07-05,Urban Tailor,Online Tailoring Services,,Bangalore,Seed Funding,0.0,group of angel investors,group of investors,2015,July
5105,5105,2015-07-06,ConfirmtTkt,Rail Ticket Confirmation predictor,,Bangalore,Seed Funding,0.0,pravin agarwala,ravi agarwal,2015,July
5106,5106,2015-07-06,ConfirmtTkt,Rail Ticket Confirmation predictor,,Bangalore,Seed Funding,0.0,others,other,2015,July
5107,5107,2015-07-06,Paper Boat,Ethnic Beverages manufacturer,,Gurgaon,Private Equity,282.6,sofina,sofina sa,2015,July
5108,5108,2015-07-06,Paper Boat,Ethnic Beverages manufacturer,,Gurgaon,Private Equity,282.6,hillhouse capital,lok capital,2015,July
5109,5109,2015-07-06,getNow,Hyperlocal Goods marketplace,,Nagpur,Seed Funding,0.0,atulya mittal,ajay relan  vinay mittal,2015,July
5110,5110,2015-07-07,Wudstay,Budget Accommodation aggregator,,Gurgaon,Private Equity,28.26,mangroves capital partners,mangrove capital partners,2015,July
5111,5111,2015-07-07,Wudstay,Budget Accommodation aggregator,,Gurgaon,Private Equity,28.26,vikas saxena,xc2xa0 vikas malpani,2015,July
5112,5112,2015-07-07,Liases Foras,Real Estate Rating & Analysis,,New Delhi,Private Equity,47.1,dmg information asia pacific,dmg information,2015,July
5113,5113,2015-07-07,Eatlo,Food Delivery platform,,Bangalore,Seed Funding,0.0,powai lake ventures,rps ventures,2015,July
5114,5114,2015-07-07,Eatlo,Food Delivery platform,,Bangalore,Seed Funding,0.0,globeinvestor,globevestor,2015,July
5115,5115,2015-07-07,Eatlo,Food Delivery platform,,Bangalore,Seed Funding,0.0,abhishekh goyal,abhishek goyal,2015,July
5116,5116,2015-07-07,IndiaLends,Financial Tech,,New Delhi,Private Equity,0.0,dsg consumer partners,saama capital  dsg consumer partners,2015,July
5117,5117,2015-07-07,IndiaLends,Financial Tech,,New Delhi,Private Equity,0.0,siddharth parekh,pidilite industries director ajay parekh,2015,July
5118,5118,2015-07-08,Quinto,Food Discovery App,,Pune,Seed Funding,0.0,jaydeep barman,jaydeep barman,2015,July
5119,5119,2015-07-08,Saavn,Music Streaming App,,Mumbai,Private Equity,942.0,tiger global,ping an global voyager fund,2015,July
5120,5120,2015-07-08,Saavn,Music Streaming App,,Mumbai,Private Equity,942.0,bertelsmann india,bertelsmann india investments,2015,July
5121,5121,2015-07-08,Saavn,Music Streaming App,,Mumbai,Private Equity,942.0,steadview capital,steadview capital  vy capital,2015,July
5122,5122,2015-07-08,Saavn,Music Streaming App,,Mumbai,Private Equity,942.0,liberty media,gree ventures  summit media,2015,July
5123,5123,2015-07-08,Saavn,Music Streaming App,,Mumbai,Private Equity,942.0,mousse partners,sprout venture partners,2015,July
5124,5124,2015-07-08,Saavn,Music Streaming App,,Mumbai,Private Equity,942.0,quilvest,il,2015,July
5125,5125,2015-07-08,Flytxt,Big Data & Analytics platform,,Mumbai / Global,Private Equity,103.62,sunrise capital gmbh,lok capital,2015,July
5126,5126,2015-07-08,Flytxt,Big Data & Analytics platform,,Mumbai / Global,Private Equity,103.62,big data investments bv,rb investments,2015,July
5127,5127,2015-07-08,Axtria,Big Data & Analytics platform,,India / US,Private Equity,282.6,helion venture partners,helion ventures partners,2015,July
5128,5128,2015-07-08,Axtria,Big Data & Analytics platform,,India / US,Private Equity,282.6,amarpreet sawhney,amarpreet sawhney,2015,July
5129,5129,2015-07-08,Axtria,Big Data & Analytics platform,,India / US,Private Equity,282.6,deshpe foundation,incubation foundation siif,2015,July
5130,5130,2015-07-08,Axtria,Big Data & Analytics platform,,India / US,Private Equity,282.6,fred khosravi,fred khosravi,2015,July
5131,5131,2015-07-08,Axtria,Big Data & Analytics platform,,India / US,Private Equity,282.6,richard s braddock,s ch group,2015,July
5132,5132,2015-07-08,33Coupons,Coupon Aggregator Platform,,Kanpur,Seed Funding,0.1884,not disclosed,un disclosed investors,2015,July
5133,5133,2015-07-08,Ampere,Electric Scooter manufacturer,,Coimbatore,Seed Funding,0.0,ratan tata,rata tata,2015,July
5134,5134,2015-07-08,Hopping Chef,Online Food-Tech Platform,,Mumbai,Seed Funding,4.4274,mirah hospitality,mirah hospitality,2015,July
5135,5135,2015-07-08,Collectabillia,Celebrity Fashion Brand,,Bangalore,Private Equity,70.65,accel,accel,2015,July
5136,5136,2015-07-08,Lendingkart,Online Finance lending platform,,Ahmedabad,Private Equity,94.2,saama capital,saama capital  dsg consumer partners,2015,July
5137,5137,2015-07-08,Lendingkart,Online Finance lending platform,,Ahmedabad,Private Equity,94.2,mayfield,mayfield fund,2015,July
5138,5138,2015-07-08,Lendingkart,Online Finance lending platform,,Ahmedabad,Private Equity,94.2,ashvin chadha,ashvin chadha,2015,July
5139,5139,2015-07-08,Lendingkart,Online Finance lending platform,,Ahmedabad,Private Equity,94.2,shailesh mehta,il,2015,July
5140,5140,2015-07-08,Lybrate,Healthcare Mobile App,,New Delhi,Private Equity,96.084,tiger global,ping an global voyager fund,2015,July
5141,5141,2015-07-08,Lybrate,Healthcare Mobile App,,New Delhi,Private Equity,96.084,ratan tata,rata tata,2015,July
5142,5142,2015-07-08,Lybrate,Healthcare Mobile App,,New Delhi,Private Equity,96.084,nexus venture partners,norwest venture partners,2015,July
5143,5143,2015-07-08,Zoomcar,Self-driven vehicle rental,,Bangalore,Private Equity,103.62,sequoia capital,quona capital,2015,July
5144,5144,2015-07-08,Zoomcar,Self-driven vehicle rental,,Bangalore,Private Equity,103.62,empire angels,mumbai angels network,2015,July
5145,5145,2015-07-08,Zoomcar,Self-driven vehicle rental,,Bangalore,Private Equity,103.62,ngp,ngp,2015,July
5146,5146,2015-07-14,MySmartPrice,Online comparison engine,,Hyderabad,Private Equity,94.2,accel,accel,2015,July
5147,5147,2015-07-14,MySmartPrice,Online comparison engine,,Hyderabad,Private Equity,94.2,helion venture partners,helion ventures partners,2015,July
5148,5148,2015-07-14,Boxmyspace,Physical Storage warehouses,,Mumbai,Seed Funding,2.826,ritesh veera,innov8 founder ritesh malik,2015,July
5149,5149,2015-07-14,Boxmyspace,Physical Storage warehouses,,Mumbai,Seed Funding,2.826,singapore angel network,singapore angels network,2015,July
5150,5150,2015-07-14,Boxmyspace,Physical Storage warehouses,,Mumbai,Seed Funding,2.826,orios venture partners,orios ventures partners,2015,July
5151,5151,2015-07-14,HackerRank,Tech Recruitment platform,,Bangalore,Private Equity,70.65,hr technology fund,neoplux technology fund,2015,July
5152,5152,2015-07-14,WickedRide,Bike Rental Platform,,Bangalore,Seed Funding,7.4418,undisclosed,undisclosed,2015,July
5153,5153,2015-07-14,WoWexpress,Tech enabled logistics platform,,Mumbai,Seed Funding,4.71,tamarind family private trust,tiw private equity,2015,July
5154,5154,2015-07-15,OYO Rooms,Budget Hotel Accommodation,,Gurgaon,Private Equity,942.0,softbank,softbank,2015,July
5155,5155,2015-07-15,OYO Rooms,Budget Hotel Accommodation,,Gurgaon,Private Equity,942.0,sequoia capital,quona capital,2015,July
5156,5156,2015-07-15,Mobikon,Restaurant customer engagement platform,,Pune,Private Equity,21.666,jungle ventures,lakestar  jungle ventures,2015,July
5157,5157,2015-07-15,InstaLively.com,Live video streaming app,,New Delhi,Seed Funding,0.0,anupam mittal,ajay relan  vinay mittal,2015,July
5158,5158,2015-07-15,InstaLively.com,Live video streaming app,,New Delhi,Seed Funding,0.0,an chrasekaran,ping an global voyager fund,2015,July
5159,5159,2015-07-15,InstaLively.com,Live video streaming app,,New Delhi,Seed Funding,0.0,uday shankar,uday shankar,2015,July
5160,5160,2015-07-15,InstaLively.com,Live video streaming app,,New Delhi,Seed Funding,0.0,chetan bhagat,chetan bhagat,2015,July
5161,5161,2015-07-15,Roadrunnr,Hyper local logistics platform,,Bangalore,Private Equity,103.62,sequoia capital,quona capital,2015,July
5162,5162,2015-07-15,Roadrunnr,Hyper local logistics platform,,Bangalore,Private Equity,103.62,nexus venture partners,norwest venture partners,2015,July
5163,5163,2015-07-15,Roadrunnr,Hyper local logistics platform,,Bangalore,Private Equity,103.62,blume ventures,blume ventures  rtp global,2015,July
5164,5164,2015-07-16,Ketto,Crowd Funding Platform,,Mumbai,Seed Funding,6.594,pradyumna dalmia,pradyumna dalmia,2015,July
5165,5165,2015-07-16,Ketto,Crowd Funding Platform,,Mumbai,Seed Funding,6.594,sudhir rao,sudhir anarao,2015,July
5166,5166,2015-07-16,Ketto,Crowd Funding Platform,,Mumbai,Seed Funding,6.594,others,other,2015,July
5167,5167,2015-07-17,QuikWallet,F&B sector Mobile Payment platform,,Mumbai,Private Equity,15.072,snow leopard technology ventures,snow leopard,2015,July
5168,5168,2015-07-17,Omnikart,Industrial Supplies B2B ecommerce,,Mumbai,Seed Funding,0.942,sumit ghi,sumit dayal  others,2015,July
5169,5169,2015-07-17,Omnikart,Industrial Supplies B2B ecommerce,,Mumbai,Seed Funding,0.942,manish ghi,amrendra reddy  manish satnaliwala,2015,July
5170,5170,2015-07-20,Zo Rooms,Online budget hotel chain,,New Delhi,Private Equity,141.3,tiger global,ping an global voyager fund,2015,July
5171,5171,2015-07-20,Zo Rooms,Online budget hotel chain,,New Delhi,Private Equity,141.3,orios venture partners,orios ventures partners,2015,July
5172,5172,2015-07-20,Innoviti,Payment Solutions platform,,Bangalore,Private Equity,45.687,catamaran ventures,cataraman ventures,2015,July
5173,5173,2015-07-20,Innoviti,Payment Solutions platform,,Bangalore,Private Equity,45.687,new india investment corporation,ruizheng investment,2015,July
5174,5174,2015-07-21,ZenRadius,Online Hiring Platform,,Bangalore,Seed Funding,0.0,tracxn labs,tracxnlabs,2015,July
5175,5175,2015-07-21,ZenRadius,Online Hiring Platform,,Bangalore,Seed Funding,0.0,deepak singh,imanpreet singh arora,2015,July
5176,5176,2015-07-21,Joy by nature,Organic Food ecommerce,,New Delhi,Private Equity,9.42,mumbai angels,mumbai angel,2015,July
5177,5177,2015-07-21,Joy by nature,Organic Food ecommerce,,New Delhi,Private Equity,9.42,vriddhi fund,ping an global voyager fund,2015,July
5178,5178,2015-07-21,Joy by nature,Organic Food ecommerce,,New Delhi,Private Equity,9.42,others,other,2015,July
5179,5179,2015-07-22,Iqlect,Big Data & Analytics platform,,Bangalore,Private Equity,18.84,exfinity venture partners,exfinity venture,2015,July
5180,5180,2015-07-22,deGustibus,Fine Dining Restaurant Chain,,Mumbai,Private Equity,282.6,india value fund advisors,value fund advisors,2015,July
5181,5181,2015-07-23,Nestaway,Luxury Rental Homes,,Bangalore,Private Equity,120.105,flipkart,flipkart logistics pvt ltd,2015,July
5182,5182,2015-07-23,Nestaway,Luxury Rental Homes,,Bangalore,Private Equity,120.105,tiger global,ping an global voyager fund,2015,July
5183,5183,2015-07-23,Mswipe,Mobile Point of Sale payment solution,,,Private Equity,235.5,falcon edge capital,alcon edge capital,2015,July
5184,5184,2015-07-23,Mswipe,Mobile Point of Sale payment solution,,,Private Equity,235.5,meru capital,emery capital,2015,July
5185,5185,2015-07-23,Mswipe,Mobile Point of Sale payment solution,,,Private Equity,235.5,ola,polaris fund,2015,July
5186,5186,2015-07-23,Mswipe,Mobile Point of Sale payment solution,,,Private Equity,235.5,matrix partner,bessemer venture partner,2015,July
5187,5187,2015-07-23,Mswipe,Mobile Point of Sale payment solution,,,Private Equity,235.5,dsg consumer partners,saama capital  dsg consumer partners,2015,July
5188,5188,2015-07-23,Mswipe,Mobile Point of Sale payment solution,,,Private Equity,235.5,axis bank,alphabets growth investment arm capital g  axis bank,2015,July
5189,5189,2015-07-23,Myonsto,Online Grocers,,Ahmedabad,Seed Funding,3.0144,jayant bokadia,jayant bokadia,2015,July
5190,5190,2015-07-23,iCrushiFlush,Casual Dating App,,Mumbai,Seed Funding,0.0,idg ventures india,dg ventures india,2015,July
5191,5191,2015-07-23,MedGenome,Clinical Genomics Provider,,Bangalore,Private Equity,188.4,sequoia capital,quona capital,2015,July
5192,5192,2015-07-23,HolidayIQ,Travel information portal,,Bangalore,Private Equity,141.3,makemytrip,makemytrip limited,2015,July
5193,5193,2015-07-23,Fitternity,Fitness Marketplace,,Mumbai,Private Equity,9.42,exfinity venture partners,exfinity venture,2015,July
5194,5194,2015-07-23,Quikr,Online & Mobile classified listings,,Mumbai,Private Equity,565.2,ab kinnevik,investment ab kinnevik,2015,July
5195,5195,2015-07-23,Quikr,Online & Mobile classified listings,,Mumbai,Private Equity,565.2,falcon edge capital,alcon edge capital,2015,July
5196,5196,2015-07-23,Quikr,Online & Mobile classified listings,,Mumbai,Private Equity,565.2,coatue management,composite capital management,2015,July
5197,5197,2015-07-23,JetSetGo,Private Jet/ Helicopter Marketplace,,New Delhi,Seed Funding,0.0,yourwecan ventures,youwecan ventures,2015,July
5198,5198,2015-07-24,BroEx,Real Estate Broker network App,,Gurgaon,Private Equity,9.42,lightspeed india,xc2xa0 lightspeed india,2015,July
5199,5199,2015-07-25,Shopatplaces,Ethnic/ Traditional Fashion Store,,New Delhi,Seed Funding,0.0,indian angel network,india quotient  letsventures angel fund,2015,July
5200,5200,2015-07-25,CredR,Used Bikes Marketplace,,Mumbai,Private Equity,141.3,fidelity growth partners,fidelity growth partners india,2015,July
5201,5201,2015-07-27,ManageMySpa,Spa & Salon Management Software,,Hyderabad,Private Equity,56.52,accel,accel,2015,July
5202,5202,2015-07-27,Townrush,B2B logistics delivery platform,,Bangalore,Seed Funding,0.0,lightspeed venture partners,lightspeed venture partners india,2015,July
5203,5203,2015-07-27,Locus,Logistics Automation Platform,,Bangalore,Seed Funding,0.0,growx ventures,growx,2015,July
5204,5204,2015-07-27,Locus,Logistics Automation Platform,,Bangalore,Seed Funding,0.0,xc2xa0 manish singhal,manish singhal,2015,July
5205,5205,2015-07-27,Bevy,Online Hiring Platform,,Bangalore,Seed Funding,0.0,varun agarwal,varun aggarwal,2015,July
5206,5206,2015-07-27,Bevy,Online Hiring Platform,,Bangalore,Seed Funding,0.0,others,other,2015,July
5207,5207,2015-07-28,Pepperfry,Online home d\\xc3\\xa9cor marketplace,,Mumbai,Private Equity,942.0,goldman sachs,goldman sachs group,2015,July
5208,5208,2015-07-28,Pepperfry,Online home d\\xc3\\xa9cor marketplace,,Mumbai,Private Equity,942.0,zodius technology fund,hr technology fund,2015,July
5209,5209,2015-07-28,Pepperfry,Online home d\\xc3\\xa9cor marketplace,,Mumbai,Private Equity,942.0,bertelsmann india investments norwest venture partners,norwest venture partners,2015,July
5210,5210,2015-07-28,Flipkart,Online Marketplace,,Bangalore,Private Equity,6594.0,steadview capital  existing investors,existing investors,2015,July
5211,5211,2015-07-28,Opinio,Hyperlocal food & grocery store,,Bangalore,Seed Funding,12.246,accel,accel,2015,July
5212,5212,2015-07-28,Opinio,Hyperlocal food & grocery store,,Bangalore,Seed Funding,12.246,traxcn labs,tracxn labs,2015,July
5213,5213,2015-07-28,Opinio,Hyperlocal food & grocery store,,Bangalore,Seed Funding,12.246,others,other,2015,July
5214,5214,2015-07-28,Zoctr,Health-Tech platform,,Mumbai,Seed Funding,9.42,seep parwal,seep mehta family office,2015,July
5215,5215,2015-07-28,Zoctr,Health-Tech platform,,Mumbai,Seed Funding,9.42,krishan gupta,prashant gupta  others,2015,July
5216,5216,2015-07-28,Zoctr,Health-Tech platform,,Mumbai,Seed Funding,9.42,others,other,2015,July
5217,5217,2015-07-29,Zimmber,Hyperlocal Handyman Services,,Mumbai,Private Equity,18.84,idg ventures india,dg ventures india,2015,July
5218,5218,2015-07-29,Zimmber,Hyperlocal Handyman Services,,Mumbai,Private Equity,18.84,omidyar network,omidyar networks,2015,July
5219,5219,2015-07-29,Zimmber,Hyperlocal Handyman Services,,Mumbai,Private Equity,18.84,sherpalo ventures,breakthrough energy ventures,2015,July
5220,5220,2015-07-29,Zimmber,Hyperlocal Handyman Services,,Mumbai,Private Equity,18.84,xc2xa0 mohas pai,mohas pai,2015,July
5221,5221,2015-07-29,trueHb,Medical Tech Instruments,,New Delhi,Seed Funding,22.608,sachin  binny bansal,binny bansal,2015,July
5222,5222,2015-07-29,trueHb,Medical Tech Instruments,,New Delhi,Seed Funding,22.608,malvinder  shivinder singh,shivani singh,2015,July
5223,5223,2015-07-29,trueHb,Medical Tech Instruments,,New Delhi,Seed Funding,22.608,gurpreet singh,imanpreet singh arora,2015,July
5224,5224,2015-07-29,trueHb,Medical Tech Instruments,,New Delhi,Seed Funding,22.608,others,other,2015,July
5225,5225,2015-07-29,Zovi.com / Little App,Hyperlocal Deals Marketplace,,Bangalore,Private Equity,471.0,paytm,m,2015,July
5226,5226,2015-07-29,Zovi.com / Little App,Hyperlocal Deals Marketplace,,Bangalore,Private Equity,471.0,saif partners,saif partners  lgt impact ventures,2015,July
5227,5227,2015-07-29,Zovi.com / Little App,Hyperlocal Deals Marketplace,,Bangalore,Private Equity,471.0,tiger global,ping an global voyager fund,2015,July
5228,5228,2015-07-29,Zovi.com / Little App,Hyperlocal Deals Marketplace,,Bangalore,Private Equity,471.0,others,other,2015,July
5229,5229,2015-07-29,Swajal,Innovative Water Solutions,,Gurgaon,Private Equity,11.304,abhishek gupta,prashant gupta  others,2015,July
5230,5230,2015-07-30,Pipa Bella,Online Jewelry Store,,Mumbai,Private Equity,5.652,lionrock capital,trifecta capital advisors,2015,July
5231,5231,2015-07-30,Pragmatix,Business intelligence & Analytics,,Mumbai,Private Equity,22.608,sidbi venture capital ltd,sidbi venture capital,2015,July
5232,5232,2015-07-30,Droom.in,Used Vehicle Marketplace,,New Delhi,Private Equity,150.72,lightbox ventures,lightbox ventures  others,2015,July
5233,5233,2015-07-30,Droom.in,Used Vehicle Marketplace,,New Delhi,Private Equity,150.72,beenos,beenos asia,2015,July
5234,5234,2015-07-30,MadRat Games,Educational Board Games,,Bangalore,Seed Funding,1.58256,kunal bahl,kunal shah  manish patel,2015,July
5235,5235,2015-07-30,MadRat Games,Educational Board Games,,Bangalore,Seed Funding,1.58256,rohit bansal,rohit,2015,July
5236,5236,2015-07-30,Noodle Play,Chinese food delivery,,Mumbai,Seed Funding,1.58256,elliot stechman,elliot stechman,2015,July
5237,5237,2015-07-30,Noodle Play,Chinese food delivery,,Mumbai,Seed Funding,1.58256,gautam sinha,gautam chhaochharia,2015,July
5238,5238,2015-07-30,Noodle Play,Chinese food delivery,,Mumbai,Seed Funding,1.58256,ambarish ray,subho ray  samir kumar,2015,July
5239,5239,2015-07-30,Wassup,On-Demand Laundry & Dry cleaning App,,Chennai,Private Equity,0.0,b s nagesh,bs nagesh,2015,July
5240,5240,2015-07-30,Cartisan,On-Demand Car services App,,Bangalore,Seed Funding,0.0,youwecan ventures,yourwecan ventures,2015,July
5241,5241,2015-07-30,Cartisan,On-Demand Car services App,,Bangalore,Seed Funding,0.0,xc2xa0 aprameya radhakrishna,aprameya radhakrishna,2015,July
5242,5242,2015-07-31,LazyLad,Hyperlocal Grocery App,,Gurgaon,Private Equity,4.71,jai choi,jai choi,2015,July
5243,5243,2015-07-31,LazyLad,Hyperlocal Grocery App,,Gurgaon,Private Equity,4.71,kiyohiro sugashita,kiyohiro sugashita,2015,July
5244,5244,2015-07-31,LazyLad,Hyperlocal Grocery App,,Gurgaon,Private Equity,4.71,hirokazu,hirokazu,2015,July
5245,5245,2015-07-31,TripFactory,Online Curated Holiday package bookings,,Bangalore,Private Equity,0.0,aarin capital partners,kalaari capital partners,2015,July
5246,5246,2015-07-31,Prothom,Hasbro Toy Manufacturer,,Pune,Private Equity,18.84,oliphabs capital,oliphans capital,2015,July
5247,5247,2015-07-31,Bona Vita,Travel Tech,,Gurgaon,Private Equity,47.1,makemytrip,makemytrip limited,2015,July
5248,5248,2015-06-01,Vyomo,Beauty and Wellness Platform,,New Delhi,Seed Funding,0.0,aprameya radhakrishna,aprameya radhakrishnan,2015,June
5249,5249,2015-06-01,Veeba Foods,Healthy Food Manufacturer,,New Delhi,Private Equity,56.52,dsg consumer partners,saama capital  dsg consumer partners,2015,June
5250,5250,2015-06-01,Veeba Foods,Healthy Food Manufacturer,,New Delhi,Private Equity,56.52,saama capital,saama capital  dsg consumer partners,2015,June
5251,5251,2015-06-01,Truebil,Used Car Marketplace,,Mumbai,Seed Funding,4.71,kae capital,vc firms india quotient  kae capital,2015,June
5252,5252,2015-06-01,Truebil,Used Car Marketplace,,Mumbai,Seed Funding,4.71,anupam mittal,ajay relan  vinay mittal,2015,June
5253,5253,2015-06-01,Meritnation,Online Learning Platform,,New Delhi,Private Equity,37.68,infoedge,info edge,2015,June
5254,5254,2015-06-01,Eattreatonline,Healthy Food Online Community,,New Delhi,Seed Funding,3.297,group of 15 angel investors,group of angel investors,2015,June
5255,5255,2015-06-01,CredR,Used two-wheeler Marketplace,,Mumbai,Seed Funding,0.0,growthstory,growthstory,2015,June
5256,5256,2015-06-01,Glamrs,Online Fashion Video Portal,,Mumbai,Private Equity,9.42,ventureworks india,sc gg india mobility holdings llc,2015,June
5257,5257,2015-06-01,Glamrs,Online Fashion Video Portal,,Mumbai,Private Equity,9.42,blume ventures,blume ventures  rtp global,2015,June
5258,5258,2015-06-01,Glamrs,Online Fashion Video Portal,,Mumbai,Private Equity,9.42,batlivala,batlivala,2015,June
5259,5259,2015-06-01,Glamrs,Online Fashion Video Portal,,Mumbai,Private Equity,9.42,karani securities,karani securities,2015,June
5260,5260,2015-06-01,Glamrs,Online Fashion Video Portal,,Mumbai,Private Equity,9.42,nikunj jhaveri,nikunj jhaveri,2015,June
5261,5261,2015-06-01,Proviera,Probiotic Technology Products Manufacturer,,Chennai,Private Equity,5.181,infuse ventures,infuse ventures fund,2015,June
5262,5262,2015-06-01,Arth DesignBuild,Architectural Design & Consulting,,Hyderabad,Seed Funding,4.71,srinivas tirupati,srinivas tirupati,2015,June
5263,5263,2015-06-02,Saama,Big Data & Analytics Services,,Pune / US,Private Equity,329.7,carrick capital partners,march capital partners,2015,June
5264,5264,2015-06-02,AllIzHealth,Preventive Healthcare Services,,Pune,Seed Funding,3.297,mumbai angels,mumbai angel,2015,June
5265,5265,2015-06-02,AllIzHealth,Preventive Healthcare Services,,Pune,Seed Funding,3.297,other angel investors,9 other angel investors,2015,June
5266,5266,2015-06-02,Karma Healthcare,Tech-enabled Rural Healthcare Services,,Udaipur,Private Equity,0.0,ennovent impact investment holding,impact investment holding,2015,June
5267,5267,2015-06-03,Entropy Innovations,Engineering Innovations,,Mumbai,Seed Funding,0.0,mark mobius,al nour international holdings  mark v investments,2015,June
5268,5268,2015-06-03,Entropy Innovations,Engineering Innovations,,Mumbai,Seed Funding,0.0,9 other angel investors,other angel investors,2015,June
5269,5269,2015-06-03,Propstack,Real Estate Intelligence Platform,,Mumbai,Private Equity,28.26,dmg information,dmg information asia pacific,2015,June
5270,5270,2015-06-03,MyTaxiIndia,Online Car Rental Affiliates,,New Delhi,Seed Funding,0.942,green house ventures,green house ventures ghv,2015,June
5271,5271,2015-06-03,Arkin Net,Data Center Software platform,,Pune / US,Private Equity,141.3,nexus venture partners,norwest venture partners,2015,June
5272,5272,2015-06-03,Little Black Book Delhi,Online City & Lifestyle Guide,,New Delhi,Seed Funding,1.413,rajan anan,rajan anan from google,2015,June
5273,5273,2015-06-03,Little Black Book Delhi,Online City & Lifestyle Guide,,New Delhi,Seed Funding,1.413,niraj singh,nirmal singh,2015,June
5274,5274,2015-06-03,Little Black Book Delhi,Online City & Lifestyle Guide,,New Delhi,Seed Funding,1.413,sachin bhatia,alok mittal  sachin bhatia,2015,June
5275,5275,2015-06-03,Little Black Book Delhi,Online City & Lifestyle Guide,,New Delhi,Seed Funding,1.413,singapore angel network,singapore angels network,2015,June
5276,5276,2015-06-03,Little Black Book Delhi,Online City & Lifestyle Guide,,New Delhi,Seed Funding,1.413,aseem vadehra,aseem vadehra,2015,June
5277,5277,2015-06-03,MyPoolin,P2P Payments platform,,New Delhi,Seed Funding,0.0,sharad sharma,vijay shekhar sharma,2015,June
5278,5278,2015-06-03,MyPoolin,P2P Payments platform,,New Delhi,Seed Funding,0.0,rajan anan,rajan anan from google,2015,June
5279,5279,2015-06-03,MyPoolin,P2P Payments platform,,New Delhi,Seed Funding,0.0,sunil kalra,il,2015,June
5280,5280,2015-06-03,MyPoolin,P2P Payments platform,,New Delhi,Seed Funding,0.0,amit ranjan,xc2xa0 amit ranjan,2015,June
5281,5281,2015-06-03,MyPoolin,P2P Payments platform,,New Delhi,Seed Funding,0.0,rohan malhotra,arjun  rohan malhotra,2015,June
5282,5282,2015-06-03,MyPoolin,P2P Payments platform,,New Delhi,Seed Funding,0.0,xc2xa0 arjun malhotra,arjun malhotra,2015,June
5283,5283,2015-06-03,MyPoolin,P2P Payments platform,,New Delhi,Seed Funding,0.0,gautam ghi,gautam chhaochharia,2015,June
5284,5284,2015-06-03,iCustomadeit,Bespoke Merchandize Marketplace,,Pune,Seed Funding,2.355,virendra shahney,virendra shahney,2015,June
5285,5285,2015-06-03,iCustomadeit,Bespoke Merchandize Marketplace,,Pune,Seed Funding,2.355,dr paresh doshi,dr apoorv ranjan sharma,2015,June
5286,5286,2015-06-03,KAARYAH,Women Lifestyle Marketplace,,Gurgaon,Seed Funding,0.0,ratan tata,rata tata,2015,June
5287,5287,2015-06-04,Ecom Express,Logistics Solution Provider,,New Delhi,Private Equity,1290.54,warburg pincus,wargburg pincus,2015,June
5288,5288,2015-06-04,Vidooly,Video Intelligence Platform,,Noida,Private Equity,9.42,bessemer venture partners,bessemer venture partner,2015,June
5289,5289,2015-06-04,Zopper,Hyperlocal Shopping App,,Mumbai,Private Equity,188.4,tiger global,ping an global voyager fund,2015,June
5290,5290,2015-06-04,Zopper,Hyperlocal Shopping App,,Mumbai,Private Equity,188.4,xc2xa0 nirvana ventures advisors,xc2xa0,2015,June
5291,5291,2015-06-04,Flipkart,eCommerce platform,,Bangalore,Private Equity,471.0,morgan stanley,morgan stanley private equity asia,2015,June
5292,5292,2015-06-05,kWatt Solutions,Renewable energy solutions,,Mumbai,Seed Funding,4.71,undisclosed,undisclosed,2015,June
5293,5293,2015-06-05,Medwell Ventures,Healthcare\\nService provider,,Bangalore,Private Equity,94.2,fidelity growth partners,fidelity growth partners india,2015,June
5294,5294,2015-06-05,Medwell Ventures,Healthcare\\nService provider,,Bangalore,Private Equity,94.2,fidelity biosciences,fidelity growth partners india,2015,June
5295,5295,2015-06-05,Jugnoo,Auto Rickshaw Based Services,,Chandigarh,Private Equity,47.1,snow leopard,snow leopard ventures,2015,June
5296,5296,2015-06-05,Jugnoo,Auto Rickshaw Based Services,,Chandigarh,Private Equity,47.1,paytm,m,2015,June
5297,5297,2015-06-08,PosterGully,Artist / Designer Marketplace,,New Delhi,Seed Funding,0.0,natarajan iyer,ravi iyer,2015,June
5298,5298,2015-06-08,PosterGully,Artist / Designer Marketplace,,New Delhi,Seed Funding,0.0,rajesh sawhney,rajesh sawheny,2015,June
5299,5299,2015-06-08,PosterGully,Artist / Designer Marketplace,,New Delhi,Seed Funding,0.0,xc2xa0,kddixc2xa0,2015,June
5300,5300,2015-06-08,PosterGully,Artist / Designer Marketplace,,New Delhi,Seed Funding,0.0,other angel investors,9 other angel investors,2015,June
5301,5301,2015-06-08,Ola,Off-grid Solar Power,,Mumbai,Private Equity,376.8,future fund,ping an global voyager fund,2015,June
5302,5302,2015-06-08,Ola,Off-grid Solar Power,,Mumbai,Private Equity,376.8,bessemer venture,bessemer ventures,2015,June
5303,5303,2015-06-08,Ola,Off-grid Solar Power,,Mumbai,Private Equity,376.8,capricorn investment  ifc,capricorn investment group,2015,June
5304,5304,2015-06-09,Clovia,Private Label lingerie Ecommerce,,New Delhi,Private Equity,47.1,ivycap ventures,ivycamp ventures,2015,June
5305,5305,2015-06-09,Swiggy,Online Food Ordering,,Bangalore,Private Equity,155.43,norwest venture partners,rwe,2015,June
5306,5306,2015-06-09,Swiggy,Online Food Ordering,,Bangalore,Private Equity,155.43,saif partners,saif partners  lgt impact ventures,2015,June
5307,5307,2015-06-09,Swiggy,Online Food Ordering,,Bangalore,Private Equity,155.43,accel,accel,2015,June
5308,5308,2015-06-09,PayMango,Mobile Commerce Platform,,Gurgaon,Seed Funding,2.20428,group of angel investors,group of investors,2015,June
5309,5309,2015-06-09,Printland,Online Printing Services,,New Delhi,Private Equity,0.0,sidbi venture capital ltd,sidbi venture capital,2015,June
5310,5310,2015-06-09,Teritree,Digital Marketing Services,,Bangalore,Seed Funding,1.3188,kcl,kcl,2015,June
5311,5311,2015-06-10,Guiddoo,Travel Guide Mobile App,,Mumbai,Seed Funding,0.0,pawan borle,pawan borle,2015,June
5312,5312,2015-06-10,Guiddoo,Travel Guide Mobile App,,Mumbai,Seed Funding,0.0,svp fly dubai,svp fly dubai,2015,June
5313,5313,2015-06-10,Guiddoo,Travel Guide Mobile App,,Mumbai,Seed Funding,0.0,others,other,2015,June
5314,5314,2015-06-10,Voonik,Fashion Ecommerce store,,Bangalore,Private Equity,47.1,sequoia capital,quona capital,2015,June
5315,5315,2015-06-10,Voonik,Fashion Ecommerce store,,Bangalore,Private Equity,47.1,seedfund,seedfund,2015,June
5316,5316,2015-06-11,AdStringO,Mobile Compression Software,,Mumbai,Seed Funding,3.297,arihant patni,arihant patni of patni family office,2015,June
5317,5317,2015-06-11,AdStringO,Mobile Compression Software,,Mumbai,Seed Funding,3.297,vishal khare,vivek khare  bijoy george,2015,June
5318,5318,2015-06-11,AdStringO,Mobile Compression Software,,Mumbai,Seed Funding,3.297,xc2xa0 viswanath ramachran,viswanath ramachran,2015,June
5319,5319,2015-06-11,Faircent.com,Peer to Peer Lending platform,,Gurgaon,Seed Funding,2.355,m,paytm,2015,June
5320,5320,2015-06-11,Faircent.com,Peer to Peer Lending platform,,Gurgaon,Seed Funding,2.355,s partners pte ltd,s partners,2015,June
5321,5321,2015-06-12,La Renon,Global Healthcare products,,Ahmedabad,Private Equity,150.72,sequoia capital,quona capital,2015,June
5322,5322,2015-06-15,Homelane,Home Furnishing Solutions,,Bangalore,Private Equity,471.0,sequoia capital,quona capital,2015,June
5323,5323,2015-06-15,iSTAR,Skill Training & Placement Platform,,Bangalore,Private Equity,0.0,unitus seed fund,amit singhal  unitus seed fund,2015,June
5324,5324,2015-06-15,Shippr,Intra-City Logistics service,,Bangalore,Seed Funding,4.71,i2india pvt ltd,spring canter investment ltd,2015,June
5325,5325,2015-06-16,FoodAbhi,online tiffin service aggregator,,Mumbai,Seed Funding,0.0,group of angel investors,group of investors,2015,June
5326,5326,2015-06-16,Karma Recycling,Electronic Goods recycling service,,Delhi,Private Equity,0.0,infuse ventures,infuse ventures fund,2015,June
5327,5327,2015-06-16,Karma Recycling,Electronic Goods recycling service,,Delhi,Private Equity,0.0,low carbon enterprise fund,india quotient  letsventures angel fund,2015,June
5328,5328,2015-06-16,CouponRaja,Online Coupon & comparison platform,,Mumbai,Seed Funding,4.71,mahesh pratapneni,mahesh pratapneni,2015,June
5329,5329,2015-06-16,CouponRaja,Online Coupon & comparison platform,,Mumbai,Seed Funding,4.71,pallab chatterjee,pallab chatterjee,2015,June
5330,5330,2015-06-16,CouponRaja,Online Coupon & comparison platform,,Mumbai,Seed Funding,4.71,others,other,2015,June
5331,5331,2015-06-17,Babychakra,Parents & Kids Online platform,,Mumbai,Seed Funding,0.0,mumbai angels,mumbai angel,2015,June
5332,5332,2015-06-17,Babychakra,Parents & Kids Online platform,,Mumbai,Seed Funding,0.0,patni family office,arihant patni of patni family office,2015,June
5333,5333,2015-06-17,Babychakra,Parents & Kids Online platform,,Mumbai,Seed Funding,0.0,singapore angel network,singapore angels network,2015,June
5334,5334,2015-06-17,Babychakra,Parents & Kids Online platform,,Mumbai,Seed Funding,0.0,karan maheshwari,maheshwari investments pvt ltd,2015,June
5335,5335,2015-06-17,Babychakra,Parents & Kids Online platform,,Mumbai,Seed Funding,0.0,jatin aneja,jatin aneja,2015,June
5336,5336,2015-06-17,Babychakra,Parents & Kids Online platform,,Mumbai,Seed Funding,0.0,kishor ganji,kishore ganji,2015,June
5337,5337,2015-06-17,Babychakra,Parents & Kids Online platform,,Mumbai,Seed Funding,0.0,roopa nath,roopa nath,2015,June
5338,5338,2015-06-17,Jiffstore,Online Grocery platform,,Bangalore,Seed Funding,0.0,unitus seed fund,amit singhal  unitus seed fund,2015,June
5339,5339,2015-06-17,Jiffstore,Online Grocery platform,,Bangalore,Seed Funding,0.0,times internet,times internet ltd,2015,June
5340,5340,2015-06-17,MyDentist,Dental Clinic chain,,Mumbai,Private Equity,77.244,lgt group,manipal education  medical group memg,2015,June
5341,5341,2015-06-17,MyDentist,Dental Clinic chain,,Mumbai,Private Equity,77.244,indian angel network,india quotient  letsventures angel fund,2015,June
5342,5342,2015-06-17,MyDentist,Dental Clinic chain,,Mumbai,Private Equity,77.244,seedfund,seedfund,2015,June
5343,5343,2015-06-18,Moovo,On-Demand Logistics Service,,New Delhi,Seed Funding,0.0,youwecan ventures,yourwecan ventures,2015,June
5344,5344,2015-06-18,Fracktal Works,3D Printer Manufacturer,,Bangalore,Private Equity,28.26,neoteric infomatique limited,makemytrip limited,2015,June
5345,5345,2015-06-18,Hansa Customer Equity,IT / Customer Engagement Consulting,,Mumbai,Private Equity,47.1,ask pravi,ask pravi,2015,June
5346,5346,2015-06-18,HealthifyMe,Health & Fitness App,,Bangalore,Private Equity,0.0,gopal srinivasan,s gopal,2015,June
5347,5347,2015-06-18,HealthifyMe,Health & Fitness App,,Bangalore,Private Equity,0.0,sashi reddy,sashi reddi,2015,June
5348,5348,2015-06-18,HealthifyMe,Health & Fitness App,,Bangalore,Private Equity,0.0,amit gupta,amajit gupta,2015,June
5349,5349,2015-06-18,HealthifyMe,Health & Fitness App,,Bangalore,Private Equity,0.0,pallav nadhani,mohas pai pallav nadhani,2015,June
5350,5350,2015-06-18,CAKART.in,Online Education Marketplace,,Bangalore,Seed Funding,0.0,sunil maheshwari,il,2015,June
5351,5351,2015-06-18,CAKART.in,Online Education Marketplace,,Bangalore,Seed Funding,0.0,group of investors,group of angel investors,2015,June
5352,5352,2015-06-19,Housejoy,Home services marketplace,,Bangalore,Private Equity,37.68,matrix partner,bessemer venture partner,2015,June
5353,5353,2015-06-19,FundsIndia.com,Financial Services Platform,,Chennai,Private Equity,103.62,faering capital,aarin capital,2015,June
5354,5354,2015-06-19,FundsIndia.com,Financial Services Platform,,Chennai,Private Equity,103.62,foundation capital,lok capital,2015,June
5355,5355,2015-06-19,FundsIndia.com,Financial Services Platform,,Chennai,Private Equity,103.62,inventus capital partners,inventus capital,2015,June
5356,5356,2015-06-20,Cupick,Social Network for Artists,,Bangalore,Seed Funding,1.1304,group of angel investors from usindia,angel investors,2015,June
5357,5357,2015-06-20,Tracxn,Startup funding platform,,Bangalore,Private Equity,94.2,sachin bansal,axilor ventures  binny bansal,2015,June
5358,5358,2015-06-20,Tracxn,Startup funding platform,,Bangalore,Private Equity,94.2,bunny bansal,binny bansal,2015,June
5359,5359,2015-06-20,Tracxn,Startup funding platform,,Bangalore,Private Equity,94.2,other investors,other angel investors,2015,June
5360,5360,2015-06-21,Ola,Food Delivery Platform,,Mumbai,Private Equity,29.202,kalaari capital,romulus capital  kalaari capital,2015,June
5361,5361,2015-06-21,Ola,Food Delivery Platform,,Mumbai,Private Equity,29.202,india quotient,india quotient  letsventures angel fund,2015,June
5362,5362,2015-06-22,elong,Data Driven recruitment recommendation,,Bangalore,Private Equity,47.1,kunal bahl,kunal shah  manish patel,2015,June
5363,5363,2015-06-22,elong,Data Driven recruitment recommendation,,Bangalore,Private Equity,47.1,rohit bansal,rohit,2015,June
5364,5364,2015-06-22,elong,Data Driven recruitment recommendation,,Bangalore,Private Equity,47.1,blume ventures,blume ventures  rtp global,2015,June
5365,5365,2015-06-22,elong,Data Driven recruitment recommendation,,Bangalore,Private Equity,47.1,phanindra sama,kludein llcnphanindra sama,2015,June
5366,5366,2015-06-22,elong,Data Driven recruitment recommendation,,Bangalore,Private Equity,47.1,raju reddy,ravikanth reddy,2015,June
5367,5367,2015-06-22,Ixigo,Travel Search Engine,,Gurgaon,Private Equity,0.0,micromax informatics,micromax informatics ltd,2015,June
5368,5368,2015-06-22,SkillAngels,Brain Games Platform,,Chennai,Seed Funding,0.0,sprout angels llp,sprout angels,2015,June
5369,5369,2015-06-22,Vidgyor,Video Advertisement Platform,,Bangalore,Seed Funding,4.71,angelprime,angelprime,2015,June
5370,5370,2015-06-22,Banihal,Algorithmic Match Making Platform,,New Delhi / California,Seed Funding,0.0,dr david cheriton,dr aniruddha malpani manish gupta,2015,June
5371,5371,2015-06-23,Goodservice,Mobile Chat based concierge service,,New Delhi,Private Equity,15.072,sequoia capital,quona capital,2015,June
5372,5372,2015-06-23,Treebo,Online Budget Hotel Booking Service,,Bangalore,Private Equity,56.52,matrix partner,bessemer venture partner,2015,June
5373,5373,2015-06-23,Treebo,Online Budget Hotel Booking Service,,Bangalore,Private Equity,56.52,saif partners,saif partners  lgt impact ventures,2015,June
5374,5374,2015-06-23,EduKart,Online education marketplace,,New Delhi,Private Equity,9.42,holostik group,manipal education  medical group memg,2015,June
5375,5375,2015-06-23,EduKart,Online education marketplace,,New Delhi,Private Equity,9.42,youwecan ventures,yourwecan ventures,2015,June
5376,5376,2015-06-23,EduKart,Online education marketplace,,New Delhi,Private Equity,9.42,500 startups,500 startups,2015,June
5377,5377,2015-06-23,EduKart,Online education marketplace,,New Delhi,Private Equity,9.42,vijay shekhar sharma,nishit sharma,2015,June
5378,5378,2015-06-23,EduKart,Online education marketplace,,New Delhi,Private Equity,9.42,manish kheterpal,anish k,2015,June
5379,5379,2015-06-23,EduKart,Online education marketplace,,New Delhi,Private Equity,9.42,amit patni,arihant patni of patni family office,2015,June
5380,5380,2015-06-23,Healthians.com,Preventive healthcare services,,Hyderabad,Seed Funding,0.0,youwecan ventures,yourwecan ventures,2015,June
5381,5381,2015-06-24,LabInApp,Science Learning App,,Bangalore,Seed Funding,0.0,unitus seed fund,amit singhal  unitus seed fund,2015,June
5382,5382,2015-06-24,Syona Cosmetics,Beauty and Wellness platform,,Chennai,Seed Funding,0.0,chennai angels,the chennai angels,2015,June
5383,5383,2015-06-24,Sigrid Education,Online Education Platform,,Noida,Seed Funding,0.0,oliphans capital,oliphabs capital,2015,June
5384,5384,2015-06-24,Indix,SaaS product intelligence platform,,,Private Equity,141.3,nokia growth partners,saif partners,2015,June
5385,5385,2015-06-24,Indix,SaaS product intelligence platform,,,Private Equity,141.3,nexus venture partners,norwest venture partners,2015,June
5386,5386,2015-06-24,Indix,SaaS product intelligence platform,,,Private Equity,141.3,avalon ventures,lion ventures,2015,June
5387,5387,2015-06-24,The Porter,Logistics Tech,,Mumbai,Private Equity,51.81,sequoia capital,quona capital,2015,June
5388,5388,2015-06-24,The Porter,Logistics Tech,,Mumbai,Private Equity,51.81,kae capital,vc firms india quotient  kae capital,2015,June
5389,5389,2015-06-24,The Porter,Logistics Tech,,Mumbai,Private Equity,51.81,anupam mittal,ajay relan  vinay mittal,2015,June
5390,5390,2015-06-24,The Porter,Logistics Tech,,Mumbai,Private Equity,51.81,seep ton,xc2xa0 seep ton,2015,June
5391,5391,2015-06-24,Retention.ai,App Analytics platform,,Bangalore,Seed Funding,4.71,mercury fund,ping an global voyager fund,2015,June
5392,5392,2015-06-24,Retention.ai,App Analytics platform,,Bangalore,Seed Funding,4.71,anshu sharma,vijay shekhar sharma,2015,June
5393,5393,2015-06-24,Retention.ai,App Analytics platform,,Bangalore,Seed Funding,4.71,pratyush prasanna,pratyush prasanna,2015,June
5394,5394,2015-06-24,Retention.ai,App Analytics platform,,Bangalore,Seed Funding,4.71,robert winters,robert winters,2015,June
5395,5395,2015-06-24,Retention.ai,App Analytics platform,,Bangalore,Seed Funding,4.71,others,other,2015,June
5396,5396,2015-06-25,Fusion Microfinance,Micro Finance Platform,,New Delhi,Private Equity,81.012,indian angel network,india quotient  letsventures angel fund,2015,June
5397,5397,2015-06-25,Fusion Microfinance,Micro Finance Platform,,New Delhi,Private Equity,81.012,oikocredit,cooperative oikocredit,2015,June
5398,5398,2015-06-25,Zinka,Freight logistics platform,,Bangalore,Private Equity,56.52,accel,accel,2015,June
5399,5399,2015-06-25,Zinka,Freight logistics platform,,Bangalore,Private Equity,56.52,flipkart,flipkart logistics pvt ltd,2015,June
5400,5400,2015-06-26,CreditMantri,Credit Management Services,,Chennai,Private Equity,23.55,idg ventures india,dg ventures india,2015,June
5401,5401,2015-06-26,CreditMantri,Credit Management Services,,Chennai,Private Equity,23.55,elevar equity,susquehanna growth equity,2015,June
5402,5402,2015-06-26,CreditMantri,Credit Management Services,,Chennai,Private Equity,23.55,accion venture lab,accion venture labs,2015,June
5403,5403,2015-06-26,GetMyPeon,Hyperlocal Handyman Services,,Mumbai,Seed Funding,2.355,undisclosed,undisclosed,2015,June
5404,5404,2015-06-29,UrbanClap,Hyperlocal services marketplace,,New Delhi,Private Equity,94.2,saif partners,saif partners  lgt impact ventures,2015,June
5405,5405,2015-06-29,UrbanClap,Hyperlocal services marketplace,,New Delhi,Private Equity,94.2,accel,accel,2015,June
5406,5406,2015-06-29,StayGlad,Beauty services Mobile Marketplace,,Bangalore,Seed Funding,0.0,tracxn labs,tracxnlabs,2015,June
5407,5407,2015-06-29,StayGlad,Beauty services Mobile Marketplace,,Bangalore,Seed Funding,0.0,sahil barua,il,2015,June
5408,5408,2015-06-29,AdWyze,Marketing / Advertising Automation platform,,Bangalore,Seed Funding,9.42,mape advisory,mape advisory group,2015,June
5409,5409,2015-06-29,Zimmber,Hyperlocal Handyman Services,,Mumbai,Seed Funding,3.768,naveen tiwari,naveen tewari,2015,June
5410,5410,2015-06-29,Zimmber,Hyperlocal Handyman Services,,Mumbai,Seed Funding,3.768,mohit saxena,xc2xa0 mohit saxena,2015,June
5411,5411,2015-06-29,Zimmber,Hyperlocal Handyman Services,,Mumbai,Seed Funding,3.768,amit gupta,amajit gupta,2015,June
5412,5412,2015-06-29,Zimmber,Hyperlocal Handyman Services,,Mumbai,Seed Funding,3.768,piyush shah,myntra  mitesh shah finance chief,2015,June
5413,5413,2015-06-29,Zimmber,Hyperlocal Handyman Services,,Mumbai,Seed Funding,3.768,manish dugar,amrendra reddy  manish satnaliwala,2015,June
5414,5414,2015-06-30,Buttercups,Online Lingerie platform,,Bangalore,Seed Funding,0.0,kanwaljit singh,seep singh,2015,June
5415,5415,2015-06-30,Buttercups,Online Lingerie platform,,Bangalore,Seed Funding,0.0,angie mahtaney,angie mahtaney,2015,June
5416,5416,2015-06-30,Buttercups,Online Lingerie platform,,Bangalore,Seed Funding,0.0,manoj varghese,manoj varghese,2015,June
5417,5417,2015-06-30,RailYatri,Railways Information Mobile app,,Bangalore,Private Equity,0.0,helion ventures,helion venture,2015,June
5418,5418,2015-06-30,RailYatri,Railways Information Mobile app,,Bangalore,Private Equity,0.0,omidiyar network,omidyar network,2015,June
5419,5419,2015-06-30,RailYatri,Railways Information Mobile app,,Bangalore,Private Equity,0.0,blume ventures  ujama,blume ventures,2015,June
5420,5420,2015-06-30,aagaar.com,Hyperlocal grocery delivery,,Gurgaon,Seed Funding,0.0,group of investors,group of angel investors,2015,June
5421,5421,2015-06-30,Flatchat,Flat rental Mobile App,,Bangalore,Private Equity,23.55,commonfloor,co,2015,June
5422,5422,2015-06-30,MyCFO,Wealth Management Platform,,Mumbai,Private Equity,14.13,sameer koticha,sameer koticha,2015,June
5423,5423,2015-05-01,Foodpanda,Online Food Delivery,,Gurgaon,Private Equity,942.0,goldman sachs,goldman sachs group,2015,May
5424,5424,2015-05-01,Foodpanda,Online Food Delivery,,Gurgaon,Private Equity,942.0,rocket internet,rocket internet ag,2015,May
5425,5425,2015-05-01,Termsheet,Fund Raising Platform,,Chennai,Seed Funding,0.942,an vijay,vijay an,2015,May
5426,5426,2015-05-01,Termsheet,Fund Raising Platform,,Chennai,Seed Funding,0.942,nipun dureja,nipun dureja,2015,May
5427,5427,2015-05-01,Termsheet,Fund Raising Platform,,Chennai,Seed Funding,0.942,satyajit heeralal,satyajit heeralal,2015,May
5428,5428,2015-05-01,Termsheet,Fund Raising Platform,,Chennai,Seed Funding,0.942,keith rodricks,keith rodricks,2015,May
5429,5429,2015-05-01,Termsheet,Fund Raising Platform,,Chennai,Seed Funding,0.942,gaurav lochan,gaurav suri  ankit kesarwani,2015,May
5430,5430,2015-05-01,Termsheet,Fund Raising Platform,,Chennai,Seed Funding,0.942,azmul haque,azmul haque,2015,May
5431,5431,2015-05-01,Termsheet,Fund Raising Platform,,Chennai,Seed Funding,0.942,nikhil bagri,il,2015,May
5432,5432,2015-05-04,Applicate,Workforce Management Software,,Bangalore,Seed Funding,5.181,rishi vasudev,rishi vasudev,2015,May
5433,5433,2015-05-04,Applicate,Workforce Management Software,,Bangalore,Seed Funding,5.181,amit gupta,amajit gupta,2015,May
5434,5434,2015-05-04,Applicate,Workforce Management Software,,Bangalore,Seed Funding,5.181,rajiv nayan,rajiv nayan,2015,May
5435,5435,2015-05-04,World Art Community,Online Art Marketplace,,Gurgaon,Seed Funding,1.884,viraj tyagi,viraj tyagi,2015,May
5436,5436,2015-05-04,World Art Community,Online Art Marketplace,,Gurgaon,Seed Funding,1.884,others,other,2015,May
5437,5437,2015-05-04,SpoonJoy,Online Food Delivery,,Bangalore,Seed Funding,9.42,saif partners,saif partners  lgt impact ventures,2015,May
5438,5438,2015-05-05,Seed Schools,Affordable Education,,Hyderabad,Seed Funding,6.123,acumen fund,ping an global voyager fund,2015,May
5439,5439,2015-05-05,Ignis Careers,Career Development,,Hyderabad,Seed Funding,2.355,acumen fund,ping an global voyager fund,2015,May
5440,5440,2015-05-05,Square Yards,Real Estate Advisory,,Gurgaon,Private Equity,56.52,undisclosed,undisclosed,2015,May
5441,5441,2015-05-05,Fintellix,Banking Analytics Platform,,Bangalore,Private Equity,141.3,idg ventures,idg venture,2015,May
5442,5442,2015-05-05,Fintellix,Banking Analytics Platform,,Bangalore,Private Equity,141.3,sequoia capital,quona capital,2015,May
5443,5443,2015-05-05,Customer360,Customer Engagement Platform,,Mumbai,Seed Funding,0.0,vishwas patel,kunal shah  manish patel,2015,May
5444,5444,2015-05-06,Delhivery,Ecommerce Logistics,,Gurgaon,Private Equity,800.7,tiger global,ping an global voyager fund,2015,May
5445,5445,2015-05-06,Delhivery,Ecommerce Logistics,,Gurgaon,Private Equity,800.7,multiples alternate asset management,kalaari capital  private equity firm multiples alternate asset management,2015,May
5446,5446,2015-05-06,Delhivery,Ecommerce Logistics,,Gurgaon,Private Equity,800.7,nexus venture partners,norwest venture partners,2015,May
5447,5447,2015-05-06,Delhivery,Ecommerce Logistics,,Gurgaon,Private Equity,800.7,times internet,times internet ltd,2015,May
5448,5448,2015-05-06,Swiggy,Online Food Delivery,,Bangalore,Private Equity,141.3,norwest venture partners,rwe,2015,May
5449,5449,2015-05-07,Uniphore,Speech Recognition Solutions,,Chennai,Private Equity,0.0,idg ventures,idg venture,2015,May
5450,5450,2015-05-07,Uniphore,Speech Recognition Solutions,,Chennai,Private Equity,0.0,kris gopalakrishnan,kris gopalkrishnan,2015,May
5451,5451,2015-05-07,Box8,Online Food Delivery,,Mumbai,Private Equity,32.97,mayfield ventures,mayfield,2015,May
5452,5452,2015-05-07,Toppr,Online Education Platform,,Mumbai,Private Equity,94.2,fidelity growth partners india,fidelity growth partners,2015,May
5453,5453,2015-05-07,Toppr,Online Education Platform,,Mumbai,Private Equity,94.2,saif partners,saif partners  lgt impact ventures,2015,May
5454,5454,2015-05-07,Toppr,Online Education Platform,,Mumbai,Private Equity,94.2,xc2xa0 helion ventures,helion ventures,2015,May
5455,5455,2015-05-07,Vedantu,Online Education Platform,,Bangalore,Private Equity,47.1,accel,accel,2015,May
5456,5456,2015-05-07,Vedantu,Online Education Platform,,Bangalore,Private Equity,47.1,tiger global,ping an global voyager fund,2015,May
5457,5457,2015-05-08,BuyHatke,Online Product Comparison,,Bangalore,Seed Funding,9.42,sgopalakrishnan,kris gopalakrishnan,2015,May
5458,5458,2015-05-08,BuyHatke,Online Product Comparison,,Bangalore,Seed Funding,9.42,beenos,beenos asia,2015,May
5459,5459,2015-05-08,KleverKid,Online Education Platform,,New Delhi,Seed Funding,0.0,aarin capital partners,kalaari capital partners,2015,May
5460,5460,2015-05-08,Uniken,Online Security Platform,,Pune,Private Equity,18.84,exfinity ventures,exfinity venture,2015,May
5461,5461,2015-05-08,GrandOpinion,Online Medical Diagnostic,,New Delhi,Seed Funding,1.413,florida based angel investor,angel investors,2015,May
5462,5462,2015-05-08,HealthifyMe,Health & Fitness App,,Bangalore,Private Equity,0.0,micromax informatics,micromax informatics ltd,2015,May
5463,5463,2015-05-12,ZapStitch,Cloud Data Integration Platform,,Bangalore,Private Equity,18.84,helion venture partners,helion ventures partners,2015,May
5464,5464,2015-05-12,ZapStitch,Cloud Data Integration Platform,,Bangalore,Private Equity,18.84,orios venture partners,orios ventures partners,2015,May
5465,5465,2015-05-12,Wassup,Mobile Laundry Cleaning Service,,Chennai,Private Equity,18.84,arun chra mohan,arun garg,2015,May
5466,5466,2015-05-12,Wassup,Mobile Laundry Cleaning Service,,Chennai,Private Equity,18.84,praveen sinha,mr praveen someshwar,2015,May
5467,5467,2015-05-12,Mobiefit,Mobile Fitness App,,Goa,Seed Funding,0.0,prototyze,prototyze,2015,May
5468,5468,2015-05-12,Plancess,Online Education Platform,,Mumbai,Seed Funding,18.84,rajendra gogri,xc2xa0 chrakant gogri,2015,May
5469,5469,2015-05-12,Plancess,Online Education Platform,,Mumbai,Seed Funding,18.84,xc2xa0 chrakant gogri,xc2xa0,2015,May
5470,5470,2015-05-12,WorkHorse,Service-On-Demand Mobile App,,Mumbai,Seed Funding,0.0,undisclosed,undisclosed,2015,May
5471,5471,2015-05-13,Innovaccer,Intelligent Data Analytics,,Noida,Seed Funding,0.0,rajan anan,rajan anan from google,2015,May
5472,5472,2015-05-13,Innovaccer,Intelligent Data Analytics,,Noida,Seed Funding,0.0,teru sato,teruhide sato in addition to mks switzerl,2015,May
5473,5473,2015-05-13,Innovaccer,Intelligent Data Analytics,,Noida,Seed Funding,0.0,aneesh reddy,amrendra reddy  manish satnaliwala,2015,May
5474,5474,2015-05-13,Innovaccer,Intelligent Data Analytics,,Noida,Seed Funding,0.0,venkatesh valluri,venk,2015,May
5475,5475,2015-05-13,MyCuteOffice,Online Office Rental,,Mumbai,Seed Funding,0.0,lead angels,lead angels network,2015,May
5476,5476,2015-05-14,IndianRoots.com,Lifestyle Ecommerce Portal,,Gurgaon,Private Equity,47.1,kjs group,manipal education  medical group memg,2015,May
5477,5477,2015-05-14,RedPolka,Online Fashion Aggregator,,Mumbai,Seed Funding,2.355,undisclosed,undisclosed,2015,May
5478,5478,2015-05-15,Venturesity,Online Job skills Showcase,,Bangalore,Seed Funding,2.5434,phanindra sama,kludein llcnphanindra sama,2015,May
5479,5479,2015-05-15,Venturesity,Online Job skills Showcase,,Bangalore,Seed Funding,2.5434,jay sethuram,jay sethuram,2015,May
5480,5480,2015-05-15,Venturesity,Online Job skills Showcase,,Bangalore,Seed Funding,2.5434,hemant kanakia,hemant kanakia,2015,May
5481,5481,2015-05-15,Venturesity,Online Job skills Showcase,,Bangalore,Seed Funding,2.5434,ravi trivedi,singularity ventures  ravi dhariwal,2015,May
5482,5482,2015-05-18,TheBetterIndia.com,Online News Media,,Bangalore,Seed Funding,0.0,mohas pai,tv mohas pai,2015,May
5483,5483,2015-05-18,Awaaz De,Enterprise Communication Platform,,Ahmedabad,Seed Funding,0.0,samir shah,myntra  mitesh shah finance chief,2015,May
5484,5484,2015-05-19,Chaayos,Offline Tea Chain,,New Delhi,Private Equity,9.42,tiger global,ping an global voyager fund,2015,May
5485,5485,2015-05-19,Akosha,Business Messaging App,,New Delhi,Private Equity,150.72,sequoia capital,quona capital,2015,May
5486,5486,2015-05-19,Cooey,Health Mobile App,,Bangalore,Seed Funding,4.4274,subhash goyal,sunil goyal ashish gupta,2015,May
5487,5487,2015-05-19,MeetUniv,Online Ed-Tech Platform,,Noida,Seed Funding,9.42,peesh venture capital,ps1 venture  globallogic cofounder rajul garg,2015,May
5488,5488,2015-05-19,Inspirock,Online Travel Planning,,,Private Equity,0.0,makemytrip innovation fund,makemytrip,2015,May
5489,5489,2015-05-19,Crown-it,Hyperlocal Mobile Marketplace,,Gurgaon,Private Equity,51.81,accel,accel,2015,May
5490,5490,2015-05-19,Crown-it,Hyperlocal Mobile Marketplace,,Gurgaon,Private Equity,51.81,helion venture partners,helion ventures partners,2015,May
5491,5491,2015-05-19,Trucksfirst,Trucking Logistic Operations,,Gurgaon,Private Equity,94.2,saif partners,saif partners  lgt impact ventures,2015,May
5492,5492,2015-05-20,Lookup,B2C Messaging App,,Bangalore,Private Equity,28.26,biz stone,biz stone,2015,May
5493,5493,2015-05-21,SunTerrace,Rooftop Solar Plants,,New Delhi,Private Equity,0.0,sunergy investors,hyperplane venture capital  several angel investors,2015,May
5494,5494,2015-05-22,xc2xa0Nudgespot,Customer Engagement Platform,,Bangalore,Seed Funding,5.8875,kae capital,vc firms india quotient  kae capital,2015,May
5495,5495,2015-05-22,xc2xa0Nudgespot,Customer Engagement Platform,,Bangalore,Seed Funding,5.8875,anoop goyal,sunil goyal ashish gupta,2015,May
5496,5496,2015-05-22,xc2xa0Nudgespot,Customer Engagement Platform,,Bangalore,Seed Funding,5.8875,mike shah,myntra  mitesh shah finance chief,2015,May
5497,5497,2015-05-22,xc2xa0Nudgespot,Customer Engagement Platform,,Bangalore,Seed Funding,5.8875,va sastry,raveen sastry cofounder,2015,May
5498,5498,2015-05-22,CarDekho,Online Car Portal,,Jaipur,Private Equity,0.0,hdfc bank,hdfc,2015,May
5499,5499,2015-05-22,EveningFlavors,Online Table Reservation,,Bangalore,Seed Funding,4.71,siep shrivatsava,siep shrivatsava,2015,May
5500,5500,2015-05-25,Razorpay,Online Payment Gateway,,Bangalore,Seed Funding,0.0,punit soni,punit soni,2015,May
5501,5501,2015-05-25,ZenParent,Parents focused Web Content,,Bangalore,Seed Funding,4.71,i2india ventures,india ventures,2015,May
5502,5502,2015-05-25,Newgen Payments,Payments Solution Provider,,New Delhi,Seed Funding,0.0,jan manten,jan manten,2015,May
5503,5503,2015-05-26,UrbanPro,On-demand Service marketplace,,Bangalore,Private Equity,18.84,nirvana venture advisors,xc2xa0 nirvana ventures advisors,2015,May
5504,5504,2015-05-26,Goodbox,On-Demand Business messaging,,Bangalore,Seed Funding,1.884,manipal group,manipal education  medical group memg,2015,May
5505,5505,2015-05-26,Renderlogy,Online Home D\\xc3\\xa9cor,,Hyderabad,Private Equity,9.42,astarc ventures,abstract ventures,2015,May
5506,5506,2015-05-27,Postman,API Workflow platform,,Bangalore,Seed Funding,9.42,nexus venture partners,norwest venture partners,2015,May
5507,5507,2015-05-27,Casa2inns,Affordable Hotel Booking Online,,New Delhi,Private Equity,47.1,accel,accel,2015,May
5508,5508,2015-05-27,Casa2inns,Affordable Hotel Booking Online,,New Delhi,Private Equity,47.1,kalaari capital,romulus capital  kalaari capital,2015,May
5509,5509,2015-05-27,FleetRover,Logistics Intelligence,,Goa,Seed Funding,1.6956,tim chen,m,2015,May
5510,5510,2015-05-27,FleetRover,Logistics Intelligence,,Goa,Seed Funding,1.6956,sanjay venkat,venk,2015,May
5511,5511,2015-05-28,TheKarrier,Last Mile Logistics,,Bangalore,Seed Funding,2.2608,sol primero,sol primero,2015,May
5512,5512,2015-05-28,TheKarrier,Last Mile Logistics,,Bangalore,Seed Funding,2.2608,outbox ventures,breakthrough energy ventures,2015,May
5513,5513,2015-05-28,TheKarrier,Last Mile Logistics,,Bangalore,Seed Funding,2.2608,nikunj jain,aj ventures  jain international trade organisation jito,2015,May
5514,5514,2015-05-28,Zoomcar,Self-driven Car rental,,Bangalore,Private Equity,47.1,sequoia capital,quona capital,2015,May
5515,5515,2015-05-28,Truweight,Weight Management Service,,Hyderabad,Private Equity,0.0,kalaari capital,romulus capital  kalaari capital,2015,May
5516,5516,2015-05-30,Ather Energy,Electric Scooter Manufacturer,,Bangalore,Private Equity,113.04,tiger global,ping an global voyager fund,2015,May
5517,5517,2015-04-03,Swiggy,Online Food Delivery,,Bangalore,Private Equity,18.84,accel,accel,2015,April
5518,5518,2015-04-03,Swiggy,Online Food Delivery,,Bangalore,Private Equity,18.84,saif partners,saif partners  lgt impact ventures,2015,April
5519,5519,2015-04-04,Bluegape,Web Content Publishing,,Gurgaon,Seed Funding,1.884,rudy gopalakrishnan,infosys cofounder kris gopalakrishnan,2015,April
5520,5520,2015-04-04,Bluegape,Web Content Publishing,,Gurgaon,Seed Funding,1.884,ah ventures,fao ventures,2015,April
5521,5521,2015-04-04,KeepTrax,Location Based App,,Dallas / Hyderabad,Seed Funding,9.42,undisclosed,undisclosed,2015,April
5522,5522,2015-04-06,InstaLively,Video Streaming,,New Delhi,Seed Funding,1.1304,rajesh sawheny,rajesh sawhney,2015,April
5523,5523,2015-04-06,InstaLively,Video Streaming,,New Delhi,Seed Funding,1.1304,rajan anan,rajan anan from google,2015,April
5524,5524,2015-04-06,InstaLively,Video Streaming,,New Delhi,Seed Funding,1.1304,amit ranjan,xc2xa0 amit ranjan,2015,April
5525,5525,2015-04-06,InstaLively,Video Streaming,,New Delhi,Seed Funding,1.1304,niraj singh,nirmal singh,2015,April
5526,5526,2015-04-06,InstaLively,Video Streaming,,New Delhi,Seed Funding,1.1304,aecal,aecal,2015,April
5527,5527,2015-04-06,InstaLively,Video Streaming,,New Delhi,Seed Funding,1.1304,meraevents,meraevents,2015,April
5528,5528,2015-04-07,Pricejugaad,Price Comparison,,Hyderabad,Seed Funding,1.5543,amit tyagi,amit singhal  unitus seed fund,2015,April
5529,5529,2015-04-07,Pricejugaad,Price Comparison,,Hyderabad,Seed Funding,1.5543,seep acharya,seep ton,2015,April
5530,5530,2015-04-07,Pricejugaad,Price Comparison,,Hyderabad,Seed Funding,1.5543,others,other,2015,April
5531,5531,2015-04-07,Quikr,Online Classifieds,,Mumbai,Private Equity,1413.0,tiger global,ping an global voyager fund,2015,April
5532,5532,2015-04-07,Quikr,Online Classifieds,,Mumbai,Private Equity,1413.0,investment ab kinnevik,ab kinnevik,2015,April
5533,5533,2015-04-07,Quikr,Online Classifieds,,Mumbai,Private Equity,1413.0,steadview capital,steadview capital  vy capital,2015,April
5534,5534,2015-04-07,PressPlay,Travel Entertainment,,New Delhi,Seed Funding,20.724,sequoia capital,quona capital,2015,April
5535,5535,2015-04-07,PressPlay,Travel Entertainment,,New Delhi,Seed Funding,20.724,jason hirschhorn,jason hirschhorn,2015,April
5536,5536,2015-04-07,PressPlay,Travel Entertainment,,New Delhi,Seed Funding,20.724,jarett posner,jarett posner,2015,April
5537,5537,2015-04-07,PressPlay,Travel Entertainment,,New Delhi,Seed Funding,20.724,indian angel network,india quotient  letsventures angel fund,2015,April
5538,5538,2015-04-07,LogiNext,Logistics Tech,,Mumbai,Seed Funding,0.0,ajit surana,ajit surana,2015,April
5539,5539,2015-04-07,LogiNext,Logistics Tech,,Mumbai,Seed Funding,0.0,sanjay mehta,seep mehta family office,2015,April
5540,5540,2015-04-08,FirstCry.com,eCommerce,,Pune,Private Equity,94.2,silicon valley ventures,axilor ventures,2015,April
5541,5541,2015-04-08,FirstCry.com,eCommerce,,Pune,Private Equity,94.2,nea ventures,nea,2015,April
5542,5542,2015-04-08,FirstCry.com,eCommerce,,Pune,Private Equity,94.2,indian angel network,india quotient  letsventures angel fund,2015,April
5543,5543,2015-04-08,FirstCry.com,eCommerce,,Pune,Private Equity,94.2,idg ventures india,dg ventures india,2015,April
5544,5544,2015-04-08,FirstCry.com,eCommerce,,Pune,Private Equity,94.2,xc2xa0 saif partners,saif partners,2015,April
5545,5545,2015-04-08,FirstCry.com,eCommerce,,Pune,Private Equity,94.2,vertex ventures,vertex ventures southeast asia sea  india  sistema asia fund,2015,April
5546,5546,2015-04-08,MobiKwik,Digital / Mobile Wallet,,Gurgaon,Private Equity,235.5,tree line asia,vertex ventures southeast asia sea  india  sistema asia fund,2015,April
5547,5547,2015-04-08,MobiKwik,Digital / Mobile Wallet,,Gurgaon,Private Equity,235.5,cisco investments,burda principal investments,2015,April
5548,5548,2015-04-08,MobiKwik,Digital / Mobile Wallet,,Gurgaon,Private Equity,235.5,american express,american express ventures,2015,April
5549,5549,2015-04-08,MobiKwik,Digital / Mobile Wallet,,Gurgaon,Private Equity,235.5,sequoia capital,quona capital,2015,April
5550,5550,2015-04-08,Ola,Cab Aggregator,,Bangalore,Private Equity,3768.0,dst global,dst global  lightspeed venture partners global fund,2015,April
5551,5551,2015-04-08,Ola,Cab Aggregator,,Bangalore,Private Equity,3768.0,steadview capital,steadview capital  vy capital,2015,April
5552,5552,2015-04-08,Ola,Cab Aggregator,,Bangalore,Private Equity,3768.0,tiger global,ping an global voyager fund,2015,April
5553,5553,2015-04-08,Ola,Cab Aggregator,,Bangalore,Private Equity,3768.0,accel,accel,2015,April
5554,5554,2015-04-08,Ola,Cab Aggregator,,Bangalore,Private Equity,3768.0,others,other,2015,April
5555,5555,2015-04-09,Gadgetwood,Device Repair Svcs,,New Delhi,Seed Funding,1.884,ajai chowdhry,ajai chowdhary,2015,April
5556,5556,2015-04-09,Gadgetwood,Device Repair Svcs,,New Delhi,Seed Funding,1.884,ashvin chadha,ashvin chadha,2015,April
5557,5557,2015-04-09,Gadgetwood,Device Repair Svcs,,New Delhi,Seed Funding,1.884,yogesh bansal,axilor ventures  binny bansal,2015,April
5558,5558,2015-04-09,Gadgetwood,Device Repair Svcs,,New Delhi,Seed Funding,1.884,nnitin singhal,amit singhal  unitus seed fund,2015,April
5559,5559,2015-04-09,Gadgetwood,Device Repair Svcs,,New Delhi,Seed Funding,1.884,others,other,2015,April
5560,5560,2015-04-09,Bonhomia,Premium Beverages,,New Delhi,Seed Funding,18.84,kanwaljit singh,seep singh,2015,April
5561,5561,2015-04-09,Bonhomia,Premium Beverages,,New Delhi,Seed Funding,18.84,shripad nadkarni,shripad nadkarni,2015,April
5562,5562,2015-04-09,Bonhomia,Premium Beverages,,New Delhi,Seed Funding,18.84,sarvesh shahra,sarvesh sharma,2015,April
5563,5563,2015-04-09,Bonhomia,Premium Beverages,,New Delhi,Seed Funding,18.84,others,other,2015,April
5564,5564,2015-04-09,Changer Mints,Digital / Mobile Wallet,,Kolkata,Seed Funding,1.5543,hyderabad based investor,hyderabad angels,2015,April
5565,5565,2015-04-09,Urban Ladder,Online Furnishing\\neCommerce,,Bangalore,Private Equity,471.0,sequoia capital,quona capital,2015,April
5566,5566,2015-04-09,Urban Ladder,Online Furnishing\\neCommerce,,Bangalore,Private Equity,471.0,tr capital,br capital,2015,April
5567,5567,2015-04-09,Urban Ladder,Online Furnishing\\neCommerce,,Bangalore,Private Equity,471.0,steadview capital,steadview capital  vy capital,2015,April
5568,5568,2015-04-09,Urban Ladder,Online Furnishing\\neCommerce,,Bangalore,Private Equity,471.0,saif partners,saif partners  lgt impact ventures,2015,April
5569,5569,2015-04-09,Urban Ladder,Online Furnishing\\neCommerce,,Bangalore,Private Equity,471.0,kalaari capital,romulus capital  kalaari capital,2015,April
5570,5570,2015-04-09,Purple Squirrel,Ed-Tech,,Mumbai,Private Equity,0.0,matrix partner,bessemer venture partner,2015,April
5571,5571,2015-04-09,Purple Squirrel,Ed-Tech,,Mumbai,Private Equity,0.0,india quotient,india quotient  letsventures angel fund,2015,April
5572,5572,2015-04-10,Whatfix,Interactive\\xc2\\xa0 How-To Guides,,Bangalore,Seed Funding,8.478,helion venture partner,helion venture partners,2015,April
5573,5573,2015-04-10,Whatfix,Interactive\\xc2\\xa0 How-To Guides,,Bangalore,Seed Funding,8.478,powerhouse ventures,powerhouse ventures usa,2015,April
5574,5574,2015-04-10,Whatfix,Interactive\\xc2\\xa0 How-To Guides,,Bangalore,Seed Funding,8.478,gsf  other angel investors,other angel investors,2015,April
5575,5575,2015-04-10,iMMi Life,Mobile Health Tech,,Chennai,Seed Funding,0.0,unitus seed fund,amit singhal  unitus seed fund,2015,April
5576,5576,2015-04-11,Zomato,Restaurant Reviews,,Gurgaon,Private Equity,235.5,info edge india,info edge india ltd,2015,April
5577,5577,2015-04-13,ZopNow,Online Grocer,,Bangalore,Private Equity,94.2,dragoneer investment,alphabets growth investment arm capital g  axis bank,2015,April
5578,5578,2015-04-13,ZopNow,Online Grocer,,Bangalore,Private Equity,94.2,accel,accel,2015,April
5579,5579,2015-04-13,ZopNow,Online Grocer,,Bangalore,Private Equity,94.2,qualcomm ventures,qualcomm venture,2015,April
5580,5580,2015-04-13,ZopNow,Online Grocer,,Bangalore,Private Equity,94.2,times internet,times internet ltd,2015,April
5581,5581,2015-04-13,Nayi Disha,Ed-Tech,,New Delhi,Seed Funding,2.826,ajay relan,ajay relan  vinay mittal,2015,April
5582,5582,2015-04-13,The Porter,Logistics Tech,,Mumbai,Seed Funding,4.71,kae capital,vc firms india quotient  kae capital,2015,April
5583,5583,2015-04-13,Commeasure,Online Hotel Booking,,Noida,Seed Funding,9.42,jungle ventures,lakestar  jungle ventures,2015,April
5584,5584,2015-04-13,Capricoast,Online Kitchen Furniture,,Bangalore,Seed Funding,11.775,accel,accel,2015,April
5585,5585,2015-04-14,LocalOye,Hyper-local Online Services,,Mumbai,Private Equity,47.1,tiger global,ping an global voyager fund,2015,April
5586,5586,2015-04-14,LocalOye,Hyper-local Online Services,,Mumbai,Private Equity,47.1,lightspeed venture partners,lightspeed venture partners india,2015,April
5587,5587,2015-04-15,Grofers,Hyper-Local Online/Mobile Grocery,,Gurgaon,Private Equity,329.7,tiger global,ping an global voyager fund,2015,April
5588,5588,2015-04-15,Grofers,Hyper-Local Online/Mobile Grocery,,Gurgaon,Private Equity,329.7,sequoia capital,quona capital,2015,April
5589,5589,2015-04-15,PepperTap,Hyper-Local Online/Mobile Grocery,,Gurgaon,Private Equity,94.2,saif partners,saif partners  lgt impact ventures,2015,April
5590,5590,2015-04-15,PepperTap,Hyper-Local Online/Mobile Grocery,,Gurgaon,Private Equity,94.2,sequoia capital,quona capital,2015,April
5591,5591,2015-04-15,PolicyBazaar,Online Policy Aggregator,,Gurgaon,Private Equity,376.8,premjiinvest,premji invest,2015,April
5592,5592,2015-04-15,PolicyBazaar,Online Policy Aggregator,,Gurgaon,Private Equity,376.8,tiger global,ping an global voyager fund,2015,April
5593,5593,2015-04-15,PolicyBazaar,Online Policy Aggregator,,Gurgaon,Private Equity,376.8,ribbit capital,ribbit capital  omidyar network,2015,April
5594,5594,2015-04-16,UrbanClap,Hyperlocal Mobile Services Marketplace,,New Delhi,Seed Funding,15.072,saif partners,saif partners  lgt impact ventures,2015,April
5595,5595,2015-04-16,UrbanClap,Hyperlocal Mobile Services Marketplace,,New Delhi,Seed Funding,15.072,accel,accel,2015,April
5596,5596,2015-04-16,UrbanClap,Hyperlocal Mobile Services Marketplace,,New Delhi,Seed Funding,15.072,kunal bahl,kunal shah  manish patel,2015,April
5597,5597,2015-04-16,UrbanClap,Hyperlocal Mobile Services Marketplace,,New Delhi,Seed Funding,15.072,rohit bansal,rohit,2015,April
5598,5598,2015-04-16,Taskbob,OnDemand\\nMobile Handyman Services,,Mumbai,Seed Funding,11.304,orios venture partners,orios ventures partners,2015,April
5599,5599,2015-04-16,Taskbob,OnDemand\\nMobile Handyman Services,,Mumbai,Seed Funding,11.304,mayfield india,mayfield,2015,April
5600,5600,2015-04-17,Robosoft,Mobile App Development,,Udupi,Private Equity,113.04,ascent capital,trifecta capital advisors,2015,April
5601,5601,2015-04-17,Robosoft,Mobile App Development,,Udupi,Private Equity,113.04,kalaari capital,romulus capital  kalaari capital,2015,April
5602,5602,2015-04-18,Doormint,On-Demand Handyman Services,,Mumbai,Seed Funding,0.0,powai lake ventures,rps ventures,2015,April
5603,5603,2015-04-20,Vyomo,Beauty & Wellness Mobile App,,Gurgaon,Seed Funding,0.0,youwecan ventures,yourwecan ventures,2015,April
5604,5604,2015-04-20,Pastiwala,Material Collection & Recycling,,Vadodara,Private Equity,37.68,agnus capital,trifecta capital advisors,2015,April
5605,5605,2015-04-20,1mg (Healthkartplus),Online Pharmacy & Drug DB,,Gurgaon,Private Equity,56.52,deep kalra,deep kalra,2015,April
5606,5606,2015-04-20,1mg (Healthkartplus),Online Pharmacy & Drug DB,,Gurgaon,Private Equity,56.52,sequoia capital,quona capital,2015,April
5607,5607,2015-04-20,1mg (Healthkartplus),Online Pharmacy & Drug DB,,Gurgaon,Private Equity,56.52,omidyar network,omidyar networks,2015,April
5608,5608,2015-04-20,1mg (Healthkartplus),Online Pharmacy & Drug DB,,Gurgaon,Private Equity,56.52,intel capital,trifecta capital advisors,2015,April
5609,5609,2015-04-20,1mg (Healthkartplus),Online Pharmacy & Drug DB,,Gurgaon,Private Equity,56.52,kae capital,vc firms india quotient  kae capital,2015,April
5610,5610,2015-04-20,Freshdesk,Online / Mobile Customer Support,,Chennai,Private Equity,471.0,tiger global,ping an global voyager fund,2015,April
5611,5611,2015-04-20,Freshdesk,Online / Mobile Customer Support,,Chennai,Private Equity,471.0,google capital,google,2015,April
5612,5612,2015-04-20,Freshdesk,Online / Mobile Customer Support,,Chennai,Private Equity,471.0,accel,accel,2015,April
5613,5613,2015-04-20,Sulekha.com,Online Classifieds & Listings,,Chennai,Private Equity,263.76,gic ventures,gic,2015,April
5614,5614,2015-04-22,FindYahan,Hyperlocal services marketplace,,New Delhi,Private Equity,0.0,the phoenix fund,the phoenix fund  others,2015,April
5615,5615,2015-04-22,Eat.Shop.Love,Fashion ECommerce,,Bangalore,Private Equity,32.97,undisclosed,undisclosed,2015,April
5616,5616,2015-04-22,Avanti Learning,Private Coaching Centers,,New Delhi,Private Equity,14.13,michael,michael patrick hickey,2015,April
5617,5617,2015-04-22,Avanti Learning,Private Coaching Centers,,New Delhi,Private Equity,14.13,susan dell foundation,michael  susan dell foundation,2015,April
5618,5618,2015-04-22,Avanti Learning,Private Coaching Centers,,New Delhi,Private Equity,14.13,pearson learning fund,india quotient  letsventures angel fund,2015,April
5619,5619,2015-04-23,Simplilearn,Online Certification Courses,,Bangalore,Private Equity,141.3,mayfield ventures,mayfield,2015,April
5620,5620,2015-04-23,Simplilearn,Online Certification Courses,,Bangalore,Private Equity,141.3,kalaari capital,romulus capital  kalaari capital,2015,April
5621,5621,2015-04-23,Simplilearn,Online Certification Courses,,Bangalore,Private Equity,141.3,helion ventures,helion venture,2015,April
5622,5622,2015-04-23,Craftstvilla,Ethnic Product eCommerce,,Mumbai,Private Equity,169.56,sequoia capital,quona capital,2015,April
5623,5623,2015-04-23,Craftstvilla,Ethnic Product eCommerce,,Mumbai,Private Equity,169.56,nexus venture partners,norwest venture partners,2015,April
5624,5624,2015-04-23,Craftstvilla,Ethnic Product eCommerce,,Mumbai,Private Equity,169.56,lightspeed ventures,lightspeed,2015,April
5625,5625,2015-04-23,Craftstvilla,Ethnic Product eCommerce,,Mumbai,Private Equity,169.56,gfc,gfc,2015,April
5626,5626,2015-04-23,HeadOut,Last Minute Travel Deals mobile marketplace,,Bangalore / SFO,Seed Funding,16.956,version one ventures,nea ventures,2015,April
5627,5627,2015-04-23,HeadOut,Last Minute Travel Deals mobile marketplace,,Bangalore / SFO,Seed Funding,16.956,500 startups,500 startups,2015,April
5628,5628,2015-04-23,HeadOut,Last Minute Travel Deals mobile marketplace,,Bangalore / SFO,Seed Funding,16.956,nexus venture partners,norwest venture partners,2015,April
5629,5629,2015-04-23,happay,usiness expense management,,Bangalore,Seed Funding,4.71,angelprime,angelprime,2015,April
5630,5630,2015-04-23,Jugnoo,Auto Rickshaw based Logistics,,Chandigarh,Seed Funding,9.42,rakesh mathur,radhakrishan damani  rakesh jhunjhunwala,2015,April
5631,5631,2015-04-23,Jugnoo,Auto Rickshaw based Logistics,,Chandigarh,Seed Funding,9.42,vikas taneja,xc2xa0 vikas malpani,2015,April
5632,5632,2015-04-23,Jugnoo,Auto Rickshaw based Logistics,,Chandigarh,Seed Funding,9.42,others,other,2015,April
5633,5633,2015-04-23,EazyDiner,Restaurant reservation app,,New Delhi,Seed Funding,0.0,deepak shahdadpuri,deepak jain,2015,April
5634,5634,2015-04-23,EazyDiner,Restaurant reservation app,,New Delhi,Seed Funding,0.0,gulpreet kohli,gulpreet kohli,2015,April
5635,5635,2015-04-23,Phone Warrior,Spam Call block App,,New Delhi,Seed Funding,0.0,lightspeed ventures,lightspeed,2015,April
5636,5636,2015-04-24,Coverfox,Online Insurance Aggregator,,Mumbai,Private Equity,113.04,accel,accel,2015,April
5637,5637,2015-04-24,Coverfox,Online Insurance Aggregator,,Mumbai,Private Equity,113.04,accel,accel,2015,April
5638,5638,2015-04-24,Coverfox,Online Insurance Aggregator,,Mumbai,Private Equity,113.04,saif partners,saif partners  lgt impact ventures,2015,April
5639,5639,2015-04-27,Torqus,Restaurant Management Platform,,Pune,Seed Funding,3.297,s s mukherji,s gopal,2015,April
5640,5640,2015-04-27,Torqus,Restaurant Management Platform,,Pune,Seed Funding,3.297,others,other,2015,April
5641,5641,2015-04-27,Grab,Food Logistics & Delivery,,Mumbai,Seed Funding,9.42,oliphans capital,oliphabs capital,2015,April
5642,5642,2015-04-27,Grab,Food Logistics & Delivery,,Mumbai,Seed Funding,9.42,haresh chawla,haresh chawla,2015,April
5643,5643,2015-04-27,LogicRoots,Interactive Educational Games,,Jaipur,Seed Funding,3.768,ah ventures,fao ventures,2015,April
5644,5644,2015-04-27,LogicRoots,Interactive Educational Games,,Jaipur,Seed Funding,3.768,calcutta angels,calcutta angels network can,2015,April
5645,5645,2015-04-27,LogicRoots,Interactive Educational Games,,Jaipur,Seed Funding,3.768,xc2xa0 91springboard,91springboard,2015,April
5646,5646,2015-04-27,GIBBS,Clean Tech,,New Delhi,Private Equity,0.0,infuse ventures fund,infuse ventures,2015,April
5647,5647,2015-04-28,Babajobs,Grey collar Job Board,,Bangalore,Private Equity,94.2,seek ltd,spring canter investment ltd,2015,April
5648,5648,2015-04-28,Babajobs,Grey collar Job Board,,Bangalore,Private Equity,94.2,affiliates,il,2015,April
5649,5649,2015-04-28,Urban Ladder,Online Furniture ecommerce,,Bangalore,Private Equity,0.0,an rajaraman,ping an global voyager fund,2015,April
5650,5650,2015-04-28,Urban Ladder,Online Furniture ecommerce,,Bangalore,Private Equity,0.0,venky harinarayan,venk,2015,April
5651,5651,2015-04-28,Jay Robotix,Robotic Program learning,,Hyderabad,Seed Funding,2.355,cross border angels,director at byramjee jeejeebhoy pvt ltd were among the angels,2015,April
5652,5652,2015-04-28,Jay Robotix,Robotic Program learning,,Hyderabad,Seed Funding,2.355,others,other,2015,April
5653,5653,2015-04-28,Naaptol.com,Tele-Shopping / eCommerce,,Mumbai,Private Equity,202.53,mitsui,m,2015,April
5654,5654,2015-04-28,Naaptol.com,Tele-Shopping / eCommerce,,Mumbai,Private Equity,202.53,co,falcon edge,2015,April
5655,5655,2015-04-28,Naaptol.com,Tele-Shopping / eCommerce,,Mumbai,Private Equity,202.53,existing investors,valpro capital  existing investors,2015,April
5656,5656,2015-04-29,ReGlobe,Used Gadgets Buy / Refurbishing,,Gurgaon,Seed Funding,9.42,bessemer ventures,bessemer venture,2015,April
5657,5657,2015-04-29,ReGlobe,Used Gadgets Buy / Refurbishing,,Gurgaon,Seed Funding,9.42,blume ventures,blume ventures  rtp global,2015,April
5658,5658,2015-04-29,Icertis,Cloud Enterprise Software,,Pune / US,Private Equity,56.52,greycroft partners,greycroft,2015,April
5659,5659,2015-04-29,Icertis,Cloud Enterprise Software,,Pune / US,Private Equity,56.52,fidelity growth partners,fidelity growth partners india,2015,April
5660,5660,2015-04-29,Tracxn,Startup Analytics platform,,Bangalore,Private Equity,32.97,saif partners,saif partners  lgt impact ventures,2015,April
5661,5661,2015-04-29,Dazo,Mobile Food Ordering app,,Bangalore,Seed Funding,0.0,sumit jain,aj ventures  jain international trade organisation jito,2015,April
5662,5662,2015-04-29,Dazo,Mobile Food Ordering app,,Bangalore,Seed Funding,0.0,aprameya radhakrishna,aprameya radhakrishnan,2015,April
5663,5663,2015-04-29,Dazo,Mobile Food Ordering app,,Bangalore,Seed Funding,0.0,alok goel,alok mittal  sachin bhatia,2015,April
5664,5664,2015-04-29,Dazo,Mobile Food Ordering app,,Bangalore,Seed Funding,0.0,rajan anan,rajan anan from google,2015,April
5665,5665,2015-04-29,Dazo,Mobile Food Ordering app,,Bangalore,Seed Funding,0.0,amit agrawal,amit singhal  unitus seed fund,2015,April
5666,5666,2015-04-29,Dazo,Mobile Food Ordering app,,Bangalore,Seed Funding,0.0,vinay goel,ajay relan  vinay mittal,2015,April
5667,5667,2015-04-29,Dazo,Mobile Food Ordering app,,Bangalore,Seed Funding,0.0,gaurav munjal,gaurav suri  ankit kesarwani,2015,April
5668,5668,2015-04-29,Dazo,Mobile Food Ordering app,,Bangalore,Seed Funding,0.0,ashish dev kapur,kapil dev,2015,April
5669,5669,2015-04-29,Tradelab,Financial Markets Software,,Bangalore,Seed Funding,3.768,rainmatter,rainmatter,2015,April
5670,5670,2015-04-29,PiQube,Hiring Analytics platform,,Chennai,Seed Funding,4.71,the hr fund,hr fund,2015,April
5671,5671,2015-04-29,Travel Triangle,Online Travel Marketplace,,Noida,Private Equity,75.36,bessemer venture partners,bessemer venture partner,2015,April
5672,5672,2015-04-29,Travel Triangle,Online Travel Marketplace,,Noida,Private Equity,75.36,saif partners,saif partners  lgt impact ventures,2015,April
5673,5673,2015-03-02,TrulyMadly.com,,,,Private Equity,51.81,helion venture partners,helion ventures partners,2015,March
5674,5674,2015-03-02,TrulyMadly.com,,,,Private Equity,51.81,kae capital,vc firms india quotient  kae capital,2015,March
5675,5675,2015-03-02,InstaLively,,,,Seed Funding,1.1304,group of angel investors,group of investors,2015,March
5676,5676,2015-03-03,Vserv,,,,Private Equity,141.3,maverick capital,maverick capital ltd  hbm healthcare investments ltd,2015,March
5677,5677,2015-03-03,Vserv,,,,Private Equity,141.3,idg ventures india,dg ventures india,2015,March
5678,5678,2015-03-03,Intruo.com,,,,Seed Funding,0.0,ashutosh lawania,ashutosh lawania,2015,March
5679,5679,2015-03-03,Intruo.com,,,,Seed Funding,0.0,alok goel,alok mittal  sachin bhatia,2015,March
5680,5680,2015-03-03,Intruo.com,,,,Seed Funding,0.0,others,other,2015,March
5681,5681,2015-03-05,Niffler,,,,Seed Funding,9.42,saif partners,saif partners  lgt impact ventures,2015,March
5682,5682,2015-03-05,CustomFurnish.com,,,,Private Equity,23.55,madhukar gangadi,madhukar gangadi,2015,March
5683,5683,2015-03-05,CustomFurnish.com,,,,Private Equity,23.55,satish reddy,sashi reddy,2015,March
5684,5684,2015-03-05,CustomFurnish.com,,,,Private Equity,23.55,srini raju,srini raju,2015,March
5685,5685,2015-03-05,CustomFurnish.com,,,,Private Equity,23.55,srini koppolu,oppo,2015,March
5686,5686,2015-03-05,CustomFurnish.com,,,,Private Equity,23.55,sidbi,sidbi venture capital,2015,March
5687,5687,2015-03-06,MapMyGenome,,,,Private Equity,11.304,rajan anan,rajan anan from google,2015,March
5688,5688,2015-03-06,MapMyGenome,,,,Private Equity,11.304,other angel investors,9 other angel investors,2015,March
5689,5689,2015-03-09,Crowdfire (formerly Justunfollow),,,,Private Equity,23.55,kalaari capital,romulus capital  kalaari capital,2015,March
5690,5690,2015-03-09,Bite Club,,,,Seed Funding,4.71,powai lake ventures,rps ventures,2015,March
5691,5691,2015-03-09,Bite Club,,,,Seed Funding,4.71,aneesh reddy,amrendra reddy  manish satnaliwala,2015,March
5692,5692,2015-03-09,Bite Club,,,,Seed Funding,4.71,ashish kashyap,ashish ch,2015,March
5693,5693,2015-03-09,Bite Club,,,,Seed Funding,4.71,alok mittal,alok mittal  sachin bhatia,2015,March
5694,5694,2015-03-10,Localbanya,,,,Private Equity,0.0,shrem strategies,ia venture strategies fund ii lp,2015,March
5695,5695,2015-03-11,Appedo,,,,Seed Funding,9.42,undisclosed,undisclosed,2015,March
5696,5696,2015-03-11,Fitraq.com,,,,Seed Funding,1.413,tarun arora,rajeev arora  ram ramsundar,2015,March
5697,5697,2015-03-11,ChargeBee,,,,Private Equity,47.1,tiger global,ping an global voyager fund,2015,March
5698,5698,2015-03-11,ChargeBee,,,,Private Equity,47.1,accel,accel,2015,March
5699,5699,2015-03-11,Groupon India,,,,Private Equity,188.4,sequoia capital,quona capital,2015,March
5700,5700,2015-03-12,Process 9,,,,Seed Funding,0.0,indian angel network,india quotient  letsventures angel fund,2015,March
5701,5701,2015-03-12,Process 9,,,,Seed Funding,0.0,alok sharma,vijay shekhar sharma,2015,March
5702,5702,2015-03-12,Process 9,,,,Seed Funding,0.0,kris gopalakrishnan,kris gopalkrishnan,2015,March
5703,5703,2015-03-12,Process 9,,,,Seed Funding,0.0,saurabh srivastava,anurag srivastava,2015,March
5704,5704,2015-03-12,Process 9,,,,Seed Funding,0.0,ajai chowdhry,ajai chowdhary,2015,March
5705,5705,2015-03-12,MoonFrog Labs,,,,Private Equity,141.3,tiger global,ping an global voyager fund,2015,March
5706,5706,2015-03-12,MoonFrog Labs,,,,Private Equity,141.3,sequoia capital,quona capital,2015,March
5707,5707,2015-03-13,Foodpanda,,,,Private Equity,1036.2,rocket internet ag,rocket internet,2015,March
5708,5708,2015-03-13,Foodpanda,,,,Private Equity,1036.2,others,other,2015,March
5709,5709,2015-03-13,Paytm,,,,Private Equity,0.0,ratan tata,rata tata,2015,March
5710,5710,2015-03-13,DiabetOmics,,,,Private Equity,47.1,ventureeast,ventureast,2015,March
5711,5711,2015-03-13,DiabetOmics,,,,Private Equity,47.1,xc2xa0 varaprasad reddy,xc2xa0,2015,March
5712,5712,2015-03-13,Qyk,,,,Seed Funding,0.0,powai lake ventures,rps ventures,2015,March
5713,5713,2015-03-13,Qyk,,,,Seed Funding,0.0,zishan hayath,zishaan hayath,2015,March
5714,5714,2015-03-13,Qyk,,,,Seed Funding,0.0,abhishek goyal,abhishekh goyal,2015,March
5715,5715,2015-03-13,Qyk,,,,Seed Funding,0.0,sahil barua,il,2015,March
5716,5716,2015-03-14,Daily Rounds,,,,Seed Funding,4.71,kae capital,vc firms india quotient  kae capital,2015,March
5717,5717,2015-03-14,Daily Rounds,,,,Seed Funding,4.71,gsf,gsf,2015,March
5718,5718,2015-03-14,Daily Rounds,,,,Seed Funding,4.71,teruhide sato,teruhide sato in addition to mks switzerl,2015,March
5719,5719,2015-03-14,Orobind,,,,Seed Funding,1.884,zishaan hayath,zishan hayath,2015,March
5720,5720,2015-03-14,Orobind,,,,Seed Funding,1.884,lalit mangal,lalit mangal,2015,March
5721,5721,2015-03-14,Orobind,,,,Seed Funding,1.884,harpreet singh grover,shivani singh,2015,March
5722,5722,2015-03-14,Routofy,,,,Seed Funding,0.0,kunal bahl,kunal shah  manish patel,2015,March
5723,5723,2015-03-14,Routofy,,,,Seed Funding,0.0,rohit bansal,rohit,2015,March
5724,5724,2015-03-16,Digital Gorkha,,,,Seed Funding,1.56372,ramesh kavediya,ramesh kavediya,2015,March
5725,5725,2015-03-16,NestAway,,,,Seed Funding,12.246,idg ventures,idg venture,2015,March
5726,5726,2015-03-16,NestAway,,,,Seed Funding,12.246,naveen tewari,naveen tiwari,2015,March
5727,5727,2015-03-16,The Better India,,,,Seed Funding,1.56372,icuben,icuben,2015,March
5728,5728,2015-03-16,Meru Cabs,,,,Private Equity,471.0,value fund advisors,india value fund advisors,2015,March
5729,5729,2015-03-17,GolfLAN,,,,Seed Funding,0.0,yournest angel fund,you,2015,March
5730,5730,2015-03-18,Drivestream,,,,Private Equity,47.1,wipro,wipro consumer care,2015,March
5731,5731,2015-03-18,wWhere,,,,Seed Funding,1.884,group of angel investors,group of investors,2015,March
5732,5732,2015-03-18,GoJavas,,,,Private Equity,0.0,snapdeal,snapdeal,2015,March
5733,5733,2015-03-19,Tripoto,,,,Private Equity,18.84,idg ventures,idg venture,2015,March
5734,5734,2015-03-19,Tripoto,,,,Private Equity,18.84,outbox ventures,breakthrough energy ventures,2015,March
5735,5735,2015-03-19,Graphic India,,,,Seed Funding,26.376,ca media lp,gree ventures  summit media,2015,March
5736,5736,2015-03-19,Graphic India,,,,Seed Funding,26.376,xc2xa0 start media,xc2xa0,2015,March
5737,5737,2015-03-20,Harness Handitouch,,,,Private Equity,0.0,armat group,manipal education  medical group memg,2015,March
5738,5738,2015-03-20,Lets Corp,,,,Seed Funding,28.26,wu chay chin,wu chay chin,2015,March
5739,5739,2015-03-20,CollateBox,,,,Seed Funding,1.6956,letsventure,lets venture,2015,March
5740,5740,2015-03-20,Mahindra First Choice,,,,Private Equity,141.3,indian angel network,india quotient  letsventures angel fund,2015,March
5741,5741,2015-03-21,Round One,,,,Seed Funding,0.0,ht media,m,2015,March
5742,5742,2015-03-21,Round One,,,,Seed Funding,0.0,arun duggal,arun venkatachalam,2015,March
5743,5743,2015-03-23,RazorPay,,,,Seed Funding,1.1304,y combinator,ycombinator,2015,March
5744,5744,2015-03-23,Mosambee,,,,Private Equity,0.0,rvcf  sidbi,sidbi,2015,March
5745,5745,2015-03-24,Furlenco,,,,Private Equity,56.52,lightbox ventures,lightbox ventures  others,2015,March
5746,5746,2015-03-24,Cubito,,,,Seed Funding,1.5072,sol primero,sol primero,2015,March
5747,5747,2015-03-25,Teabox,,,,Private Equity,56.52,jafco asia,co,2015,March
5748,5748,2015-03-25,Teabox,,,,Private Equity,56.52,keystone group,manipal education  medical group memg,2015,March
5749,5749,2015-03-25,Teabox,,,,Private Equity,56.52,dragoneer investment,alphabets growth investment arm capital g  axis bank,2015,March
5750,5750,2015-03-25,Teabox,,,,Private Equity,56.52,accel,accel,2015,March
5751,5751,2015-03-25,Artoo,,,,Private Equity,4.71,accion venture labs,accion venture lab,2015,March
5752,5752,2015-03-25,Artoo,,,,Private Equity,4.71,indian angel network,india quotient  letsventures angel fund,2015,March
5753,5753,2015-03-25,Fxkart.com,,,,Seed Funding,18.84,dr mushtaq shah,myntra  mitesh shah finance chief,2015,March
5754,5754,2015-03-25,Fxkart.com,,,,Seed Funding,18.84,dr faraz naqvi,dr apoorv ranjan sharma,2015,March
5755,5755,2015-03-25,Rozgar Mela,,,,Seed Funding,0.0,impact investment holding,ennovent impact investment holding,2015,March
5756,5756,2015-03-25,Rozgar Mela,,,,Seed Funding,0.0,upaya social ventures,rps ventures,2015,March
5757,5757,2015-03-25,OYO Rooms,,,,Private Equity,235.5,greenoaks capital,greenoaks capital partners,2015,March
5758,5758,2015-03-25,OYO Rooms,,,,Private Equity,235.5,sequoia capital,quona capital,2015,March
5759,5759,2015-03-25,OYO Rooms,,,,Private Equity,235.5,lightspeed ventures,lightspeed,2015,March
5760,5760,2015-03-26,Roposo.com,,,,Private Equity,47.1,tiger global,ping an global voyager fund,2015,March
5761,5761,2015-03-26,Roposo.com,,,,Private Equity,47.1,indian angel network,india quotient  letsventures angel fund,2015,March
5762,5762,2015-03-26,Roposo.com,,,,Private Equity,47.1,binny bansal,bunny bansal,2015,March
5763,5763,2015-03-26,Teewe,,,,Seed Funding,16.485,sequoia capital,quona capital,2015,March
5764,5764,2015-03-26,Teewe,,,,Seed Funding,16.485,india quotient,india quotient  letsventures angel fund,2015,March
5765,5765,2015-03-26,ePoise,,,,Seed Funding,0.0,undisclosed,undisclosed,2015,March
5766,5766,2015-03-27,Urjas,,,,Seed Funding,0.942,solidarity venture capital,sequoia capital,2015,March
5767,5767,2015-03-27,Urjas,,,,Seed Funding,0.942,others,other,2015,March
5768,5768,2015-03-27,Chargein,,,,Seed Funding,0.942,pittie group,manipal education  medical group memg,2015,March
5769,5769,2015-03-28,Yogurt Labs,,,,Seed Funding,1.0833,nick adams,nick adams,2015,March
5770,5770,2015-03-28,Yogurt Labs,,,,Seed Funding,1.0833,kiran bhat,kiran mazumdarshaw,2015,March
5771,5771,2015-03-28,Yogurt Labs,,,,Seed Funding,1.0833,family pot investments llp,rb investments,2015,March
5772,5772,2015-03-28,LimeRoad.com,,,,Private Equity,282.6,tiger global,ping an global voyager fund,2015,March
5773,5773,2015-03-28,LimeRoad.com,,,,Private Equity,282.6,matrix partner,bessemer venture partner,2015,March
5774,5774,2015-03-28,LimeRoad.com,,,,Private Equity,282.6,lightspeed venture partners,lightspeed venture partners india,2015,March
5775,5775,2015-03-28,Team Indus,,,,Private Equity,14.13,nan nilekani,il,2015,March
5776,5776,2015-03-28,Team Indus,,,,Private Equity,14.13,rajiv mody,rajiv c mody,2015,March
5777,5777,2015-03-28,Team Indus,,,,Private Equity,14.13,ajai chowdhary,ajai chowdhry,2015,March
5778,5778,2015-03-30,Arohan Financial Services,,,,Private Equity,94.2,tano capital,now capital,2015,March
5779,5779,2015-03-30,BillDesk,,,,Private Equity,706.5,ta associates,new enterprise associates nea,2015,March
5780,5780,2015-03-31,Triphobo,,,,Private Equity,28.26,mayfield ventures,mayfield,2015,March
5781,5781,2015-03-31,Triphobo,,,,Private Equity,28.26,kalaari capital,romulus capital  kalaari capital,2015,March
5782,5782,2015-03-31,Aryaka,,,,Private Equity,150.72,trinity ventures,breakthrough energy ventures,2015,March
5783,5783,2015-03-31,Aryaka,,,,Private Equity,150.72,interwest partners,rwe,2015,March
5784,5784,2015-03-31,Aryaka,,,,Private Equity,150.72,mohr davidow ventures,rps ventures,2015,March
5785,5785,2015-03-31,Aryaka,,,,Private Equity,150.72,presidio ventures,breakthrough energy ventures,2015,March
5786,5786,2015-03-31,Appsdaily,,,,Private Equity,150.72,zodius capital,trifecta capital advisors,2015,March
5787,5787,2015-03-31,Appsdaily,,,,Private Equity,150.72,runet,runet south asia,2015,March
5788,5788,2015-03-31,Appsdaily,,,,Private Equity,150.72,kalaari capital,romulus capital  kalaari capital,2015,March
5789,5789,2015-03-31,Appsdaily,,,,Private Equity,150.72,xc2xa0 qualcomm ventures,qualcomm ventures,2015,March
5790,5790,2015-02-02,Faaya,,,,Seed\\nFunding,0.156372,group of angel investors,group of investors,2015,February
5791,5791,2015-02-02,InstaBounce,,,,Seed\\nFunding,0.156372,group of angel investors,group of investors,2015,February
5792,5792,2015-02-02,Chloroplast Foods,,,,Seed\\nFunding,0.156372,group of angel investors,group of investors,2015,February
5793,5793,2015-02-02,Dealwithus,,,,Seed\\nFunding,0.156372,group of angel investors,group of investors,2015,February
5794,5794,2015-02-02,CleverSharks,,,,Seed\\nFunding,0.156372,group of angel investors,group of investors,2015,February
5795,5795,2015-02-02,Leaf,,,,Seed\\nFunding,0.156372,group of angel investors,group of investors,2015,February
5796,5796,2015-02-02,SmartPocket,,,,Seed\\nFunding,2.355,sol primero,sol primero,2015,February
5797,5797,2015-02-02,SmartPocket,,,,Seed\\nFunding,2.355,rajiv mehta,seep mehta family office,2015,February
5798,5798,2015-02-02,Yumist,,,,Private Equity,9.42,orios venture partner,orios venture partners,2015,February
5799,5799,2015-02-02,NowFloats,,,,Private Equity,0.0,omidyar network,omidyar networks,2015,February
5800,5800,2015-02-02,FirstCry,,,,Private Equity,244.92,indian angel network,india quotient  letsventures angel fund,2015,February
5801,5801,2015-02-02,Ola,,,,Seed\\nFunding,3.0615,india quotient,india quotient  letsventures angel fund,2015,February
5802,5802,2015-02-03,Frsh.co.in,,,,Seed\\nFunding,4.87956,india quotient,india quotient  letsventures angel fund,2015,February
5803,5803,2015-02-03,Frsh.co.in,,,,Seed\\nFunding,4.87956,kae capital,vc firms india quotient  kae capital,2015,February
5804,5804,2015-02-03,Manthan,,,,Private Equity,565.2,temasek,info edge india ltd  temasek,2015,February
5805,5805,2015-02-03,Manthan,,,,Private Equity,565.2,norwest venture partners,rwe,2015,February
5806,5806,2015-02-05,Kobster.com,,,,Seed\\nFunding,0.0,splice advisors,sathguru catalyzer advisors,2015,February
5807,5807,2015-02-05,Culture Machine,,,,Private Equity,169.56,tiger global,ping an global voyager fund,2015,February
5808,5808,2015-02-05,Culture Machine,,,,Private Equity,169.56,times internet,times internet ltd,2015,February
5809,5809,2015-02-05,Culture Machine,,,,Private Equity,169.56,zodius capital,trifecta capital advisors,2015,February
5810,5810,2015-02-05,Paytm,,,,Private Equity,0.0,ant financial services alipay,ant financial,2015,February
5811,5811,2015-02-05,Aisle.co,,,,Seed\\nFunding,0.942,an vijay,vijay an,2015,February
5812,5812,2015-02-05,Aisle.co,,,,Seed\\nFunding,0.942,shashank mehrotra,shashank mehrotra,2015,February
5813,5813,2015-02-05,Aisle.co,,,,Seed\\nFunding,0.942,others,other,2015,February
5814,5814,2015-02-06,FreeCharge,,,,Private Equity,753.6,indian angel network,india quotient  letsventures angel fund,2015,February
5815,5815,2015-02-06,FreeCharge,,,,Private Equity,753.6,tybourne capital,trifecta capital advisors,2015,February
5816,5816,2015-02-06,FreeCharge,,,,Private Equity,753.6,sequoia capital,quona capital,2015,February
5817,5817,2015-02-06,FreeCharge,,,,Private Equity,753.6,runet  sofina,sofina,2015,February
5818,5818,2015-02-06,NewsHunt,,,,Private Equity,376.8,falcon edge capital,alcon edge capital,2015,February
5819,5819,2015-02-06,NewsHunt,,,,Private Equity,376.8,matrix partner,bessemer venture partner,2015,February
5820,5820,2015-02-06,NewsHunt,,,,Private Equity,376.8,sequoia capital,quona capital,2015,February
5821,5821,2015-02-09,MyNoticePeriod,,,,Private Equity,28.26,idg ventures,idg venture,2015,February
5822,5822,2015-02-09,CarDekho.com,,,,Private Equity,0.0,ratan tata,rata tata,2015,February
5823,5823,2015-02-09,Faasoxe2x80x99s,,,,Private Equity,188.4,lightbox ventures,lightbox ventures  others,2015,February
5824,5824,2015-02-10,CarTrade.com,,,,Private Equity,0.0,chip perry,chip perry,2015,February
5825,5825,2015-02-10,StoreKing,,,,Private Equity,0.0,mangrove capital partners,mangroves capital partners,2015,February
5826,5826,2015-02-11,Capital Float,,,,Private Equity,122.46,saif partners,saif partners  lgt impact ventures,2015,February
5827,5827,2015-02-11,Capital Float,,,,Private Equity,122.46,sequoia capital,quona capital,2015,February
5828,5828,2015-02-11,Capital Float,,,,Private Equity,122.46,aspada,aspada investment,2015,February
5829,5829,2015-02-11,Nimble Wireless,,,,Seed\\nFunding,28.26,angelprime,angelprime,2015,February
5830,5830,2015-02-11,Townscript,,,,Seed\\nFunding,0.0,group of angel investors,group of investors,2015,February
5831,5831,2015-02-11,FindYahan,,,,Seed\\nFunding,0.0,karan bajwa,karan bajwa,2015,February
5832,5832,2015-02-11,FindYahan,,,,Seed\\nFunding,0.0,parvesh bareja,parvesh bareja,2015,February
5833,5833,2015-02-11,FindYahan,,,,Seed\\nFunding,0.0,sunjay kapur,sunjay kapoor  telama investment,2015,February
5834,5834,2015-02-11,FindYahan,,,,Seed\\nFunding,0.0,amanpreet bajaj,amanpreet bajaj,2015,February
5835,5835,2015-02-12,Stayzilla,,,,Private Equity,188.4,nexus venture partners,norwest venture partners,2015,February
5836,5836,2015-02-12,Stayzilla,,,,Private Equity,188.4,matrix partner,bessemer venture partner,2015,February
5837,5837,2015-02-12,Practo,,,,Private Equity,282.6,sequoia capital,quona capital,2015,February
5838,5838,2015-02-12,Practo,,,,Private Equity,282.6,matrix partner,bessemer venture partner,2015,February
5839,5839,2015-02-13,CimplyFive,,,,Seed\\nFunding,0.0,suresh senapaty,suresh senapaty,2015,February
5840,5840,2015-02-13,CimplyFive,,,,Seed\\nFunding,0.0,tv mohas pai,t v mohas pai,2015,February
5841,5841,2015-02-13,20Dresses,,,,Seed\\nFunding,9.42,srinivas aluri,srinivas aluri,2015,February
5842,5842,2015-02-13,20Dresses,,,,Seed\\nFunding,9.42,srinivas modukury,srinivas modukury,2015,February
5843,5843,2015-02-13,20Dresses,,,,Seed\\nFunding,9.42,bs nagesh,b s nagesh,2015,February
5844,5844,2015-02-13,Itzcash,,,,Private Equity,155.43,ashok goel promoter,atul goel,2015,February
5845,5845,2015-02-16,NewsInShorts,,,,Private Equity,39.093,tiger global,ping an global voyager fund,2015,February
5846,5846,2015-02-16,NewsInShorts,,,,Private Equity,39.093,rebright partners,redbright partners,2015,February
5847,5847,2015-02-16,NewsInShorts,,,,Private Equity,39.093,sachin  binny bansal,binny bansal,2015,February
5848,5848,2015-02-16,iTraveller.com,,,,Private Equity,9.42,ah ventures,fao ventures,2015,February
5849,5849,2015-02-17,NextGen,,,,Seed\\nFunding,0.0,mumbai angels,mumbai angel,2015,February
5850,5850,2015-02-17,NextGen,,,,Seed\\nFunding,0.0,group of other investors,group of investors,2015,February
5851,5851,2015-02-18,Wooplr.com,,,,Private Equity,47.1,helion venture partners,helion ventures partners,2015,February
5852,5852,2015-05-19,Springleap,,,,Seed\\nFunding,7.536,cross border angels,director at byramjee jeejeebhoy pvt ltd were among the angels,2015,May
5853,5853,2015-02-20,Klip.in,,,,Seed\\nFunding,4.71,calcutta angels,calcutta angels network can,2015,February
5854,5854,2015-02-20,Klip.in,,,,Seed\\nFunding,4.71,venture nursery angels mumbai angels,mumbai angels,2015,February
5855,5855,2015-02-20,Renderlogy,,,,Private Equity,15.072,brick eagle,brick eagle,2015,February
5856,5856,2015-02-21,Appbase,,,,Seed\\nFunding,2.7318,daiict,daiict,2015,February
5857,5857,2015-02-21,Appbase,,,,Seed\\nFunding,2.7318,techstars,techstars ventures,2015,February
5858,5858,2015-02-21,Appbase,,,,Seed\\nFunding,2.7318,carnegie mellon university,carnegie mellon university,2015,February
5859,5859,2015-02-21,Appbase,,,,Seed\\nFunding,2.7318,startup brasil program,startup buddy,2015,February
5860,5860,2015-02-23,HomeLane,,,,Private Equity,42.39,sequoia capital,quona capital,2015,February
5861,5861,2015-02-23,HomeLane,,,,Private Equity,42.39,ranjan pai,dr ranjan pai,2015,February
5862,5862,2015-02-23,HomeLane,,,,Private Equity,42.39,mohas pai,tv mohas pai,2015,February
5863,5863,2015-02-23,HomeLane,,,,Private Equity,42.39,others,other,2015,February
5864,5864,2015-02-23,Trip38,,,,Private Equity,9.42,interglobe technology quotient,quotient,2015,February
5865,5865,2015-02-23,Trip38,,,,Private Equity,9.42,lantern capital,learn capital,2015,February
5866,5866,2015-02-23,Smartairtrip.com,,,,Private Equity,94.2,undisclosed,undisclosed,2015,February
5867,5867,2015-02-23,NoBroker,,,,Private Equity,28.26,saif partners,saif partners  lgt impact ventures,2015,February
5868,5868,2015-02-23,NoBroker,,,,Private Equity,28.26,fulcrum ventures,breakthrough energy ventures,2015,February
5869,5869,2015-02-24,Caravan Craft Retail,,,,Seed\\nFunding,4.71,unitus seed fundnnarayan ramachran,unitus seed fund,2015,February
5870,5870,2015-02-24,Caravan Craft Retail,,,,Seed\\nFunding,4.71,bijou kurien,bijou kurien,2015,February
5871,5871,2015-02-25,SquadRun,,,,Seed\\nFunding,0.0,amit ranjan,xc2xa0 amit ranjan,2015,February
5872,5872,2015-02-25,SquadRun,,,,Seed\\nFunding,0.0,deepinder goyal,sunil goyal ashish gupta,2015,February
5873,5873,2015-02-25,SquadRun,,,,Seed\\nFunding,0.0,zishaan hayath,zishan hayath,2015,February
5874,5874,2015-02-25,SquadRun,,,,Seed\\nFunding,0.0,powai lake ventures,rps ventures,2015,February
5875,5875,2015-02-25,Clonect Solutions,,,,Seed\\nFunding,2.355,v balakrishnan,al nour international holdings  mark v investments,2015,February
5876,5876,2015-02-25,Clonect Solutions,,,,Seed\\nFunding,2.355,t v mohas pai,tv mohas pai,2015,February
5877,5877,2015-02-25,Clonect Solutions,,,,Seed\\nFunding,2.355,bc prabhakar,sreevathsa prabhakar,2015,February
5878,5878,2015-02-25,TaxSutra,,,,Seed\\nFunding,1.5072,v balakrishnan,al nour international holdings  mark v investments,2015,February
5879,5879,2015-02-25,TaxSutra,,,,Seed\\nFunding,1.5072,t v mohas pai,tv mohas pai,2015,February
5880,5880,2015-02-25,PepperTap,,,,Seed\\nFunding,0.0,sequoia capital,quona capital,2015,February
5881,5881,2015-02-25,Sattviko,,,,Seed\\nFunding,3.0144,sumit jain,aj ventures  jain international trade organisation jito,2015,February
5882,5882,2015-02-25,Sattviko,,,,Seed\\nFunding,3.0144,rajat jain,aj ventures  jain international trade organisation jito,2015,February
5883,5883,2015-02-25,Sattviko,,,,Seed\\nFunding,3.0144,sanjay bhasin,sanjay bhasin,2015,February
5884,5884,2015-02-25,IndustryBuying,,,,Private Equity,18.84,saif partners,saif partners  lgt impact ventures,2015,February
5885,5885,2015-02-26,FreshWorld,,,,Seed\\nFunding,0.0,kris gopalakrishnan,kris gopalkrishnan,2015,February
5886,5886,2015-02-26,FreshWorld,,,,Seed\\nFunding,0.0,nagaraja prakasam,nagaraja prakasam,2015,February
5887,5887,2015-02-26,TinyOwl,,,,Private Equity,150.72,matrix partner,bessemer venture partner,2015,February
5888,5888,2015-02-26,TinyOwl,,,,Private Equity,150.72,sequoia capital,quona capital,2015,February
5889,5889,2015-02-26,TinyOwl,,,,Private Equity,150.72,nexus venture partners,norwest venture partners,2015,February
5890,5890,2015-02-27,Momoe,,,,Seed\\nFunding,11.304,idg ventures india,dg ventures india,2015,February
5891,5891,2015-02-27,Momoe,,,,Seed\\nFunding,11.304,jungle ventures,lakestar  jungle ventures,2015,February
5892,5892,2015-02-27,Momoe,,,,Seed\\nFunding,11.304,india quotient,india quotient  letsventures angel fund,2015,February
5893,5893,2015-02-27,Grofers,,,,Private Equity,94.2,tiger global,ping an global voyager fund,2015,February
5894,5894,2015-02-27,Grofers,,,,Private Equity,94.2,sequoia capital,quona capital,2015,February
5895,5895,2015-01-02,LensKart,,,,Private Equity,20.253,tpg growth,tpg,2015,January
5896,5896,2015-01-02,LensKart,,,,Private Equity,20.253,tr capital,br capital,2015,January
5897,5897,2015-01-02,LensKart,,,,Private Equity,20.253,idg ventures,idg venture,2015,January
5898,5898,2015-01-02,VioletStreet,,,,Seed\\nFunding,2.9673,venkat vallabhneni,venkat vallabhaneni,2015,January
5899,5899,2015-01-02,VioletStreet,,,,Seed\\nFunding,2.9673,sudhakar reddy,amrendra reddy  manish satnaliwala,2015,January
5900,5900,2015-01-02,VioletStreet,,,,Seed\\nFunding,2.9673,srinivasa rao paturi,shailesh rao,2015,January
5901,5901,2015-01-05,Lookup,,,,Seed\\nFunding,3.5796,dena co,dena,2015,January
5902,5902,2015-01-05,Lookup,,,,Seed\\nFunding,3.5796,japan,japan vyas,2015,January
5903,5903,2015-01-05,Lookup,,,,Seed\\nFunding,3.5796,teruhide sato in addition to mks switzerl,teruhide sato,2015,January
5904,5904,2015-01-05,Lookup,,,,Seed\\nFunding,3.5796,kris gopalkrishnan,kris gopalakrishnan,2015,January
5905,5905,2015-01-05,#Fame,,,,Private Equity,94.2,to the new ventures,rps ventures,2015,January
5906,5906,2015-01-05,Gympik,,,,Seed Funding,1.2717,tom clausen,tom clausen,2015,January
5907,5907,2015-01-05,Gympik,,,,Seed Funding,1.2717,rohan ajila,rohan agila,2015,January
5908,5908,2015-01-05,Gympik,,,,Seed Funding,1.2717,haldyn glass,haldyn glass,2015,January
5909,5909,2015-01-06,Near.in,,,,Seed Funding,2.6847,anupam mittal,ajay relan  vinay mittal,2015,January
5910,5910,2015-01-06,Near.in,,,,Seed Funding,2.6847,manish vij,amrendra reddy  manish satnaliwala,2015,January
5911,5911,2015-01-06,Near.in,,,,Seed Funding,2.6847,prashant ton,prashant gupta  others,2015,January
5912,5912,2015-01-06,Near.in,,,,Seed Funding,2.6847,gaurav agarwal,gaurav suri  ankit kesarwani,2015,January
5913,5913,2015-01-06,Near.in,,,,Seed Funding,2.6847,akash agarwal,kaushal agarwal,2015,January
5914,5914,2015-01-06,Near.in,,,,Seed Funding,2.6847,himanshu aggarwal,himanshu aggrawal,2015,January
5915,5915,2015-01-06,Near.in,,,,Seed Funding,2.6847,kevin parikh,kevin parikh,2015,January
5916,5916,2015-01-06,Purplle.com,,,,Private Equity,0.0,ivycap ventures,ivycamp ventures,2015,January
5917,5917,2015-01-06,NumberMall,,,,Private Equity,94.2,sri capital,br capital,2015,January
5918,5918,2015-01-06,Tookitaki,,,,Private\\nEquity,9.42,jungle ventures,lakestar  jungle ventures,2015,January
5919,5919,2015-01-06,Tookitaki,,,,Private\\nEquity,9.42,redbright partners,rebright partners,2015,January
5920,5920,2015-01-06,Tookitaki,,,,Private\\nEquity,9.42,blume ventures,blume ventures  rtp global,2015,January
5921,5921,2015-01-06,Frankly,,,,Seed Funding,5.652,matrix partner,bessemer venture partner,2015,January
5922,5922,2015-01-07,Faircent,,,,Seed Funding,0.0,devesh sachdev,devesh sachdev,2015,January
5923,5923,2015-01-07,Faircent,,,,Seed Funding,0.0,ashish tiwari,sunil goyal ashish gupta,2015,January
5924,5924,2015-01-07,Nurturey,,,,Crowd funding,1.1775,seedrs crowd funding platform,enablers platform,2015,January
5925,5925,2015-01-07,Bewakoof,,,,Seed Funding,0.0,rohit bansal,rohit,2015,January
5926,5926,2015-01-07,Bewakoof,,,,Seed Funding,0.0,kunal bahl,kunal shah  manish patel,2015,January
5927,5927,2015-01-07,Bewakoof,,,,Seed Funding,0.0,nikhil vora,il,2015,January
5928,5928,2015-01-07,Stridalyzer,,,,Crowd Funding,0.28983456,kickstarter,kickstarter,2015,January
5929,5929,2015-01-07,Commonfloor,,,,Private Equity,47.1,google capital,google,2015,January
5930,5930,2015-01-09,Sokrati,,,,Private Equity,0.0,ivycap ventures,ivycamp ventures,2015,January
5931,5931,2015-01-09,Sokrati,,,,Private Equity,0.0,inventus capital,xc2xa0 inventus capital,2015,January
5932,5932,2015-01-09,YepMe,,,,Private Equity,122.46,js capital,js capital management,2015,January
5933,5933,2015-01-09,YepMe,,,,Private Equity,122.46,helion venture partners,helion ventures partners,2015,January
5934,5934,2015-01-09,YepMe,,,,Private Equity,122.46,capricorn investment group,capricorn investment  ifc,2015,January
5935,5935,2015-01-09,TapCibo,,,,Seed Funding,0.0,alok goel,alok mittal  sachin bhatia,2015,January
5936,5936,2015-01-12,Verayu,,,,Private Equity,0.0,gwb group,manipal education  medical group memg,2015,January
5937,5937,2015-01-12,Verayu,,,,Private Equity,0.0,blume ventures,blume ventures  rtp global,2015,January
5938,5938,2015-01-12,MyDreamStore,,,,Seed Funding,2.7318,undisclosed,undisclosed,2015,January
5939,5939,2015-01-13,AppVirality,,,,Seed Funding,0.0,rajan anan,rajan anan from google,2015,January
5940,5940,2015-01-13,AppVirality,,,,Seed Funding,0.0,mike galgon,mike galgon,2015,January
5941,5941,2015-01-13,AppVirality,,,,Seed Funding,0.0,ashim mehra,ashim mehra,2015,January
5942,5942,2015-01-13,AppVirality,,,,Seed Funding,0.0,mohit saxena,xc2xa0 mohit saxena,2015,January
5943,5943,2015-01-13,AppVirality,,,,Seed Funding,0.0,ravi gururaj,singularity ventures  ravi dhariwal,2015,January
5944,5944,2015-01-13,AppVirality,,,,Seed Funding,0.0,tnn capital,tnn capital  others,2015,January
5945,5945,2015-01-13,AppVirality,,,,Seed Funding,0.0,iig,iig,2015,January
5946,5946,2015-01-14,RateGain,,,,Private Equity,471.0,ta associates,new enterprise associates nea,2015,January
5947,5947,2015-01-15,Wishberry,,,,Seed Funding,6.123,rajan anan,rajan anan from google,2015,January
5948,5948,2015-01-15,Wishberry,,,,Seed Funding,6.123,shankar mahadevan,shankar mahadevan,2015,January
5949,5949,2015-01-15,Wishberry,,,,Seed Funding,6.123,deep kalra,deep kalra,2015,January
5950,5950,2015-01-15,Wishberry,,,,Seed Funding,6.123,others,other,2015,January
5951,5951,2015-01-16,eKincare,,,,Seed Funding,1.51662,adroitent pvt ltd,spring canter investment ltd,2015,January
5952,5952,2015-01-18,ShopClues,,,,Private Equity,942.0,tiger global,ping an global voyager fund,2015,January
5953,5953,2015-01-18,ShopClues,,,,Private Equity,942.0,other investors,other angel investors,2015,January
5954,5954,2015-01-19,Refiral,,,,Seed Funding,3.1086,cogent e services,oncotrust  medintel services pvt ltd,2015,January
5955,5955,2015-01-19,Ping Digital,,,,Seed Funding,0.0,consortium of angel investors,angel investors,2015,January
5956,5956,2015-01-19,HealthyWorld.in,,,,Seed Funding,1.884,group of angel investors,group of investors,2015,January
5957,5957,2015-01-19,Hostel Dunia,,,,Seed Funding,0.15072,hyderabad angels at startup heroes event,hyderabad angels,2015,January
5958,5958,2015-01-19,Play your sport,,,,Seed Funding,0.15072,hyderabad angels at startup heroes event,hyderabad angels,2015,January
5959,5959,2015-01-19,Yo Grad,,,,Seed Funding,0.15072,hyderabad angels at startup heroes event,hyderabad angels,2015,January
5960,5960,2015-01-19,Enabli,,,,Seed Funding,0.15072,hyderabad angels at startup heroes event,hyderabad angels,2015,January
5961,5961,2015-01-19,CBS,,,,Seed Funding,0.15072,hyderabad angels at startup heroes event,hyderabad angels,2015,January
5962,5962,2015-01-20,Hopscotch,,,,Private Equity,103.62,eduardo saverin,eduardo saverin,2015,January
5963,5963,2015-01-20,Hopscotch,,,,Private Equity,103.62,velos capital,trifecta capital advisors,2015,January
5964,5964,2015-01-20,Amagi Media Labs,,,,Private Equity,0.0,premji invest,premjiinvest,2015,January
5965,5965,2015-01-20,Amagi Media Labs,,,,Private Equity,0.0,mayfield fund,mayfield,2015,January
5966,5966,2015-01-20,HealthyWorld.in,,,,Seed Funding,1.884,group of angel investors,group of investors,2015,January
5967,5967,2015-01-21,Simplilearn,,,,Private Equity,138.945,mayfield india,mayfield,2015,January
5968,5968,2015-01-21,Simplilearn,,,,Private Equity,138.945,kalaari capital,romulus capital  kalaari capital,2015,January
5969,5969,2015-01-21,Simplilearn,,,,Private Equity,138.945,helion ventures,helion venture,2015,January
5970,5970,2015-01-21,MyDreamStore,,,,Seed Funding,3.0615,undisclosed,undisclosed,2015,January
5971,5971,2015-05-21,Knit,,,,Seed Funding,0.0,rohit jain,rohit,2015,May
5972,5972,2015-05-21,Knit,,,,Seed Funding,0.0,amit rambhia,amit singhal  unitus seed fund,2015,May
5973,5973,2015-05-21,Knit,,,,Seed Funding,0.0,others,other,2015,May
5974,5974,2015-05-21,Villgro,,,,Seed Funding,30.615,michael,michael patrick hickey,2015,May
5975,5975,2015-05-21,Villgro,,,,Seed Funding,30.615,susan dell foundation,michael  susan dell foundation,2015,May
5976,5976,2015-01-22,Corporate360,,,,Seed Funding,1.884,group of angel investors,group of investors,2015,January
5977,5977,2015-01-22,Freshmonk,,,,Seed Funding,0.0,august capital partners,axis capital partners,2015,January
5978,5978,2015-01-22,Freshmonk,,,,Seed Funding,0.0,michael blakey,michael,2015,January
5979,5979,2015-01-22,Englishleap.com,,,,Private Equity,0.0,analec,analec,2015,January
5980,5980,2015-01-22,Antuit,,,,Private Equity,527.52,goldman sachs,goldman sachs group,2015,January
5981,5981,2015-01-22,Antuit,,,,Private Equity,527.52,zodius capital,trifecta capital advisors,2015,January
5982,5982,2015-01-22,Caratlane.com,,,,Private Equity,292.02,tiger global,ping an global voyager fund,2015,January
5983,5983,2015-01-24,Aasaanjobs,,,,Seed Funding,14.13,inventus capital partners,inventus capital,2015,January
5984,5984,2015-01-24,Aasaanjobs,,,,Seed Funding,14.13,idg ventures,idg venture,2015,January
5985,5985,2015-01-24,Impartus,,,,Private Equity,0.0,kaizen private equity,omidyar network  kaizen private equity also participated in the round,2015,January
5986,5986,2015-01-25,Thrill App,,,,Private Equity,9.42,people group shaadicom,manipal education  medical group memg,2015,January
5987,5987,2015-01-27,CarDekho.com,,,,Private Equity,471.0,hillhouse capital,lok capital,2015,January
5988,5988,2015-01-27,CarDekho.com,,,,Private Equity,471.0,tybourne capital,trifecta capital advisors,2015,January
5989,5989,2015-01-28,Grabhouse.com,,,,Private Equity,23.55,kalaari capital,romulus capital  kalaari capital,2015,January
5990,5990,2015-01-28,Grabhouse.com,,,,Private Equity,23.55,sequoia capital,quona capital,2015,January
5991,5991,2015-01-29,Printvenue,,,,Private Equity,42.39,asia pacific internet group,internet group,2015,January
5992,5992,2015-01-29,Graphene,,,,Private Equity,7.7715,karsemven fund,ping an global voyager fund,2015,January
5993,5993,2015-01-30,Mad Street Den,,,,Private Equity,14.13,exfinity fund,ping an global voyager fund,2015,January
5994,5994,2015-01-30,Mad Street Den,,,,Private Equity,14.13,growx ventures,growx,2015,January
5995,5995,2015-01-30,Simplotel,,,,Private Equity,0.0,makemytrip,makemytrip limited,2015,January
5996,5996,2015-01-31,couponmachine.in,,,,Seed Funding,1.3188,uk based group of angel investors,group of angel investors,2015,January
